#pragma once
#include <cstddef>

namespace RetroUI
{
inline constexpr size_t cairoPixelFontSize = 94184;
inline const unsigned char cairoPixelFontData[] = {
    0x00, 0x01, 0x00, 0x00, 0x00, 0x0c, 0x00, 0x80, 0x00, 0x03, 0x00, 0x40, 0x4f, 0x53, 0x2f, 0x32,
    0x62, 0x60, 0xf3, 0x9f, 0x00, 0x00, 0x01, 0x48, 0x00, 0x00, 0x00, 0x60, 0x53, 0x56, 0x47, 0x20,
    0x00, 0x0a, 0x00, 0x00, 0x00, 0x01, 0x6f, 0xdc, 0x00, 0x00, 0x00, 0x0c, 0x63, 0x6d, 0x61, 0x70,
    0x70, 0x36, 0x3d, 0x0b, 0x00, 0x00, 0x0f, 0xb8, 0x00, 0x00, 0x0d, 0xa0, 0x67, 0x61, 0x73, 0x70,
    0xff, 0xff, 0x00, 0x01, 0x00, 0x01, 0x6f, 0xd4, 0x00, 0x00, 0x00, 0x08, 0x67, 0x6c, 0x79, 0x66,
    0x54, 0xdd, 0x8d, 0x9a, 0x00, 0x00, 0x24, 0x64, 0x00, 0x01, 0x2c, 0x48, 0x68, 0x65, 0x61, 0x64,
    0x2c, 0x62, 0x46, 0x1f, 0x00, 0x00, 0x00, 0xcc, 0x00, 0x00, 0x00, 0x36, 0x68, 0x68, 0x65, 0x61,
    0x05, 0xdf, 0x06, 0x85, 0x00, 0x00, 0x01, 0x04, 0x00, 0x00, 0x00, 0x24, 0x68, 0x6d, 0x74, 0x78,
    0xf6, 0x9f, 0xfd, 0x40, 0x00, 0x00, 0x01, 0xa8, 0x00, 0x00, 0x0e, 0x10, 0x6c, 0x6f, 0x63, 0x61,
    0x25, 0x23, 0xd9, 0xcc, 0x00, 0x00, 0x1d, 0x58, 0x00, 0x00, 0x07, 0x0a, 0x6d, 0x61, 0x78, 0x70,
    0x03, 0x93, 0x00, 0x3f, 0x00, 0x00, 0x01, 0x28, 0x00, 0x00, 0x00, 0x20, 0x6e, 0x61, 0x6d, 0x65,
    0x37, 0x61, 0x6a, 0x99, 0x00, 0x01, 0x50, 0xac, 0x00, 0x00, 0x02, 0xc6, 0x70, 0x6f, 0x73, 0x74,
    0x84, 0x20, 0x35, 0x87, 0x00, 0x01, 0x53, 0x74, 0x00, 0x00, 0x1c, 0x5d, 0x00, 0x01, 0x00, 0x00,
    0x00, 0x01, 0x00, 0x00, 0x81, 0xa8, 0xa3, 0x94, 0x5f, 0x0f, 0x3c, 0xf5, 0x00, 0x0b, 0x04, 0x00,
    0x00, 0x00, 0x00, 0x00, 0xe5, 0x60, 0xd2, 0xaf, 0x00, 0x00, 0x00, 0x00, 0xe5, 0x62, 0x30, 0x33,
    0xff, 0xc0, 0xff, 0x40, 0x02, 0xc0, 0x03, 0x00, 0x00, 0x00, 0x00, 0x08, 0x00, 0x02, 0x00, 0x00,
    0x00, 0x00, 0x00, 0x00, 0x00, 0x01, 0x00, 0x00, 0x03, 0x00, 0xff, 0x40, 0x00, 0x5c, 0x04, 0x00,
    0xff, 0xc0, 0xff, 0xc0, 0x02, 0xc0, 0x00, 0x01, 0x00, 0x00, 0x00, 0x00, 0x00, 0x00, 0x00, 0x00,
    0x00, 0x00, 0x00, 0x00, 0x00, 0x00, 0x03, 0x84, 0x00, 0x01, 0x00, 0x00, 0x03, 0x84, 0x00, 0x3e,
    0x00, 0x0e, 0x00, 0x00, 0x00, 0x00, 0x00, 0x01, 0x00, 0x00, 0x00, 0x00, 0x00, 0x00, 0x00, 0x00,
    0x00, 0x00, 0x00, 0x00, 0x00, 0x00, 0x00, 0x00, 0x00, 0x03, 0x01, 0xb2, 0x01, 0xf4, 0x00, 0x05,
    0x00, 0x00, 0x02, 0x99, 0x02, 0xcc, 0x00, 0x00, 0x00, 0x8f, 0x02, 0x99, 0x02, 0xcc, 0x00, 0x00,
    0x01, 0xeb, 0x00, 0x33, 0x01, 0x09, 0x00, 0x00, 0x02, 0x00, 0x06, 0x03, 0x00, 0x00, 0x00, 0x00,
    0x00, 0x00, 0xa0, 0x00, 0x02, 0x8f, 0x02, 0x00, 0x00, 0x02, 0x00, 0x00, 0x00, 0x00, 0x00, 0x00,
    0x00, 0x00, 0x41, 0x41, 0x4c, 0x20, 0x00, 0x00, 0x00, 0x00, 0xff, 0xff, 0x03, 0x00, 0xff, 0x00,
    0x00, 0x5c, 0x03, 0x00, 0x00, 0xc0, 0x00, 0x00, 0x00, 0x9f, 0x00, 0x00, 0x00, 0x00, 0x01, 0x40,
    0x01, 0xc0, 0x00, 0x00, 0x00, 0x20, 0x00, 0x00, 0x01, 0x80, 0x00, 0x00, 0x00, 0x00, 0x00, 0x00,
    0x01, 0x55, 0x00, 0x00, 0x01, 0x00, 0x00, 0x00, 0x00, 0x80, 0x00, 0x00, 0x01, 0x00, 0x00, 0x00,
    0x01, 0x80, 0x00, 0x00, 0x01, 0xc0, 0x00, 0x00, 0x01, 0x80, 0x00, 0x00, 0x01, 0xc0, 0x00, 0x00,
    0x00, 0x80, 0x00, 0x00, 0x01, 0x00, 0x00, 0x00, 0x01, 0x00, 0x00, 0x00, 0x01, 0x00, 0x00, 0x00,
    0x01, 0x80, 0x00, 0x00, 0x00, 0xc0, 0x00, 0x00, 0x01, 0x00, 0x00, 0x00, 0x00, 0x80, 0x00, 0x00,
    0x01, 0x00, 0x00, 0x00, 0x01, 0xc0, 0x00, 0x00, 0x01, 0x00, 0x00, 0x00, 0x01, 0x80, 0x00, 0x00,
    0x01, 0x80, 0x00, 0x00, 0x01, 0x80, 0x00, 0x00, 0x01, 0x80, 0x00, 0x00, 0x01, 0x80, 0x00, 0x00,
    0x01, 0x80, 0x00, 0x00, 0x01, 0xc0, 0x00, 0x00, 0x01, 0x80, 0x00, 0x00, 0x00, 0x80, 0x00, 0x00,
    0x00, 0xc0, 0x00, 0x00, 0x01, 0x80, 0x00, 0x00, 0x01, 0x40, 0x00, 0x00, 0x01, 0x80, 0x00, 0x00,
    0x01, 0x80, 0x00, 0x00, 0x02, 0x40, 0x00, 0x00, 0x02, 0x00, 0x00, 0x00, 0x01, 0xc0, 0x00, 0x00,
    0x02, 0x00, 0x00, 0x00, 0x02, 0x00, 0x00, 0x00, 0x01, 0xc0, 0x00, 0x00, 0x01, 0xc0, 0x00, 0x00,
    0x02, 0x00, 0x00, 0x00, 0x02, 0x00, 0x00, 0x00, 0x01, 0x00, 0x00, 0x00, 0x01, 0xc0, 0x00, 0x00,
    0x01, 0xc0, 0x00, 0x00, 0x01, 0xc0, 0x00, 0x00, 0x02, 0x80, 0x00, 0x00, 0x02, 0x00, 0x00, 0x00,
    0x02, 0x00, 0x00, 0x00, 0x01, 0xc0, 0x00, 0x00, 0x02, 0x00, 0x00, 0x00, 0x02, 0x00, 0x00, 0x00,
    0x01, 0xc0, 0x00, 0x00, 0x02, 0x00, 0x00, 0x00, 0x02, 0x00, 0x00, 0x00, 0x02, 0x00, 0x00, 0x00,
    0x02, 0x80, 0x00, 0x00, 0x02, 0x00, 0x00, 0x00, 0x02, 0x00, 0x00, 0x00, 0x01, 0x80, 0x00, 0x00,
    0x00, 0xc0, 0x00, 0x00, 0x01, 0x00, 0x00, 0x00, 0x00, 0xc0, 0x00, 0x00, 0x01, 0x00, 0x00, 0x00,
    0x01, 0x00, 0x00, 0x00, 0x00, 0xc0, 0x00, 0x00, 0x01, 0xc0, 0x00, 0x00, 0x01, 0xc0, 0x00, 0x00,
    0x01, 0x80, 0x00, 0x00, 0x01, 0xc0, 0x00, 0x00, 0x01, 0x80, 0x00, 0x00, 0x01, 0x40, 0x00, 0x00,
    0x01, 0xc0, 0x00, 0x00, 0x01, 0xc0, 0x00, 0x00, 0x01, 0x00, 0x00, 0x00, 0x00, 0xc0, 0x00, 0x00,
    0x01, 0xc0, 0x00, 0x00, 0x01, 0x00, 0x00, 0x00, 0x02, 0x80, 0x00, 0x00, 0x01, 0xc0, 0x00, 0x00,
    0x01, 0x80, 0x00, 0x00, 0x01, 0xc0, 0x00, 0x00, 0x01, 0xc0, 0x00, 0x00, 0x01, 0x80, 0x00, 0x00,
    0x01, 0x80, 0x00, 0x00, 0x01, 0x40, 0x00, 0x00, 0x01, 0xc0, 0x00, 0x00, 0x01, 0x80, 0x00, 0x00,
    0x02, 0x00, 0x00, 0x00, 0x01, 0x80, 0x00, 0x00, 0x01, 0x80, 0x00, 0x00, 0x01, 0x80, 0x00, 0x00,
    0x01, 0x00, 0x00, 0x00, 0x00, 0x80, 0x00, 0x00, 0x01, 0x00, 0x00, 0x00, 0x01, 0x80, 0x00, 0x00,
    0x01, 0x00, 0x00, 0x00, 0x00, 0x80, 0x00, 0x00, 0x01, 0x80, 0x00, 0x00, 0x01, 0x80, 0x00, 0x00,
    0x01, 0x80, 0x00, 0x00, 0x02, 0x00, 0x00, 0x00, 0x00, 0x80, 0x00, 0x00, 0x01, 0x40, 0x00, 0x00,
    0x01, 0x00, 0x00, 0x00, 0x02, 0x00, 0x00, 0x00, 0x01, 0x40, 0x00, 0x00, 0x01, 0x80, 0x00, 0x00,
    0x01, 0x40, 0x00, 0x00, 0x02, 0x00, 0x00, 0x00, 0x01, 0x00, 0x00, 0x00, 0x01, 0x40, 0x00, 0x00,
    0x01, 0x80, 0x00, 0x00, 0x01, 0x00, 0x00, 0x00, 0x01, 0x00, 0x00, 0x00, 0x00, 0xc0, 0x00, 0x00,
    0x01, 0xc0, 0x00, 0x00, 0x01, 0xc0, 0x00, 0x00, 0x00, 0x80, 0x00, 0x00, 0x00, 0xc0, 0x00, 0x00,
    0x01, 0x00, 0x00, 0x00, 0x01, 0x00, 0x00, 0x00, 0x01, 0x80, 0x00, 0x00, 0x02, 0x80, 0x00, 0x00,
    0x02, 0x80, 0x00, 0x00, 0x02, 0x80, 0x00, 0x00, 0x01, 0x80, 0x00, 0x00, 0x02, 0x00, 0x00, 0x00,
    0x02, 0x00, 0x00, 0x00, 0x02, 0x00, 0x00, 0x00, 0x02, 0x00, 0x00, 0x00, 0x02, 0x00, 0x00, 0x00,
    0x02, 0x00, 0x00, 0x00, 0x02, 0x80, 0x00, 0x00, 0x02, 0x00, 0x00, 0x00, 0x01, 0xc0, 0x00, 0x00,
    0x01, 0xc0, 0x00, 0x00, 0x01, 0xc0, 0x00, 0x00, 0x01, 0xc0, 0x00, 0x00, 0x01, 0x00, 0x00, 0x00,
    0x01, 0x00, 0x00, 0x00, 0x01, 0x00, 0x00, 0x00, 0x01, 0x00, 0x00, 0x00, 0x02, 0x00, 0x00, 0x00,
    0x02, 0x00, 0x00, 0x00, 0x02, 0x00, 0x00, 0x00, 0x02, 0x00, 0x00, 0x00, 0x02, 0x00, 0x00, 0x00,
    0x02, 0x00, 0x00, 0x00, 0x02, 0x00, 0x00, 0x00, 0x01, 0x80, 0x00, 0x00, 0x02, 0x00, 0x00, 0x00,
    0x02, 0x00, 0x00, 0x00, 0x02, 0x00, 0x00, 0x00, 0x02, 0x00, 0x00, 0x00, 0x02, 0x00, 0x00, 0x00,
    0x02, 0x00, 0x00, 0x00, 0x01, 0xc0, 0x00, 0x00, 0x02, 0x00, 0x00, 0x00, 0x01, 0xc0, 0x00, 0x00,
    0x01, 0xc0, 0x00, 0x00, 0x01, 0xc0, 0x00, 0x00, 0x01, 0xc0, 0x00, 0x00, 0x01, 0xc0, 0x00, 0x00,
    0x01, 0xc0, 0x00, 0x00, 0x02, 0x80, 0x00, 0x00, 0x01, 0x80, 0x00, 0x00, 0x01, 0x80, 0x00, 0x00,
    0x01, 0x80, 0x00, 0x00, 0x01, 0x80, 0x00, 0x00, 0x01, 0x80, 0x00, 0x00, 0x01, 0x00, 0x00, 0x00,
    0x01, 0x00, 0x00, 0x00, 0x01, 0x00, 0x00, 0x00, 0x01, 0x00, 0x00, 0x00, 0x01, 0x80, 0x00, 0x00,
    0x01, 0xc0, 0x00, 0x00, 0x01, 0x80, 0x00, 0x00, 0x01, 0x80, 0x00, 0x00, 0x01, 0x80, 0x00, 0x00,
    0x01, 0x80, 0x00, 0x00, 0x01, 0x80, 0x00, 0x00, 0x01, 0x80, 0x00, 0x00, 0x01, 0x80, 0x00, 0x00,
    0x01, 0xc0, 0x00, 0x00, 0x01, 0xc0, 0x00, 0x00, 0x01, 0xc0, 0x00, 0x00, 0x01, 0xc0, 0x00, 0x00,
    0x01, 0x80, 0x00, 0x00, 0x01, 0xc0, 0x00, 0x00, 0x01, 0x80, 0x00, 0x00, 0x02, 0x00, 0x00, 0x00,
    0x01, 0xc0, 0x00, 0x00, 0x02, 0x00, 0x00, 0x00, 0x01, 0xc0, 0x00, 0x00, 0x02, 0x00, 0x00, 0x00,
    0x01, 0xc0, 0x00, 0x00, 0x02, 0x00, 0x00, 0x00, 0x01, 0x80, 0x00, 0x00, 0x02, 0x00, 0x00, 0x00,
    0x01, 0x80, 0x00, 0x00, 0x02, 0x00, 0x00, 0x00, 0x01, 0x80, 0x00, 0x00, 0x02, 0x00, 0x00, 0x00,
    0x01, 0x80, 0x00, 0x00, 0x02, 0x00, 0x00, 0x00, 0x02, 0x00, 0x00, 0x00, 0x02, 0x00, 0x00, 0x00,
    0x01, 0xc0, 0x00, 0x00, 0x01, 0xc0, 0x00, 0x00, 0x01, 0x80, 0x00, 0x00, 0x01, 0xc0, 0x00, 0x00,
    0x01, 0x80, 0x00, 0x00, 0x01, 0xc0, 0x00, 0x00, 0x01, 0x80, 0x00, 0x00, 0x01, 0xc0, 0x00, 0x00,
    0x01, 0x80, 0x00, 0x00, 0x01, 0xc0, 0x00, 0x00, 0x01, 0x80, 0x00, 0x00, 0x02, 0x00, 0x00, 0x00,
    0x01, 0xc0, 0x00, 0x00, 0x02, 0x00, 0x00, 0x00, 0x01, 0xc0, 0x00, 0x00, 0x02, 0x00, 0x00, 0x00,
    0x01, 0xc0, 0x00, 0x00, 0x02, 0x00, 0x00, 0x00, 0x01, 0xc0, 0x00, 0x00, 0x02, 0x00, 0x00, 0x00,
    0x01, 0xc0, 0x00, 0x00, 0x02, 0x00, 0x00, 0x00, 0x01, 0xc0, 0x00, 0x00, 0x01, 0x40, 0x00, 0x00,
    0x01, 0x40, 0x00, 0x00, 0x01, 0x00, 0x00, 0x00, 0x01, 0x00, 0x00, 0x00, 0x01, 0x40, 0x00, 0x00,
    0x01, 0x00, 0xff, 0xc0, 0x01, 0x00, 0x00, 0x00, 0x01, 0x00, 0x00, 0x00, 0x01, 0x00, 0x00, 0x00,
    0x01, 0x00, 0x00, 0x00, 0x02, 0x80, 0x00, 0x00, 0x01, 0x80, 0x00, 0x00, 0x01, 0xc0, 0x00, 0x00,
    0x01, 0x00, 0x00, 0x00, 0x01, 0xc0, 0x00, 0x00, 0x01, 0xc0, 0x00, 0x00, 0x01, 0xc0, 0x00, 0x00,
    0x01, 0xc0, 0x00, 0x00, 0x01, 0x00, 0x00, 0x00, 0x01, 0xc0, 0x00, 0x00, 0x01, 0x00, 0x00, 0x00,
    0x01, 0xc0, 0x00, 0x00, 0x01, 0x40, 0x00, 0x00, 0x01, 0xc0, 0x00, 0x00, 0x01, 0x40, 0x00, 0x00,
    0x01, 0xc0, 0x00, 0x00, 0x01, 0x00, 0x00, 0x00, 0x02, 0x00, 0x00, 0x00, 0x01, 0xc0, 0x00, 0x00,
    0x02, 0x00, 0x00, 0x00, 0x01, 0xc0, 0x00, 0x00, 0x02, 0x00, 0x00, 0x00, 0x01, 0xc0, 0x00, 0x00,
    0x02, 0x40, 0x00, 0x00, 0x01, 0xc0, 0x00, 0x00, 0x01, 0x80, 0x00, 0x00, 0x02, 0x00, 0x00, 0x00,
    0x01, 0x80, 0x00, 0x00, 0x02, 0x00, 0x00, 0x00, 0x01, 0x80, 0x00, 0x00, 0x02, 0x00, 0x00, 0x00,
    0x01, 0x80, 0x00, 0x00, 0x02, 0x80, 0x00, 0x00, 0x02, 0x80, 0x00, 0x00, 0x02, 0x00, 0x00, 0x00,
    0x01, 0x80, 0x00, 0x00, 0x02, 0x00, 0x00, 0x00, 0x01, 0x80, 0x00, 0x00, 0x02, 0x00, 0x00, 0x00,
    0x01, 0x80, 0x00, 0x00, 0x01, 0xc0, 0x00, 0x00, 0x01, 0x80, 0x00, 0x00, 0x01, 0xc0, 0x00, 0x00,
    0x01, 0x80, 0x00, 0x00, 0x01, 0xc0, 0x00, 0x00, 0x01, 0x80, 0x00, 0x00, 0x01, 0xc0, 0x00, 0x00,
    0x01, 0x80, 0x00, 0x00, 0x02, 0x00, 0x00, 0x00, 0x01, 0x40, 0x00, 0x00, 0x02, 0x00, 0x00, 0x00,
    0x01, 0x40, 0x00, 0x00, 0x02, 0x00, 0x00, 0x00, 0x01, 0x40, 0x00, 0x00, 0x02, 0x00, 0x00, 0x00,
    0x01, 0xc0, 0x00, 0x00, 0x02, 0x00, 0x00, 0x00, 0x01, 0xc0, 0x00, 0x00, 0x02, 0x00, 0x00, 0x00,
    0x01, 0xc0, 0x00, 0x00, 0x02, 0x00, 0x00, 0x00, 0x01, 0xc0, 0x00, 0x00, 0x02, 0x00, 0x00, 0x00,
    0x01, 0xc0, 0x00, 0x00, 0x02, 0x00, 0x00, 0x00, 0x01, 0xc0, 0x00, 0x00, 0x02, 0x80, 0x00, 0x00,
    0x02, 0x00, 0x00, 0x00, 0x02, 0x00, 0x00, 0x00, 0x01, 0x80, 0x00, 0x00, 0x02, 0x00, 0x00, 0x00,
    0x01, 0x80, 0x00, 0x00, 0x01, 0x80, 0x00, 0x00, 0x01, 0x80, 0x00, 0x00, 0x01, 0x80, 0x00, 0x00,
    0x01, 0x80, 0x00, 0x00, 0x01, 0x80, 0x00, 0x00, 0x00, 0xc0, 0x00, 0x00, 0x02, 0x00, 0x00, 0x00,
    0x02, 0x00, 0x00, 0x00, 0x02, 0x00, 0x00, 0x00, 0x02, 0x40, 0x00, 0x00, 0x02, 0x00, 0x00, 0x00,
    0x01, 0x80, 0x00, 0x00, 0x01, 0xc0, 0x00, 0x00, 0x01, 0x40, 0x00, 0x00, 0x02, 0x40, 0x00, 0x00,
    0x02, 0x00, 0x00, 0x00, 0x01, 0x00, 0x00, 0x00, 0x02, 0x00, 0x00, 0x00, 0x01, 0xc0, 0x00, 0x00,
    0x02, 0x00, 0x00, 0x00, 0x02, 0x40, 0x00, 0x00, 0x02, 0x00, 0x00, 0x00, 0x02, 0x80, 0x00, 0x00,
    0x02, 0x00, 0x00, 0x00, 0x02, 0x40, 0x00, 0x00, 0x02, 0x00, 0x00, 0x00, 0x01, 0xc0, 0x00, 0x00,
    0x02, 0x40, 0x00, 0x00, 0x01, 0xc0, 0x00, 0x00, 0x01, 0x80, 0x00, 0x00, 0x00, 0x80, 0x00, 0x00,
    0x01, 0x00, 0x00, 0x00, 0x01, 0x80, 0x00, 0x00, 0x00, 0x80, 0x00, 0x00, 0x02, 0xc0, 0x00, 0x00,
    0x02, 0x40, 0x00, 0x00, 0x02, 0x40, 0x00, 0x00, 0x02, 0x00, 0x00, 0x00, 0x01, 0xc0, 0x00, 0x00,
    0x01, 0x00, 0x00, 0x00, 0x01, 0x00, 0x00, 0x00, 0x02, 0x00, 0x00, 0x00, 0x01, 0x80, 0x00, 0x00,
    0x02, 0x00, 0x00, 0x00, 0x01, 0xc0, 0x00, 0x00, 0x02, 0x00, 0x00, 0x00, 0x01, 0xc0, 0x00, 0x00,
    0x02, 0x00, 0x00, 0x00, 0x01, 0xc0, 0x00, 0x00, 0x02, 0x00, 0x00, 0x00, 0x01, 0xc0, 0x00, 0x00,
    0x02, 0x00, 0x00, 0x00, 0x01, 0xc0, 0x00, 0x00, 0x02, 0x00, 0x00, 0x00, 0x01, 0xc0, 0x00, 0x00,
    0x02, 0x40, 0x00, 0x00, 0x02, 0x00, 0x00, 0x00, 0x02, 0x00, 0x00, 0x00, 0x01, 0xc0, 0x00, 0x00,
    0x01, 0xc0, 0x00, 0x00, 0x01, 0xc0, 0x00, 0x00, 0x02, 0x00, 0x00, 0x00, 0x01, 0x80, 0x00, 0x00,
    0x01, 0x80, 0x00, 0x00, 0x01, 0x80, 0x00, 0x00, 0x02, 0x00, 0x00, 0x00, 0x01, 0xc0, 0x00, 0x00,
    0x02, 0x00, 0x00, 0x00, 0x01, 0xc0, 0x00, 0x00, 0x01, 0xc0, 0x00, 0x00, 0x01, 0x80, 0x00, 0x00,
    0x02, 0x00, 0x00, 0x00, 0x01, 0x40, 0x00, 0x00, 0x02, 0x00, 0x00, 0x00, 0x01, 0xc0, 0x00, 0x00,
    0x02, 0x00, 0x00, 0x00, 0x01, 0x80, 0x00, 0x00, 0x02, 0x00, 0x00, 0x00, 0x01, 0x80, 0x00, 0x00,
    0x02, 0x00, 0x00, 0x00, 0x01, 0x80, 0x00, 0x00, 0x02, 0x00, 0x00, 0x00, 0x01, 0x80, 0x00, 0x00,
    0x02, 0x00, 0x00, 0x00, 0x01, 0xc0, 0x00, 0x00, 0x01, 0x80, 0x00, 0x00, 0x01, 0xc0, 0x00, 0x00,
    0x02, 0x00, 0x00, 0x00, 0x01, 0x80, 0x00, 0x00, 0x01, 0x80, 0x00, 0x00, 0x02, 0x00, 0x00, 0x00,
    0x01, 0x80, 0x00, 0x00, 0x01, 0x00, 0x00, 0x00, 0x01, 0xc0, 0x00, 0x00, 0x02, 0x00, 0x00, 0x00,
    0x01, 0xc0, 0x00, 0x00, 0x01, 0x80, 0x00, 0x00, 0x01, 0x80, 0x00, 0x00, 0x01, 0x80, 0x00, 0x00,
    0x00, 0x80, 0x00, 0x00, 0x01, 0x00, 0x00, 0x00, 0x00, 0x80, 0x00, 0x00, 0x00, 0x80, 0x00, 0x00,
    0x00, 0x80, 0x00, 0x00, 0x01, 0x00, 0x00, 0x00, 0x01, 0x00, 0x00, 0x00, 0x00, 0xc0, 0x00, 0x00,
    0x02, 0x00, 0x00, 0x00, 0x00, 0x80, 0x00, 0x00, 0x02, 0x40, 0x00, 0x00, 0x02, 0x80, 0x00, 0x00,
    0x01, 0x80, 0x00, 0x00, 0x02, 0x40, 0x00, 0x00, 0x02, 0x80, 0x00, 0x00, 0x02, 0x40, 0x00, 0x00,
    0x00, 0xc0, 0xff, 0xc0, 0x02, 0x00, 0x00, 0x00, 0x01, 0xc0, 0x00, 0x00, 0x01, 0xc0, 0x00, 0x00,
    0x02, 0x00, 0x00, 0x00, 0x01, 0xc0, 0x00, 0x00, 0x01, 0x80, 0x00, 0x00, 0x02, 0x00, 0x00, 0x00,
    0x02, 0x00, 0x00, 0x00, 0x01, 0x00, 0x00, 0x00, 0x01, 0xc0, 0x00, 0x00, 0x02, 0x00, 0x00, 0x00,
    0x02, 0x80, 0x00, 0x00, 0x02, 0x00, 0x00, 0x00, 0x01, 0xc0, 0x00, 0x00, 0x02, 0x00, 0x00, 0x00,
    0x02, 0x00, 0x00, 0x00, 0x01, 0xc0, 0x00, 0x00, 0x01, 0xc0, 0x00, 0x00, 0x02, 0x00, 0x00, 0x00,
    0x02, 0x00, 0x00, 0x00, 0x02, 0x00, 0x00, 0x00, 0x02, 0x00, 0x00, 0x00, 0x02, 0x80, 0x00, 0x00,
    0x02, 0x00, 0x00, 0x00, 0x01, 0x00, 0x00, 0x00, 0x02, 0x00, 0x00, 0x00, 0x01, 0x80, 0x00, 0x00,
    0x01, 0x80, 0x00, 0x00, 0x01, 0x80, 0x00, 0x00, 0x00, 0xc0, 0x00, 0x00, 0x01, 0x80, 0x00, 0x00,
    0x01, 0x80, 0x00, 0x00, 0x01, 0x80, 0x00, 0x00, 0x01, 0x80, 0x00, 0x00, 0x01, 0x80, 0x00, 0x00,
    0x01, 0x80, 0x00, 0x00, 0x01, 0x40, 0x00, 0x00, 0x01, 0x80, 0x00, 0x00, 0x01, 0x80, 0x00, 0x00,
    0x00, 0xc0, 0x00, 0x00, 0x01, 0xc0, 0x00, 0x00, 0x01, 0x80, 0x00, 0x00, 0x01, 0xc0, 0x00, 0x00,
    0x01, 0x80, 0x00, 0x00, 0x01, 0x40, 0x00, 0x00, 0x01, 0x80, 0x00, 0x00, 0x01, 0xc0, 0x00, 0x00,
    0x01, 0x80, 0x00, 0x00, 0x01, 0x80, 0x00, 0x00, 0x01, 0xc0, 0x00, 0x00, 0x01, 0x80, 0x00, 0x00,
    0x01, 0x80, 0x00, 0x00, 0x02, 0x00, 0x00, 0x00, 0x01, 0x80, 0x00, 0x00, 0x02, 0x00, 0x00, 0x00,
    0x02, 0x00, 0x00, 0x00, 0x00, 0xc0, 0xff, 0xc0, 0x01, 0x80, 0x00, 0x00, 0x01, 0x80, 0x00, 0x00,
    0x01, 0x80, 0x00, 0x00, 0x02, 0x00, 0x00, 0x00, 0x01, 0x80, 0x00, 0x00, 0x01, 0xc0, 0x00, 0x00,
    0x02, 0x00, 0x00, 0x00, 0x01, 0xc0, 0x00, 0x00, 0x01, 0x80, 0x00, 0x00, 0x01, 0x80, 0x00, 0x00,
    0x02, 0x00, 0x00, 0x00, 0x02, 0x00, 0x00, 0x00, 0x01, 0xc0, 0x00, 0x00, 0x01, 0xc0, 0x00, 0x00,
    0x02, 0x40, 0x00, 0x00, 0x01, 0xc0, 0x00, 0x00, 0x01, 0xc0, 0x00, 0x00, 0x01, 0xc0, 0x00, 0x00,
    0x01, 0x00, 0x00, 0x00, 0x01, 0x00, 0x00, 0x00, 0x01, 0xc0, 0x00, 0x00, 0x02, 0xc0, 0x00, 0x00,
    0x02, 0xc0, 0x00, 0x00, 0x02, 0x40, 0x00, 0x00, 0x01, 0xc0, 0x00, 0x00, 0x02, 0x00, 0x00, 0x00,
    0x02, 0x00, 0x00, 0x00, 0x02, 0x00, 0x00, 0x00, 0x02, 0x00, 0x00, 0x00, 0x01, 0xc0, 0x00, 0x00,
    0x01, 0xc0, 0x00, 0x00, 0x01, 0xc0, 0x00, 0x00, 0x02, 0x00, 0x00, 0x00, 0x01, 0xc0, 0x00, 0x00,
    0x02, 0x80, 0x00, 0x00, 0x01, 0x80, 0x00, 0x00, 0x02, 0x00, 0x00, 0x00, 0x02, 0x00, 0x00, 0x00,
    0x01, 0xc0, 0x00, 0x00, 0x02, 0x00, 0x00, 0x00, 0x02, 0x80, 0x00, 0x00, 0x02, 0x00, 0x00, 0x00,
    0x02, 0x00, 0x00, 0x00, 0x02, 0x00, 0x00, 0x00, 0x01, 0xc0, 0x00, 0x00, 0x02, 0x00, 0x00, 0x00,
    0x02, 0x00, 0x00, 0x00, 0x02, 0x00, 0x00, 0x00, 0x02, 0x00, 0x00, 0x00, 0x02, 0x00, 0x00, 0x00,
    0x02, 0x00, 0x00, 0x00, 0x02, 0x00, 0x00, 0x00, 0x03, 0x00, 0x00, 0x00, 0x03, 0x00, 0x00, 0x00,
    0x02, 0x40, 0x00, 0x00, 0x02, 0x80, 0x00, 0x00, 0x01, 0xc0, 0x00, 0x00, 0x01, 0xc0, 0x00, 0x00,
    0x02, 0x80, 0x00, 0x00, 0x02, 0x00, 0x00, 0x00, 0x01, 0xc0, 0x00, 0x00, 0x01, 0x80, 0x00, 0x00,
    0x01, 0xc0, 0x00, 0x00, 0x01, 0x80, 0x00, 0x00, 0x01, 0xc0, 0x00, 0x00, 0x01, 0x80, 0x00, 0x00,
    0x02, 0x00, 0x00, 0x00, 0x01, 0x80, 0x00, 0x00, 0x02, 0x00, 0x00, 0x00, 0x02, 0x00, 0x00, 0x00,
    0x01, 0xc0, 0x00, 0x00, 0x01, 0xc0, 0x00, 0x00, 0x02, 0x00, 0x00, 0x00, 0x02, 0x00, 0x00, 0x00,
    0x01, 0x80, 0x00, 0x00, 0x02, 0x00, 0x00, 0x00, 0x01, 0xc0, 0x00, 0x00, 0x01, 0x80, 0x00, 0x00,
    0x01, 0x80, 0x00, 0x00, 0x01, 0x80, 0x00, 0x00, 0x02, 0x00, 0x00, 0x00, 0x01, 0x80, 0x00, 0x00,
    0x02, 0x00, 0x00, 0x00, 0x02, 0x00, 0x00, 0x00, 0x02, 0x80, 0x00, 0x00, 0x02, 0x80, 0x00, 0x00,
    0x02, 0x40, 0x00, 0x00, 0x02, 0x80, 0x00, 0x00, 0x01, 0xc0, 0x00, 0x00, 0x01, 0x80, 0x00, 0x00,
    0x02, 0x80, 0x00, 0x00, 0x01, 0xc0, 0x00, 0x00, 0x01, 0x80, 0x00, 0x00, 0x01, 0x80, 0x00, 0x00,
    0x01, 0xc0, 0x00, 0x00, 0x01, 0x80, 0x00, 0x00, 0x01, 0x80, 0x00, 0x00, 0x01, 0x80, 0x00, 0x00,
    0x01, 0x00, 0x00, 0x00, 0x01, 0x00, 0x00, 0x00, 0x00, 0xc0, 0x00, 0x00, 0x02, 0xc0, 0x00, 0x00,
    0x02, 0xc0, 0x00, 0x00, 0x02, 0x00, 0x00, 0x00, 0x01, 0xc0, 0x00, 0x00, 0x02, 0x00, 0x00, 0x00,
    0x01, 0x80, 0x00, 0x00, 0x02, 0x00, 0x00, 0x00, 0x01, 0xc0, 0x00, 0x00, 0x01, 0x80, 0x00, 0x00,
    0x01, 0xc0, 0x00, 0x00, 0x01, 0x80, 0x00, 0x00, 0x02, 0x80, 0x00, 0x00, 0x02, 0x00, 0x00, 0x00,
    0x01, 0x80, 0x00, 0x00, 0x01, 0x80, 0x00, 0x00, 0x01, 0xc0, 0x00, 0x00, 0x01, 0xc0, 0x00, 0x00,
    0x02, 0x40, 0x00, 0x00, 0x02, 0x40, 0x00, 0x00, 0x02, 0x00, 0x00, 0x00, 0x02, 0x00, 0x00, 0x00,
    0x02, 0x40, 0x00, 0x00, 0x01, 0xc0, 0x00, 0x00, 0x02, 0x00, 0x00, 0x00, 0x01, 0x80, 0x00, 0x00,
    0x02, 0x00, 0x00, 0x00, 0x02, 0x00, 0x00, 0x00, 0x02, 0x00, 0x00, 0x00, 0x02, 0x00, 0x00, 0x00,
    0x02, 0x00, 0x00, 0x00, 0x01, 0x80, 0x00, 0x00, 0x02, 0x00, 0x00, 0x00, 0x01, 0xc0, 0x00, 0x00,
    0x02, 0x00, 0x00, 0x00, 0x01, 0xc0, 0x00, 0x00, 0x01, 0xc0, 0x00, 0x00, 0x01, 0x80, 0x00, 0x00,
    0x02, 0x00, 0x00, 0x00, 0x01, 0x80, 0x00, 0x00, 0x01, 0x80, 0x00, 0x00, 0x01, 0x80, 0x00, 0x00,
    0x02, 0x00, 0x00, 0x00, 0x01, 0x80, 0x00, 0x00, 0x02, 0x00, 0x00, 0x00, 0x01, 0x80, 0x00, 0x00,
    0x01, 0xc0, 0x00, 0x00, 0x01, 0xc0, 0x00, 0x00, 0x01, 0x40, 0x00, 0x00, 0x01, 0xc0, 0x00, 0x00,
    0x01, 0xc0, 0x00, 0x00, 0x02, 0x00, 0x00, 0x00, 0x01, 0xc0, 0x00, 0x00, 0x02, 0x00, 0x00, 0x00,
    0x01, 0xc0, 0x00, 0x00, 0x02, 0x00, 0x00, 0x00, 0x01, 0xc0, 0x00, 0x00, 0x01, 0xc0, 0x00, 0x00,
    0x01, 0x40, 0x00, 0x00, 0x02, 0x00, 0x00, 0x00, 0x01, 0xc0, 0x00, 0x00, 0x01, 0xc0, 0x00, 0x00,
    0x01, 0x00, 0x00, 0x00, 0x01, 0xc0, 0x00, 0x00, 0x01, 0x00, 0x00, 0x00, 0x02, 0x80, 0x00, 0x00,
    0x02, 0x80, 0x00, 0x00, 0x02, 0x80, 0x00, 0x00, 0x02, 0x80, 0x00, 0x00, 0x02, 0x00, 0x00, 0x00,
    0x01, 0xc0, 0x00, 0x00, 0x02, 0x00, 0x00, 0x00, 0x01, 0xc0, 0x00, 0x00, 0x01, 0xc0, 0x00, 0x00,
    0x01, 0xc0, 0x00, 0x00, 0x02, 0x00, 0x00, 0x00, 0x01, 0x80, 0x00, 0x00, 0x01, 0xc0, 0x00, 0x00,
    0x01, 0x80, 0x00, 0x00, 0x01, 0xc0, 0x00, 0x00, 0x01, 0x80, 0x00, 0x00, 0x02, 0x00, 0x00, 0x00,
    0x01, 0x40, 0x00, 0x00, 0x02, 0x00, 0x00, 0x00, 0x01, 0x40, 0x00, 0x00, 0x02, 0x00, 0x00, 0x00,
    0x01, 0x80, 0x00, 0x00, 0x02, 0x80, 0x00, 0x00, 0x02, 0x00, 0x00, 0x00, 0x02, 0x80, 0x00, 0x00,
    0x02, 0x00, 0x00, 0x00, 0x02, 0x80, 0x00, 0x00, 0x02, 0x00, 0x00, 0x00, 0x01, 0x80, 0x00, 0x00,
    0x01, 0x80, 0x00, 0x00, 0x00, 0xc0, 0x00, 0x00, 0x01, 0x00, 0x00, 0x00, 0x02, 0x00, 0x00, 0x00,
    0x02, 0x00, 0x00, 0x00, 0x01, 0xc0, 0x00, 0x00, 0x02, 0x00, 0x00, 0x00, 0x01, 0xc0, 0x00, 0x00,
    0x02, 0x00, 0x00, 0x00, 0x01, 0xc0, 0x00, 0x00, 0x02, 0x00, 0xff, 0xc0, 0x01, 0xc0, 0xff, 0xc0,
    0x02, 0x00, 0x00, 0x00, 0x01, 0xc0, 0x00, 0x00, 0x02, 0x00, 0x00, 0x00, 0x01, 0xc0, 0x00, 0x00,
    0x02, 0x00, 0x00, 0x00, 0x01, 0xc0, 0x00, 0x00, 0x02, 0x00, 0x00, 0x00, 0x01, 0xc0, 0x00, 0x00,
    0x02, 0x00, 0x00, 0x00, 0x01, 0xc0, 0x00, 0x00, 0x02, 0x00, 0x00, 0x00, 0x01, 0xc0, 0x00, 0x00,
    0x02, 0x00, 0x00, 0x00, 0x01, 0xc0, 0x00, 0x00, 0x02, 0x00, 0x00, 0x00, 0x01, 0xc0, 0x00, 0x00,
    0x01, 0xc0, 0x00, 0x00, 0x01, 0x80, 0x00, 0x00, 0x01, 0xc0, 0x00, 0x00, 0x01, 0x80, 0x00, 0x00,
    0x01, 0xc0, 0x00, 0x00, 0x01, 0x80, 0x00, 0x00, 0x01, 0xc0, 0x00, 0x00, 0x01, 0x80, 0x00, 0x00,
    0x01, 0xc0, 0xff, 0xc0, 0x01, 0x80, 0xff, 0xc0, 0x01, 0xc0, 0x00, 0x00, 0x01, 0x80, 0x00, 0x00,
    0x01, 0xc0, 0x00, 0x00, 0x01, 0x80, 0x00, 0x00, 0x01, 0xc0, 0x00, 0x00, 0x01, 0x80, 0x00, 0x00,
    0x01, 0x00, 0x00, 0x00, 0x01, 0x00, 0x00, 0x00, 0x01, 0x00, 0x00, 0x00, 0x01, 0x00, 0x00, 0x00,
    0x02, 0x00, 0x00, 0x00, 0x01, 0x80, 0x00, 0x00, 0x02, 0x00, 0x00, 0x00, 0x01, 0x80, 0x00, 0x00,
    0x02, 0x00, 0x00, 0x00, 0x01, 0x80, 0x00, 0x00, 0x02, 0x00, 0xff, 0xc0, 0x01, 0x80, 0xff, 0xc0,
    0x02, 0x00, 0x00, 0x00, 0x01, 0x80, 0x00, 0x00, 0x02, 0x00, 0x00, 0x00, 0x01, 0x80, 0x00, 0x00,
    0x02, 0x00, 0x00, 0x00, 0x01, 0x80, 0x00, 0x00, 0x02, 0x40, 0x00, 0x00, 0x02, 0x00, 0x00, 0x00,
    0x02, 0x40, 0x00, 0x00, 0x02, 0x00, 0x00, 0x00, 0x02, 0x40, 0x00, 0x00, 0x02, 0x00, 0x00, 0x00,
    0x02, 0x40, 0x00, 0x00, 0x02, 0x00, 0x00, 0x00, 0x02, 0x40, 0x00, 0x00, 0x02, 0x00, 0x00, 0x00,
    0x02, 0x00, 0x00, 0x00, 0x01, 0xc0, 0x00, 0x00, 0x02, 0x00, 0x00, 0x00, 0x01, 0xc0, 0x00, 0x00,
    0x02, 0x40, 0x00, 0x00, 0x02, 0x00, 0x00, 0x00, 0x02, 0x40, 0x00, 0x00, 0x02, 0x00, 0x00, 0x00,
    0x02, 0x40, 0x00, 0x00, 0x02, 0x00, 0x00, 0x00, 0x02, 0x40, 0x00, 0x00, 0x02, 0x00, 0x00, 0x00,
    0x02, 0x40, 0x00, 0x00, 0x02, 0x00, 0x00, 0x00, 0x02, 0x00, 0x00, 0x00, 0x01, 0x80, 0x00, 0x00,
    0x02, 0x00, 0x00, 0x00, 0x01, 0x80, 0x00, 0x00, 0x02, 0x00, 0x00, 0x00, 0x01, 0x80, 0x00, 0x00,
    0x02, 0x00, 0x00, 0x00, 0x01, 0x80, 0x00, 0x00, 0x01, 0x80, 0x00, 0x00, 0x01, 0x80, 0x00, 0x00,
    0x01, 0x80, 0x00, 0x00, 0x02, 0x80, 0xff, 0xc0, 0x02, 0x00, 0x00, 0x00, 0x02, 0x40, 0xff, 0xc0,
    0x01, 0x00, 0x00, 0x00, 0x01, 0x00, 0x00, 0x00, 0x01, 0x40, 0x00, 0x00, 0x01, 0x40, 0x00, 0x00,
    0x01, 0xc0, 0x00, 0x00, 0x01, 0xc0, 0x00, 0x00, 0x01, 0x00, 0x00, 0x00, 0x01, 0x00, 0x00, 0x00,
    0x00, 0x80, 0x00, 0x00, 0x00, 0x80, 0x00, 0x00, 0x00, 0x80, 0x00, 0x00, 0x00, 0x80, 0x00, 0x00,
    0x01, 0x00, 0x00, 0x00, 0x01, 0x00, 0x00, 0x00, 0x01, 0x00, 0x00, 0x00, 0x01, 0x00, 0x00, 0x00,
    0x01, 0x80, 0x00, 0x00, 0x01, 0x80, 0x00, 0x00, 0x01, 0x00, 0x00, 0x00, 0x01, 0x00, 0x00, 0x00,
    0x01, 0x80, 0x00, 0x00, 0x02, 0x40, 0x00, 0x00, 0x00, 0x80, 0x00, 0x00, 0x01, 0x00, 0x00, 0x00,
    0x01, 0x00, 0x00, 0x00, 0x02, 0x00, 0x00, 0x00, 0x02, 0x00, 0x00, 0x00, 0x02, 0x80, 0x00, 0x00,
    0x02, 0x00, 0x00, 0x00, 0x01, 0xc0, 0x00, 0x00, 0x01, 0xc0, 0x00, 0x00, 0x01, 0xc0, 0x00, 0x00,
    0x02, 0x00, 0x00, 0x00, 0x01, 0xc0, 0x00, 0x00, 0x02, 0x00, 0x00, 0x00, 0x01, 0xc0, 0x00, 0x00,
    0x02, 0x00, 0x00, 0x00, 0x01, 0x80, 0x00, 0x00, 0x01, 0x80, 0x00, 0x00, 0x01, 0xc0, 0x00, 0x00,
    0x02, 0x00, 0x00, 0x00, 0x01, 0xc0, 0x00, 0x00, 0x01, 0xc0, 0x00, 0x00, 0x01, 0x80, 0x00, 0x00,
    0x02, 0x00, 0x00, 0x00, 0x01, 0x40, 0x00, 0x00, 0x02, 0x80, 0x00, 0x00, 0x02, 0x00, 0x00, 0x00,
    0x02, 0x80, 0x00, 0x00, 0x01, 0xc0, 0x00, 0x00, 0x02, 0x00, 0x00, 0x00, 0x01, 0x40, 0x00, 0x00,
    0x01, 0x80, 0x00, 0x00, 0x01, 0x40, 0x00, 0x00, 0x02, 0x00, 0x00, 0x00, 0x02, 0x00, 0x00, 0x00,
    0x01, 0x80, 0x00, 0x00, 0x01, 0x80, 0x00, 0x00, 0x01, 0xc0, 0x00, 0x00, 0x01, 0xc0, 0x00, 0x00,
    0x01, 0x80, 0x00, 0x00, 0x01, 0x80, 0x00, 0x00, 0x01, 0xc0, 0x00, 0x00, 0x01, 0xc0, 0x00, 0x00,
    0x02, 0x00, 0x00, 0x00, 0x02, 0x00, 0x00, 0x00, 0x02, 0x00, 0x00, 0x00, 0x02, 0x00, 0x00, 0x00,
    0x02, 0x00, 0x00, 0x00, 0x02, 0x00, 0x00, 0x00, 0x02, 0x00, 0x00, 0x00, 0x02, 0x00, 0x00, 0x00,
    0x02, 0x00, 0x00, 0x00, 0x02, 0x00, 0x00, 0x00, 0x02, 0x00, 0x00, 0x00, 0x02, 0x00, 0x00, 0x00,
    0x01, 0x80, 0x00, 0x00, 0x01, 0x80, 0x00, 0x00, 0x01, 0x80, 0x00, 0x00, 0x04, 0x00, 0x00, 0x00,
    0x02, 0x00, 0x00, 0x00, 0x02, 0x00, 0x00, 0x00, 0x02, 0x00, 0x00, 0x00, 0x02, 0x00, 0x00, 0x00,
    0x02, 0x00, 0x00, 0x00, 0x02, 0x00, 0x00, 0x00, 0x02, 0x00, 0x00, 0x00, 0x00, 0x80, 0x00, 0x00,
    0x00, 0x80, 0x00, 0x00, 0x03, 0x00, 0x00, 0x00, 0x02, 0x00, 0x00, 0x00, 0x01, 0xc0, 0x00, 0x00,
    0x01, 0xc0, 0x00, 0x00, 0x01, 0xc0, 0x00, 0x00, 0x02, 0x00, 0x00, 0x00, 0x02, 0x00, 0x00, 0x00,
    0x01, 0xc0, 0x00, 0x00, 0x02, 0x80, 0x00, 0x00, 0x02, 0x00, 0x00, 0x00, 0x01, 0x00, 0x00, 0x00,
    0x00, 0x80, 0x00, 0x00, 0x01, 0x00, 0x00, 0x00, 0x00, 0x80, 0x00, 0x00, 0x01, 0x00, 0x00, 0x00,
    0x02, 0x00, 0x00, 0x00, 0x01, 0x80, 0x00, 0x00, 0x02, 0x00, 0x00, 0x00, 0x01, 0x80, 0x00, 0x00,
    0x02, 0x00, 0x00, 0x00, 0x01, 0x80, 0x00, 0x00, 0x01, 0xc0, 0x00, 0x00, 0x00, 0xc0, 0x00, 0x00,
    0x02, 0x00, 0x00, 0x00, 0x01, 0x80, 0x00, 0x00, 0x02, 0x00, 0x00, 0x00, 0x02, 0x00, 0x00, 0x00,
    0x02, 0x00, 0x00, 0x00, 0x01, 0xc0, 0x00, 0x00, 0x00, 0x00, 0x00, 0x05, 0x00, 0x00, 0x00, 0x03,
    0x00, 0x00, 0x00, 0x2c, 0x00, 0x00, 0x00, 0x04, 0x00, 0x00, 0x04, 0xf2, 0x00, 0x01, 0x00, 0x00,
    0x00, 0x00, 0x0c, 0x9a, 0x00, 0x03, 0x00, 0x01, 0x00, 0x00, 0x00, 0x2c, 0x00, 0x03, 0x00, 0x0a,
    0x00, 0x00, 0x04, 0xf2, 0x00, 0x04, 0x04, 0xc6, 0x00, 0x00, 0x01, 0x22, 0x01, 0x00, 0x00, 0x07,
    0x00, 0x22, 0x00, 0x00, 0x00, 0x1d, 0x00, 0x7e, 0x00, 0xac, 0x00, 0xad, 0x01, 0x7f, 0x01, 0x81,
    0x01, 0x86, 0x01, 0x8a, 0x01, 0x94, 0x01, 0x99, 0x01, 0x9d, 0x01, 0xa3, 0x01, 0xb0, 0x01, 0xb4,
    0x01, 0xb7, 0x01, 0xc3, 0x01, 0xdc, 0x01, 0xdf, 0x01, 0xeb, 0x01, 0xef, 0x01, 0xf5, 0x01, 0xf9,
    0x02, 0x1b, 0x02, 0x1f, 0x02, 0x33, 0x02, 0x44, 0x02, 0x54, 0x02, 0x57, 0x02, 0x59, 0x02, 0x5b,
    0x02, 0x60, 0x02, 0x63, 0x02, 0x68, 0x02, 0x72, 0x02, 0x78, 0x02, 0x89, 0x02, 0x8b, 0x02, 0x92,
    0x02, 0x94, 0x02, 0xbd, 0x02, 0xd1, 0x03, 0x71, 0x03, 0x77, 0x03, 0x7f, 0x03, 0x8a, 0x03, 0x8c,
    0x03, 0xa1, 0x03, 0xce, 0x03, 0xd1, 0x03, 0xd5, 0x03, 0xdb, 0x03, 0xf4, 0x03, 0xf9, 0x03, 0xff,
    0x04, 0x5f, 0x04, 0x93, 0x04, 0x9b, 0x04, 0xa3, 0x04, 0xab, 0x04, 0xb3, 0x04, 0xbb, 0x04, 0xd1,
    0x04, 0xd9, 0x04, 0xe1, 0x04, 0xe9, 0x04, 0xf3, 0x09, 0xf3, 0x0e, 0x3f, 0x17, 0xdb, 0x1e, 0x03,
    0x1e, 0x0d, 0x1e, 0x11, 0x1e, 0x1f, 0x1e, 0x25, 0x1e, 0x37, 0x1e, 0x3b, 0x1e, 0x41, 0x1e, 0x45,
    0x1e, 0x49, 0x1e, 0x57, 0x1e, 0x5b, 0x1e, 0x63, 0x1e, 0x6d, 0x1e, 0x7d, 0x1e, 0x85, 0x1e, 0x93,
    0x1e, 0x9c, 0x1e, 0x9e, 0x1e, 0xf9, 0x1f, 0x74, 0x1f, 0x78, 0x1f, 0xc6, 0x1f, 0xca, 0x1f, 0xf6,
    0x1f, 0xf8, 0x20, 0x23, 0x20, 0x24, 0x20, 0x26, 0x20, 0x30, 0x20, 0x33, 0x20, 0x3e, 0x20, 0xa1,
    0x20, 0xa6, 0x20, 0xae, 0x20, 0xb2, 0x20, 0xb5, 0x20, 0xba, 0x20, 0xbd, 0x20, 0xc1, 0x21, 0x13,
    0x21, 0x17, 0x21, 0x22, 0x21, 0x2e, 0x22, 0x05, 0x22, 0x12, 0x22, 0x15, 0x22, 0x61, 0x22, 0xb9,
    0x23, 0x18, 0x25, 0xb3, 0x25, 0xb7, 0x25, 0xbd, 0x25, 0xc1, 0x26, 0x12, 0x26, 0x17, 0x26, 0x21,
    0x26, 0x2f, 0x26, 0xca, 0x26, 0xd4, 0x26, 0xf6, 0x2e, 0x2e, 0x2e, 0x38, 0x2e, 0x4b, 0x30, 0x00,
    0x30, 0x12, 0x51, 0x43, 0x51, 0x86, 0x83, 0x36, 0x9a, 0x6c, 0x9f, 0x99, 0xa6, 0x6e, 0xa7, 0x8c,
    0xff, 0xfd, 0xff, 0xff, 0x00, 0x00, 0x00, 0x00, 0x00, 0x1d, 0x00, 0x20, 0x00, 0xa0, 0x00, 0xad,
    0x00, 0xae, 0x01, 0x81, 0x01, 0x86, 0x01, 0x89, 0x01, 0x8f, 0x01, 0x97, 0x01, 0x9d, 0x01, 0xa0,
    0x01, 0xaf, 0x01, 0xb2, 0x01, 0xb7, 0x01, 0xc0, 0x01, 0xca, 0x01, 0xde, 0x01, 0xe4, 0x01, 0xee,
    0x01, 0xf4, 0x01, 0xf8, 0x02, 0x18, 0x02, 0x1e, 0x02, 0x2c, 0x02, 0x44, 0x02, 0x53, 0x02, 0x56,
    0x02, 0x59, 0x02, 0x5b, 0x02, 0x60, 0x02, 0x63, 0x02, 0x68, 0x02, 0x72, 0x02, 0x78, 0x02, 0x89,
    0x02, 0x8b, 0x02, 0x92, 0x02, 0x94, 0x02, 0xb9, 0x02, 0xd0, 0x03, 0x70, 0x03, 0x76, 0x03, 0x7b,
    0x03, 0x84, 0x03, 0x8c, 0x03, 0x8e, 0x03, 0xa3, 0x03, 0xd0, 0x03, 0xd5, 0x03, 0xd8, 0x03, 0xf2,
    0x03, 0xf9, 0x03, 0xfd, 0x04, 0x00, 0x04, 0x90, 0x04, 0x96, 0x04, 0xa0, 0x04, 0xa8, 0x04, 0xae,
    0x04, 0xba, 0x04, 0xd0, 0x04, 0xd6, 0x04, 0xe0, 0x04, 0xe8, 0x04, 0xf2, 0x09, 0xf3, 0x0e, 0x3f,
    0x17, 0xdb, 0x1e, 0x02, 0x1e, 0x0a, 0x1e, 0x10, 0x1e, 0x1e, 0x1e, 0x24, 0x1e, 0x36, 0x1e, 0x3a,
    0x1e, 0x3e, 0x1e, 0x44, 0x1e, 0x48, 0x1e, 0x56, 0x1e, 0x5a, 0x1e, 0x60, 0x1e, 0x6a, 0x1e, 0x7c,
    0x1e, 0x80, 0x1e, 0x92, 0x1e, 0x9b, 0x1e, 0x9e, 0x1e, 0xa0, 0x1f, 0x74, 0x1f, 0x78, 0x1f, 0xc6,
    0x1f, 0xca, 0x1f, 0xf6, 0x1f, 0xf8, 0x20, 0x10, 0x20, 0x24, 0x20, 0x26, 0x20, 0x30, 0x20, 0x32,
    0x20, 0x3e, 0x20, 0xa1, 0x20, 0xa6, 0x20, 0xa9, 0x20, 0xb1, 0x20, 0xb4, 0x20, 0xb8, 0x20, 0xbc,
    0x20, 0xbf, 0x21, 0x13, 0x21, 0x16, 0x21, 0x22, 0x21, 0x2e, 0x22, 0x05, 0x22, 0x12, 0x22, 0x15,
    0x22, 0x60, 0x22, 0xb9, 0x23, 0x18, 0x25, 0xb2, 0x25, 0xb6, 0x25, 0xbc, 0x25, 0xc0, 0x26, 0x10,
    0x26, 0x15, 0x26, 0x21, 0x26, 0x2f, 0x26, 0xc9, 0x26, 0xd4, 0x26, 0xf6, 0x2e, 0x2e, 0x2e, 0x38,
    0x2e, 0x4b, 0x30, 0x00, 0x30, 0x12, 0x51, 0x43, 0x51, 0x86, 0x83, 0x36, 0x9a, 0x6c, 0x9f, 0x99,
    0xa6, 0x6e, 0xa7, 0x8b, 0xff, 0xfd, 0xff, 0xff, 0x00, 0x01, 0xff, 0xe4, 0xff, 0xe3, 0xff, 0xc2,
    0x00, 0x00, 0xff, 0xc1, 0xff, 0xc0, 0xff, 0xbc, 0xff, 0xba, 0xff, 0xb6, 0xff, 0xb4, 0xff, 0xb1,
    0xff, 0xaf, 0xff, 0xa4, 0xff, 0xa3, 0xff, 0xa1, 0xff, 0x99, 0xff, 0x93, 0xff, 0x92, 0xff, 0x8e,
    0xff, 0x8c, 0xff, 0x88, 0xff, 0x86, 0xff, 0x68, 0xff, 0x66, 0xff, 0x5a, 0xff, 0x4a, 0xff, 0x3c,
    0xff, 0x3b, 0xff, 0x3a, 0xff, 0x39, 0xff, 0x35, 0xff, 0x33, 0xff, 0x2f, 0xff, 0x26, 0xff, 0x21,
    0xff, 0x11, 0xff, 0x10, 0xff, 0x0a, 0xff, 0x09, 0xfe, 0xe5, 0xfe, 0xd3, 0x00, 0x12, 0x00, 0x0a,
    0x00, 0x00, 0x00, 0x00, 0xfe, 0x1f, 0xfe, 0x1e, 0xfe, 0x1d, 0xfe, 0x1c, 0xfe, 0x19, 0x00, 0x00,
    0x00, 0x00, 0xfd, 0xfa, 0x00, 0x00, 0xfd, 0xf4, 0xfd, 0xc4, 0xfd, 0xc2, 0xfd, 0xbe, 0xfd, 0xba,
    0xfd, 0xb8, 0xfd, 0xb2, 0xfd, 0x9e, 0xfd, 0x9a, 0xfd, 0x94, 0xfd, 0x8e, 0xfd, 0x86, 0xf8, 0x87,
    0xf4, 0x3c, 0xea, 0xa1, 0xe4, 0x7b, 0xe4, 0x75, 0xe4, 0x73, 0xe4, 0x67, 0xe4, 0x63, 0xe4, 0x53,
    0xe4, 0x51, 0xe4, 0x4f, 0xe4, 0x4d, 0xe4, 0x4b, 0xe4, 0x3f, 0xe4, 0x3d, 0xe4, 0x39, 0xe4, 0x33,
    0xe4, 0x25, 0xe4, 0x23, 0xe4, 0x17, 0xe4, 0x10, 0xe4, 0x0f, 0xe4, 0x0e, 0xe3, 0x94, 0xe3, 0x91,
    0xe3, 0x44, 0xe3, 0x41, 0xe3, 0x16, 0xe3, 0x15, 0xe2, 0xfe, 0xe3, 0x4e, 0xe2, 0xfc, 0xe2, 0xf3,
    0xe2, 0xf2, 0xe2, 0xe8, 0xe2, 0x86, 0xe2, 0x82, 0xe2, 0x80, 0xe2, 0x7e, 0xe2, 0x7d, 0xe2, 0x7b,
    0xe2, 0x7a, 0xe2, 0x79, 0xe2, 0x28, 0xe2, 0x26, 0xe2, 0x1c, 0xe2, 0x11, 0xe1, 0x3b, 0xe1, 0x2f,
    0xe1, 0x5e, 0xe0, 0xe2, 0xe0, 0x8b, 0xe0, 0x2d, 0xdd, 0x94, 0xdd, 0x92, 0xdd, 0x8e, 0xdd, 0x8c,
    0xdd, 0x3e, 0xdd, 0x3c, 0xdd, 0x33, 0xdd, 0x26, 0xdc, 0x8d, 0xdc, 0x84, 0xdc, 0x63, 0xd5, 0x2c,
    0xd5, 0x23, 0xd5, 0x11, 0xd3, 0x5d, 0xd3, 0x4c, 0xb2, 0x1c, 0xb1, 0xda, 0x80, 0x2b, 0x68, 0xf6,
    0x63, 0xca, 0x5c, 0xf6, 0x5b, 0xda, 0x03, 0x6a, 0x00, 0x01, 0x00, 0x00, 0x00, 0x00, 0x00, 0x00,
    0x00, 0x00, 0x01, 0x1a, 0x00, 0x00, 0x00, 0x00, 0x00, 0x00, 0x00, 0x00, 0x00, 0x00, 0x00, 0x00,
    0x00, 0x00, 0x00, 0x00, 0x00, 0x00, 0x00, 0x00, 0x00, 0x00, 0x00, 0x00, 0x00, 0x00, 0x00, 0x00,
    0x00, 0x00, 0x00, 0x00, 0x00, 0x00, 0x00, 0x00, 0x00, 0x00, 0x00, 0x00, 0x00, 0x00, 0x00, 0x00,
    0x00, 0x00, 0x00, 0x00, 0x00, 0x00, 0x00, 0x00, 0x00, 0x00, 0x00, 0x00, 0x00, 0x00, 0x00, 0x00,
    0x00, 0x00, 0x00, 0x00, 0x00, 0x00, 0x00, 0x00, 0x00, 0x00, 0x00, 0x00, 0x00, 0x00, 0x00, 0x00,
    0x00, 0x00, 0x00, 0xcc, 0x00, 0xd4, 0x00, 0x00, 0x00, 0x00, 0x00, 0x00, 0x00, 0x00, 0x00, 0x00,
    0x00, 0xd6, 0x00, 0xdc, 0x00, 0x00, 0x00, 0xde, 0x00, 0x00, 0x00, 0x00, 0x00, 0x00, 0x00, 0x00,
    0x00, 0x00, 0x00, 0x00, 0x00, 0x00, 0x00, 0x00, 0x00, 0x00, 0x00, 0x00, 0x00, 0x00, 0x00, 0x00,
    0x00, 0x00, 0x00, 0x00, 0x00, 0x00, 0x00, 0x00, 0x00, 0x00, 0x00, 0x00, 0x00, 0x00, 0x00, 0x00,
    0x00, 0x00, 0x00, 0x00, 0x00, 0x00, 0x00, 0x00, 0x00, 0x00, 0x00, 0x00, 0x00, 0x00, 0x00, 0x00,
    0x00, 0x00, 0x00, 0x00, 0x00, 0x00, 0x00, 0x00, 0x00, 0x00, 0x00, 0x00, 0x00, 0x00, 0x00, 0x00,
    0x00, 0x00, 0x00, 0x00, 0x00, 0x00, 0x00, 0x00, 0x00, 0x00, 0x00, 0x00, 0x00, 0x00, 0x00, 0x00,
    0x00, 0x00, 0x00, 0x00, 0x00, 0x00, 0x00, 0x00, 0x00, 0x00, 0x00, 0x00, 0x00, 0x00, 0x00, 0x00,
    0x00, 0x00, 0x00, 0x00, 0x00, 0x00, 0x00, 0x00, 0x00, 0x00, 0x00, 0x00, 0x00, 0x00, 0x00, 0x00,
    0x00, 0x00, 0x00, 0x00, 0x00, 0x00, 0x00, 0x00, 0x00, 0x00, 0x00, 0x00, 0x00, 0x00, 0x00, 0x00,
    0x00, 0x00, 0x00, 0x00, 0x00, 0x00, 0x00, 0x00, 0x00, 0x00, 0x00, 0x00, 0x00, 0x00, 0x00, 0x00,
    0x00, 0x00, 0x00, 0x00, 0x00, 0x00, 0x00, 0x00, 0x00, 0x00, 0x00, 0x00, 0x00, 0x00, 0x00, 0x00,
    0x00, 0x00, 0x00, 0x00, 0x00, 0x00, 0x00, 0x00, 0x00, 0x00, 0x00, 0x00, 0x03, 0x71, 0x03, 0x77,
    0x03, 0x79, 0x03, 0x7b, 0x01, 0xa5, 0x03, 0x7c, 0x03, 0x74, 0x03, 0x75, 0x01, 0xa6, 0x01, 0xa7,
    0x01, 0xa8, 0x01, 0xa9, 0x01, 0xaa, 0x03, 0x7e, 0x03, 0x7f, 0x01, 0xef, 0x01, 0xf0, 0x01, 0xf1,
    0x03, 0x7d, 0x01, 0xf2, 0x03, 0x76, 0x03, 0x78, 0x03, 0x7a, 0x00, 0x0c, 0x00, 0x00, 0x00, 0x00,
    0x07, 0xa8, 0x00, 0x00, 0x00, 0x00, 0x00, 0x00, 0x00, 0xa2, 0x00, 0x00, 0x00, 0x00, 0x00, 0x00,
    0x00, 0x00, 0x00, 0x00, 0x00, 0x01, 0x00, 0x00, 0x00, 0x1d, 0x00, 0x00, 0x00, 0x1d, 0x00, 0x00,
    0x00, 0x01, 0x00, 0x00, 0x00, 0x20, 0x00, 0x00, 0x00, 0x7e, 0x00, 0x00, 0x00, 0x03, 0x00, 0x00,
    0x00, 0xa0, 0x00, 0x00, 0x00, 0xac, 0x00, 0x00, 0x00, 0x62, 0x00, 0x00, 0x00, 0xad, 0x00, 0x00,
    0x00, 0xad, 0x00, 0x00, 0x03, 0x71, 0x00, 0x00, 0x00, 0xae, 0x00, 0x00, 0x01, 0x7f, 0x00, 0x00,
    0x00, 0x6f, 0x00, 0x00, 0x01, 0x81, 0x00, 0x00, 0x01, 0x81, 0x00, 0x00, 0x01, 0x41, 0x00, 0x00,
    0x01, 0x86, 0x00, 0x00, 0x01, 0x86, 0x00, 0x00, 0x01, 0x42, 0x00, 0x00, 0x01, 0x89, 0x00, 0x00,
    0x01, 0x8a, 0x00, 0x00, 0x01, 0x43, 0x00, 0x00, 0x01, 0x8f, 0x00, 0x00, 0x01, 0x94, 0x00, 0x00,
    0x01, 0x45, 0x00, 0x00, 0x01, 0x97, 0x00, 0x00, 0x01, 0x99, 0x00, 0x00, 0x01, 0x4b, 0x00, 0x00,
    0x01, 0x9d, 0x00, 0x00, 0x01, 0x9d, 0x00, 0x00, 0x01, 0x4e, 0x00, 0x00, 0x01, 0xa0, 0x00, 0x00,
    0x01, 0xa3, 0x00, 0x00, 0x01, 0x4f, 0x00, 0x00, 0x01, 0xaf, 0x00, 0x00, 0x01, 0xb0, 0x00, 0x00,
    0x01, 0x53, 0x00, 0x00, 0x01, 0xb2, 0x00, 0x00, 0x01, 0xb4, 0x00, 0x00, 0x01, 0x55, 0x00, 0x00,
    0x01, 0xb7, 0x00, 0x00, 0x01, 0xb7, 0x00, 0x00, 0x01, 0x58, 0x00, 0x00, 0x01, 0xc0, 0x00, 0x00,
    0x01, 0xc3, 0x00, 0x00, 0x01, 0x59, 0x00, 0x00, 0x01, 0xca, 0x00, 0x00, 0x01, 0xdc, 0x00, 0x00,
    0x01, 0x5d, 0x00, 0x00, 0x01, 0xde, 0x00, 0x00, 0x01, 0xdf, 0x00, 0x00, 0x01, 0x70, 0x00, 0x00,
    0x01, 0xe4, 0x00, 0x00, 0x01, 0xeb, 0x00, 0x00, 0x01, 0x72, 0x00, 0x00, 0x01, 0xee, 0x00, 0x00,
    0x01, 0xef, 0x00, 0x00, 0x01, 0x7a, 0x00, 0x00, 0x01, 0xf4, 0x00, 0x00, 0x01, 0xf5, 0x00, 0x00,
    0x01, 0x7c, 0x00, 0x00, 0x01, 0xf8, 0x00, 0x00, 0x01, 0xf9, 0x00, 0x00, 0x01, 0x7e, 0x00, 0x00,
    0x02, 0x18, 0x00, 0x00, 0x02, 0x1b, 0x00, 0x00, 0x01, 0x80, 0x00, 0x00, 0x02, 0x1e, 0x00, 0x00,
    0x02, 0x1f, 0x00, 0x00, 0x01, 0x84, 0x00, 0x00, 0x02, 0x2c, 0x00, 0x00, 0x02, 0x33, 0x00, 0x00,
    0x01, 0x86, 0x00, 0x00, 0x02, 0x44, 0x00, 0x00, 0x02, 0x44, 0x00, 0x00, 0x01, 0x8e, 0x00, 0x00,
    0x02, 0x53, 0x00, 0x00, 0x02, 0x54, 0x00, 0x00, 0x01, 0x8f, 0x00, 0x00, 0x02, 0x56, 0x00, 0x00,
    0x02, 0x57, 0x00, 0x00, 0x01, 0x91, 0x00, 0x00, 0x02, 0x59, 0x00, 0x00, 0x02, 0x59, 0x00, 0x00,
    0x01, 0x93, 0x00, 0x00, 0x02, 0x5b, 0x00, 0x00, 0x02, 0x5b, 0x00, 0x00, 0x01, 0x94, 0x00, 0x00,
    0x02, 0x60, 0x00, 0x00, 0x02, 0x60, 0x00, 0x00, 0x01, 0x95, 0x00, 0x00, 0x02, 0x63, 0x00, 0x00,
    0x02, 0x63, 0x00, 0x00, 0x01, 0x96, 0x00, 0x00, 0x02, 0x68, 0x00, 0x00, 0x02, 0x68, 0x00, 0x00,
    0x01, 0x97, 0x00, 0x00, 0x02, 0x72, 0x00, 0x00, 0x02, 0x72, 0x00, 0x00, 0x01, 0x98, 0x00, 0x00,
    0x02, 0x78, 0x00, 0x00, 0x02, 0x78, 0x00, 0x00, 0x01, 0x99, 0x00, 0x00, 0x02, 0x89, 0x00, 0x00,
    0x02, 0x89, 0x00, 0x00, 0x01, 0x9a, 0x00, 0x00, 0x02, 0x8b, 0x00, 0x00, 0x02, 0x8b, 0x00, 0x00,
    0x01, 0x9b, 0x00, 0x00, 0x02, 0x92, 0x00, 0x00, 0x02, 0x92, 0x00, 0x00, 0x01, 0x9c, 0x00, 0x00,
    0x02, 0x94, 0x00, 0x00, 0x02, 0x94, 0x00, 0x00, 0x01, 0x9d, 0x00, 0x00, 0x02, 0xb9, 0x00, 0x00,
    0x02, 0xbd, 0x00, 0x00, 0x01, 0x9e, 0x00, 0x00, 0x02, 0xd0, 0x00, 0x00, 0x02, 0xd1, 0x00, 0x00,
    0x01, 0xa3, 0x00, 0x00, 0x03, 0x70, 0x00, 0x00, 0x03, 0x71, 0x00, 0x00, 0x03, 0x82, 0x00, 0x00,
    0x03, 0x76, 0x00, 0x00, 0x03, 0x77, 0x00, 0x00, 0x03, 0x80, 0x00, 0x00, 0x03, 0x7b, 0x00, 0x00,
    0x03, 0x7b, 0x00, 0x00, 0x03, 0x77, 0x00, 0x00, 0x03, 0x7c, 0x00, 0x00, 0x03, 0x7c, 0x00, 0x00,
    0x03, 0x79, 0x00, 0x00, 0x03, 0x7d, 0x00, 0x00, 0x03, 0x7d, 0x00, 0x00, 0x03, 0x7b, 0x00, 0x00,
    0x03, 0x7e, 0x00, 0x00, 0x03, 0x7e, 0x00, 0x00, 0x01, 0xa5, 0x00, 0x00, 0x03, 0x7f, 0x00, 0x00,
    0x03, 0x7f, 0x00, 0x00, 0x03, 0x7c, 0x00, 0x00, 0x03, 0x84, 0x00, 0x00, 0x03, 0x85, 0x00, 0x00,
    0x03, 0x74, 0x00, 0x00, 0x03, 0x86, 0x00, 0x00, 0x03, 0x8a, 0x00, 0x00, 0x01, 0xa6, 0x00, 0x00,
    0x03, 0x8c, 0x00, 0x00, 0x03, 0x8c, 0x00, 0x00, 0x01, 0xab, 0x00, 0x00, 0x03, 0x8e, 0x00, 0x00,
    0x03, 0xa1, 0x00, 0x00, 0x01, 0xac, 0x00, 0x00, 0x03, 0xa3, 0x00, 0x00, 0x03, 0xce, 0x00, 0x00,
    0x01, 0xc0, 0x00, 0x00, 0x03, 0xd0, 0x00, 0x00, 0x03, 0xd1, 0x00, 0x00, 0x01, 0xec, 0x00, 0x00,
    0x03, 0xd5, 0x00, 0x00, 0x03, 0xd5, 0x00, 0x00, 0x01, 0xee, 0x00, 0x00, 0x03, 0xd8, 0x00, 0x00,
    0x03, 0xd9, 0x00, 0x00, 0x03, 0x7e, 0x00, 0x00, 0x03, 0xda, 0x00, 0x00, 0x03, 0xdb, 0x00, 0x00,
    0x01, 0xef, 0x00, 0x00, 0x03, 0xf2, 0x00, 0x00, 0x03, 0xf2, 0x00, 0x00, 0x01, 0xf1, 0x00, 0x00,
    0x03, 0xf3, 0x00, 0x00, 0x03, 0xf3, 0x00, 0x00, 0x03, 0x7d, 0x00, 0x00, 0x03, 0xf4, 0x00, 0x00,
    0x03, 0xf4, 0x00, 0x00, 0x01, 0xf2, 0x00, 0x00, 0x03, 0xf9, 0x00, 0x00, 0x03, 0xf9, 0x00, 0x00,
    0x01, 0xf3, 0x00, 0x00, 0x03, 0xfd, 0x00, 0x00, 0x03, 0xfd, 0x00, 0x00, 0x03, 0x76, 0x00, 0x00,
    0x03, 0xfe, 0x00, 0x00, 0x03, 0xfe, 0x00, 0x00, 0x03, 0x78, 0x00, 0x00, 0x03, 0xff, 0x00, 0x00,
    0x03, 0xff, 0x00, 0x00, 0x03, 0x7a, 0x00, 0x00, 0x04, 0x00, 0x00, 0x00, 0x04, 0x5f, 0x00, 0x00,
    0x01, 0xf4, 0x00, 0x00, 0x04, 0x90, 0x00, 0x00, 0x04, 0x93, 0x00, 0x00, 0x02, 0x54, 0x00, 0x00,
    0x04, 0x96, 0x00, 0x00, 0x04, 0x9b, 0x00, 0x00, 0x02, 0x58, 0x00, 0x00, 0x04, 0xa0, 0x00, 0x00,
    0x04, 0xa3, 0x00, 0x00, 0x02, 0x5e, 0x00, 0x00, 0x04, 0xa8, 0x00, 0x00, 0x04, 0xab, 0x00, 0x00,
    0x02, 0x62, 0x00, 0x00, 0x04, 0xae, 0x00, 0x00, 0x04, 0xb3, 0x00, 0x00, 0x02, 0x66, 0x00, 0x00,
    0x04, 0xba, 0x00, 0x00, 0x04, 0xbb, 0x00, 0x00, 0x02, 0x6c, 0x00, 0x00, 0x04, 0xd0, 0x00, 0x00,
    0x04, 0xd1, 0x00, 0x00, 0x02, 0x6e, 0x00, 0x00, 0x04, 0xd6, 0x00, 0x00, 0x04, 0xd9, 0x00, 0x00,
    0x02, 0x70, 0x00, 0x00, 0x04, 0xe0, 0x00, 0x00, 0x04, 0xe1, 0x00, 0x00, 0x02, 0x74, 0x00, 0x00,
    0x04, 0xe8, 0x00, 0x00, 0x04, 0xe9, 0x00, 0x00, 0x02, 0x76, 0x00, 0x00, 0x04, 0xf2, 0x00, 0x00,
    0x04, 0xf3, 0x00, 0x00, 0x02, 0x78, 0x00, 0x00, 0x09, 0xf3, 0x00, 0x00, 0x09, 0xf3, 0x00, 0x00,
    0x02, 0x7a, 0x00, 0x00, 0x0e, 0x3f, 0x00, 0x00, 0x0e, 0x3f, 0x00, 0x00, 0x02, 0x7b, 0x00, 0x00,
    0x17, 0xdb, 0x00, 0x00, 0x17, 0xdb, 0x00, 0x00, 0x02, 0x7c, 0x00, 0x00, 0x1e, 0x02, 0x00, 0x00,
    0x1e, 0x03, 0x00, 0x00, 0x02, 0x7d, 0x00, 0x00, 0x1e, 0x0a, 0x00, 0x00, 0x1e, 0x0d, 0x00, 0x00,
    0x02, 0x7f, 0x00, 0x00, 0x1e, 0x10, 0x00, 0x00, 0x1e, 0x11, 0x00, 0x00, 0x02, 0x83, 0x00, 0x00,
    0x1e, 0x1e, 0x00, 0x00, 0x1e, 0x1f, 0x00, 0x00, 0x02, 0x85, 0x00, 0x00, 0x1e, 0x24, 0x00, 0x00,
    0x1e, 0x25, 0x00, 0x00, 0x02, 0x87, 0x00, 0x00, 0x1e, 0x36, 0x00, 0x00, 0x1e, 0x37, 0x00, 0x00,
    0x02, 0x89, 0x00, 0x00, 0x1e, 0x3a, 0x00, 0x00, 0x1e, 0x3b, 0x00, 0x00, 0x02, 0x8b, 0x00, 0x00,
    0x1e, 0x3e, 0x00, 0x00, 0x1e, 0x41, 0x00, 0x00, 0x02, 0x8d, 0x00, 0x00, 0x1e, 0x44, 0x00, 0x00,
    0x1e, 0x45, 0x00, 0x00, 0x02, 0x91, 0x00, 0x00, 0x1e, 0x48, 0x00, 0x00, 0x1e, 0x49, 0x00, 0x00,
    0x02, 0x93, 0x00, 0x00, 0x1e, 0x56, 0x00, 0x00, 0x1e, 0x57, 0x00, 0x00, 0x02, 0x95, 0x00, 0x00,
    0x1e, 0x5a, 0x00, 0x00, 0x1e, 0x5b, 0x00, 0x00, 0x02, 0x97, 0x00, 0x00, 0x1e, 0x60, 0x00, 0x00,
    0x1e, 0x63, 0x00, 0x00, 0x02, 0x99, 0x00, 0x00, 0x1e, 0x6a, 0x00, 0x00, 0x1e, 0x6d, 0x00, 0x00,
    0x02, 0x9d, 0x00, 0x00, 0x1e, 0x7c, 0x00, 0x00, 0x1e, 0x7d, 0x00, 0x00, 0x02, 0xa1, 0x00, 0x00,
    0x1e, 0x80, 0x00, 0x00, 0x1e, 0x85, 0x00, 0x00, 0x02, 0xa3, 0x00, 0x00, 0x1e, 0x92, 0x00, 0x00,
    0x1e, 0x93, 0x00, 0x00, 0x02, 0xa9, 0x00, 0x00, 0x1e, 0x9b, 0x00, 0x00, 0x1e, 0x9c, 0x00, 0x00,
    0x02, 0xab, 0x00, 0x00, 0x1e, 0x9e, 0x00, 0x00, 0x1e, 0x9e, 0x00, 0x00, 0x02, 0xad, 0x00, 0x00,
    0x1e, 0xa0, 0x00, 0x00, 0x1e, 0xf9, 0x00, 0x00, 0x02, 0xae, 0x00, 0x00, 0x1f, 0x74, 0x00, 0x00,
    0x1f, 0x74, 0x00, 0x00, 0x03, 0x08, 0x00, 0x00, 0x1f, 0x78, 0x00, 0x00, 0x1f, 0x78, 0x00, 0x00,
    0x03, 0x09, 0x00, 0x00, 0x1f, 0xc6, 0x00, 0x00, 0x1f, 0xc6, 0x00, 0x00, 0x03, 0x0a, 0x00, 0x00,
    0x1f, 0xca, 0x00, 0x00, 0x1f, 0xca, 0x00, 0x00, 0x03, 0x0b, 0x00, 0x00, 0x1f, 0xf6, 0x00, 0x00,
    0x1f, 0xf6, 0x00, 0x00, 0x03, 0x0c, 0x00, 0x00, 0x1f, 0xf8, 0x00, 0x00, 0x1f, 0xf8, 0x00, 0x00,
    0x03, 0x0d, 0x00, 0x00, 0x20, 0x10, 0x00, 0x00, 0x20, 0x23, 0x00, 0x00, 0x03, 0x0e, 0x00, 0x00,
    0x20, 0x24, 0x00, 0x00, 0x20, 0x24, 0x00, 0x00, 0x03, 0x72, 0x00, 0x00, 0x20, 0x26, 0x00, 0x00,
    0x20, 0x26, 0x00, 0x00, 0x03, 0x22, 0x00, 0x00, 0x20, 0x30, 0x00, 0x00, 0x20, 0x30, 0x00, 0x00,
    0x03, 0x23, 0x00, 0x00, 0x20, 0x32, 0x00, 0x00, 0x20, 0x33, 0x00, 0x00, 0x03, 0x24, 0x00, 0x00,
    0x20, 0x3e, 0x00, 0x00, 0x20, 0x3e, 0x00, 0x00, 0x03, 0x26, 0x00, 0x00, 0x20, 0xa1, 0x00, 0x00,
    0x20, 0xa1, 0x00, 0x00, 0x03, 0x27, 0x00, 0x00, 0x20, 0xa6, 0x00, 0x00, 0x20, 0xa6, 0x00, 0x00,
    0x03, 0x28, 0x00, 0x00, 0x20, 0xa9, 0x00, 0x00, 0x20, 0xae, 0x00, 0x00, 0x03, 0x29, 0x00, 0x00,
    0x20, 0xb1, 0x00, 0x00, 0x20, 0xb2, 0x00, 0x00, 0x03, 0x2f, 0x00, 0x00, 0x20, 0xb4, 0x00, 0x00,
    0x20, 0xb5, 0x00, 0x00, 0x03, 0x31, 0x00, 0x00, 0x20, 0xb8, 0x00, 0x00, 0x20, 0xba, 0x00, 0x00,
    0x03, 0x33, 0x00, 0x00, 0x20, 0xbc, 0x00, 0x00, 0x20, 0xbd, 0x00, 0x00, 0x03, 0x36, 0x00, 0x00,
    0x20, 0xbf, 0x00, 0x00, 0x20, 0xc1, 0x00, 0x00, 0x03, 0x38, 0x00, 0x00, 0x21, 0x13, 0x00, 0x00,
    0x21, 0x13, 0x00, 0x00, 0x03, 0x3b, 0x00, 0x00, 0x21, 0x16, 0x00, 0x00, 0x21, 0x17, 0x00, 0x00,
    0x03, 0x3c, 0x00, 0x00, 0x21, 0x22, 0x00, 0x00, 0x21, 0x22, 0x00, 0x00, 0x03, 0x3e, 0x00, 0x00,
    0x21, 0x2e, 0x00, 0x00, 0x21, 0x2e, 0x00, 0x00, 0x03, 0x3f, 0x00, 0x00, 0x22, 0x05, 0x00, 0x00,
    0x22, 0x05, 0x00, 0x00, 0x03, 0x40, 0x00, 0x00, 0x22, 0x12, 0x00, 0x00, 0x22, 0x12, 0x00, 0x00,
    0x03, 0x41, 0x00, 0x00, 0x22, 0x15, 0x00, 0x00, 0x22, 0x15, 0x00, 0x00, 0x03, 0x73, 0x00, 0x00,
    0x22, 0x60, 0x00, 0x00, 0x22, 0x61, 0x00, 0x00, 0x03, 0x42, 0x00, 0x00, 0x22, 0xb9, 0x00, 0x00,
    0x22, 0xb9, 0x00, 0x00, 0x03, 0x44, 0x00, 0x00, 0x23, 0x18, 0x00, 0x00, 0x23, 0x18, 0x00, 0x00,
    0x03, 0x45, 0x00, 0x00, 0x25, 0xb2, 0x00, 0x00, 0x25, 0xb3, 0x00, 0x00, 0x03, 0x46, 0x00, 0x00,
    0x25, 0xb6, 0x00, 0x00, 0x25, 0xb7, 0x00, 0x00, 0x03, 0x48, 0x00, 0x00, 0x25, 0xbc, 0x00, 0x00,
    0x25, 0xbd, 0x00, 0x00, 0x03, 0x4a, 0x00, 0x00, 0x25, 0xc0, 0x00, 0x00, 0x25, 0xc1, 0x00, 0x00,
    0x03, 0x4c, 0x00, 0x00, 0x26, 0x10, 0x00, 0x00, 0x26, 0x12, 0x00, 0x00, 0x03, 0x4e, 0x00, 0x00,
    0x26, 0x15, 0x00, 0x00, 0x26, 0x17, 0x00, 0x00, 0x03, 0x51, 0x00, 0x00, 0x26, 0x21, 0x00, 0x00,
    0x26, 0x21, 0x00, 0x00, 0x03, 0x54, 0x00, 0x00, 0x26, 0x2f, 0x00, 0x00, 0x26, 0x2f, 0x00, 0x00,
    0x03, 0x55, 0x00, 0x00, 0x26, 0xc9, 0x00, 0x00, 0x26, 0xca, 0x00, 0x00, 0x03, 0x56, 0x00, 0x00,
    0x26, 0xd4, 0x00, 0x00, 0x26, 0xd4, 0x00, 0x00, 0x03, 0x58, 0x00, 0x00, 0x26, 0xf6, 0x00, 0x00,
    0x26, 0xf6, 0x00, 0x00, 0x03, 0x59, 0x00, 0x00, 0x2e, 0x2e, 0x00, 0x00, 0x2e, 0x2e, 0x00, 0x00,
    0x03, 0x5a, 0x00, 0x00, 0x2e, 0x38, 0x00, 0x00, 0x2e, 0x38, 0x00, 0x00, 0x03, 0x5b, 0x00, 0x00,
    0x2e, 0x4b, 0x00, 0x00, 0x2e, 0x4b, 0x00, 0x00, 0x03, 0x5c, 0x00, 0x00, 0x30, 0x00, 0x00, 0x00,
    0x30, 0x00, 0x00, 0x00, 0x03, 0x5d, 0x00, 0x00, 0x30, 0x12, 0x00, 0x00, 0x30, 0x12, 0x00, 0x00,
    0x03, 0x5e, 0x00, 0x00, 0x51, 0x43, 0x00, 0x00, 0x51, 0x43, 0x00, 0x00, 0x03, 0x5f, 0x00, 0x00,
    0x51, 0x86, 0x00, 0x00, 0x51, 0x86, 0x00, 0x00, 0x03, 0x60, 0x00, 0x00, 0x83, 0x36, 0x00, 0x00,
    0x83, 0x36, 0x00, 0x00, 0x03, 0x61, 0x00, 0x00, 0x9a, 0x6c, 0x00, 0x00, 0x9a, 0x6c, 0x00, 0x00,
    0x03, 0x62, 0x00, 0x00, 0x9f, 0x99, 0x00, 0x00, 0x9f, 0x99, 0x00, 0x00, 0x03, 0x63, 0x00, 0x00,
    0xa6, 0x6e, 0x00, 0x00, 0xa6, 0x6e, 0x00, 0x00, 0x03, 0x64, 0x00, 0x00, 0xa7, 0x8b, 0x00, 0x00,
    0xa7, 0x8c, 0x00, 0x00, 0x03, 0x65, 0x00, 0x00, 0xff, 0xfd, 0x00, 0x00, 0xff, 0xfd, 0x00, 0x00,
    0x03, 0x67, 0x00, 0x01, 0xd5, 0x4f, 0x00, 0x01, 0xd5, 0x4f, 0x00, 0x00, 0x03, 0x68, 0x00, 0x01,
    0xf3, 0x75, 0x00, 0x01, 0xf3, 0x75, 0x00, 0x00, 0x03, 0x69, 0x00, 0x01, 0xf4, 0x7d, 0x00, 0x01,
    0xf4, 0x7d, 0x00, 0x00, 0x03, 0x6a, 0x00, 0x01, 0xf4, 0xc4, 0x00, 0x01, 0xf4, 0xc4, 0x00, 0x00,
    0x03, 0x6b, 0x00, 0x01, 0xf4, 0xe4, 0x00, 0x01, 0xf4, 0xe5, 0x00, 0x00, 0x03, 0x6c, 0x00, 0x01,
    0xf6, 0xac, 0x00, 0x01, 0xf6, 0xac, 0x00, 0x00, 0x03, 0x6e, 0x00, 0x01, 0xf9, 0x16, 0x00, 0x01,
    0xf9, 0x16, 0x00, 0x00, 0x03, 0x6f, 0x00, 0x01, 0xf9, 0x65, 0x00, 0x01, 0xf9, 0x65, 0x00, 0x00,
    0x03, 0x70, 0x00, 0x00, 0x01, 0x06, 0x00, 0x00, 0x01, 0x00, 0x00, 0x00, 0x00, 0x00, 0x00, 0x00,
    0x01, 0x02, 0x00, 0x00, 0x00, 0x02, 0x00, 0x00, 0x00, 0x00, 0x00, 0x00, 0x00, 0x00, 0x00, 0x00,
    0x00, 0x00, 0x00, 0x00, 0x00, 0x01, 0x00, 0x00, 0x03, 0x04, 0x05, 0x06, 0x07, 0x08, 0x09, 0x0a,
    0x0b, 0x0c, 0x0d, 0x0e, 0x0f, 0x10, 0x11, 0x12, 0x13, 0x14, 0x15, 0x16, 0x17, 0x18, 0x19, 0x1a,
    0x1b, 0x1c, 0x1d, 0x1e, 0x1f, 0x20, 0x21, 0x22, 0x23, 0x24, 0x25, 0x26, 0x27, 0x28, 0x29, 0x2a,
    0x2b, 0x2c, 0x2d, 0x2e, 0x2f, 0x30, 0x31, 0x32, 0x33, 0x34, 0x35, 0x36, 0x37, 0x38, 0x39, 0x3a,
    0x3b, 0x3c, 0x3d, 0x3e, 0x3f, 0x40, 0x41, 0x42, 0x43, 0x44, 0x45, 0x46, 0x47, 0x48, 0x49, 0x4a,
    0x4b, 0x4c, 0x4d, 0x4e, 0x4f, 0x50, 0x51, 0x52, 0x53, 0x54, 0x55, 0x56, 0x57, 0x58, 0x59, 0x5a,
    0x5b, 0x5c, 0x5d, 0x5e, 0x5f, 0x60, 0x61, 0x00, 0x85, 0x86, 0x88, 0x8a, 0x92, 0x97, 0x9d, 0xa2,
    0xa1, 0xa3, 0xa5, 0xa4, 0xa6, 0xa8, 0xaa, 0xa9, 0xab, 0xac, 0xae, 0xad, 0xaf, 0xb0, 0xb2, 0xb4,
    0xb3, 0xb5, 0xb7, 0xb6, 0xbb, 0xba, 0xbc, 0xbd, 0x00, 0x71, 0x64, 0x65, 0x69, 0x00, 0x77, 0xa0,
    0x6f, 0x6b, 0x00, 0x75, 0x6a, 0x00, 0x87, 0x99, 0x00, 0x72, 0x00, 0x00, 0x67, 0x76, 0x00, 0x00,
    0x00, 0x00, 0x00, 0x6c, 0x7b, 0x00, 0xa7, 0xb9, 0x80, 0x63, 0x6e, 0x00, 0x00, 0x00, 0x00, 0x6d,
    0x7c, 0x00, 0x62, 0x81, 0x84, 0x96, 0x00, 0x00, 0x00, 0x00, 0x00, 0x00, 0x00, 0x00, 0xb8, 0x00,
    0xc0, 0x00, 0x00, 0x66, 0x00, 0x00, 0x00, 0x00, 0x00, 0x00, 0x00, 0x00, 0x00, 0x83, 0x8b, 0x82,
    0x8c, 0x89, 0x8e, 0x8f, 0x90, 0x8d, 0x94, 0x95, 0x00, 0x93, 0x9b, 0x9c, 0x9a, 0xf2, 0x00, 0x00,
    0x70, 0x00, 0x00, 0x00, 0x79, 0x00, 0x00, 0x00, 0x00, 0x00, 0x00, 0x14, 0x00, 0x14, 0x00, 0x14,
    0x00, 0x14, 0x00, 0x26, 0x00, 0x38, 0x00, 0x62, 0x00, 0xa0, 0x00, 0xc0, 0x01, 0x00, 0x01, 0x0c,
    0x01, 0x2c, 0x01, 0x4c, 0x01, 0x6a, 0x01, 0x7e, 0x01, 0x8e, 0x01, 0x9a, 0x01, 0xa6, 0x01, 0xbc,
    0x01, 0xee, 0x02, 0x02, 0x02, 0x30, 0x02, 0x5c, 0x02, 0x80, 0x02, 0xa8, 0x02, 0xce, 0x02, 0xea,
    0x03, 0x12, 0x03, 0x38, 0x03, 0x4a, 0x03, 0x62, 0x03, 0x84, 0x03, 0x98, 0x03, 0xba, 0x03, 0xe0,
    0x04, 0x2a, 0x04, 0x50, 0x04, 0x74, 0x04, 0xa6, 0x04, 0xca, 0x04, 0xec, 0x05, 0x0c, 0x05, 0x42,
    0x05, 0x68, 0x05, 0x7c, 0x05, 0x98, 0x05, 0xcc, 0x05, 0xe2, 0x06, 0x1a, 0x06, 0x46, 0x06, 0x7a,
    0x06, 0x9a, 0x06, 0xd6, 0x07, 0x00, 0x07, 0x32, 0x07, 0x4c, 0x07, 0x6c, 0x07, 0x94, 0x07, 0xca,
    0x08, 0x10, 0x08, 0x3e, 0x08, 0x6a, 0x08, 0x7a, 0x08, 0x90, 0x08, 0xa0, 0x08, 0xb6, 0x08, 0xc2,
    0x08, 0xd4, 0x08, 0xf2, 0x09, 0x1c, 0x09, 0x38, 0x09, 0x60, 0x09, 0x7e, 0x09, 0x9e, 0x09, 0xce,
    0x09, 0xf2, 0x0a, 0x0c, 0x0a, 0x26, 0x0a, 0x4c, 0x0a, 0x5e, 0x0a, 0x86, 0x0a, 0xaa, 0x0a, 0xc6,
    0x0a, 0xf2, 0x0b, 0x1c, 0x0b, 0x3a, 0x0b, 0x5c, 0x0b, 0x76, 0x0b, 0x96, 0x0b, 0xb0, 0x0b, 0xd4,
    0x0b, 0xfc, 0x0c, 0x1c, 0x0c, 0x40, 0x0c, 0x5a, 0x0c, 0x66, 0x0c, 0x80, 0x0c, 0x9c, 0x0c, 0x9c,
    0x0c, 0xae, 0x0c, 0xda, 0x0d, 0x02, 0x0d, 0x2a, 0x0d, 0x60, 0x0d, 0x74, 0x0d, 0xae, 0x0d, 0xc0,
    0x0d, 0xfc, 0x0e, 0x22, 0x0e, 0x5c, 0x0e, 0x6a, 0x0e, 0xaa, 0x0e, 0xb6, 0x0e, 0xd2, 0x0e, 0xec,
    0x0f, 0x0a, 0x0f, 0x2a, 0x0f, 0x3c, 0x0f, 0x5e, 0x0f, 0x7c, 0x0f, 0x88, 0x0f, 0x9e, 0x0f, 0xb2,
    0x0f, 0xcc, 0x10, 0x06, 0x10, 0x3e, 0x10, 0x7a, 0x10, 0xc0, 0x10, 0xe6, 0x11, 0x18, 0x11, 0x4a,
    0x11, 0x82, 0x11, 0xc0, 0x11, 0xf2, 0x12, 0x28, 0x12, 0x58, 0x12, 0x98, 0x12, 0xc6, 0x12, 0xf2,
    0x13, 0x24, 0x13, 0x50, 0x13, 0x72, 0x13, 0x94, 0x13, 0xba, 0x13, 0xda, 0x14, 0x04, 0x14, 0x46,
    0x14, 0x84, 0x14, 0xc2, 0x15, 0x06, 0x15, 0x4e, 0x15, 0x8c, 0x15, 0xc2, 0x16, 0x0e, 0x16, 0x3a,
    0x16, 0x66, 0x16, 0x98, 0x16, 0xc4, 0x16, 0xfe, 0x17, 0x2c, 0x17, 0x60, 0x17, 0x8c, 0x17, 0xb8,
    0x17, 0xe8, 0x18, 0x1c, 0x18, 0x46, 0x18, 0x7a, 0x18, 0xae, 0x18, 0xda, 0x19, 0x02, 0x19, 0x2a,
    0x19, 0x58, 0x19, 0x80, 0x19, 0xa0, 0x19, 0xc0, 0x19, 0xe4, 0x1a, 0x02, 0x1a, 0x30, 0x1a, 0x6a,
    0x1a, 0x92, 0x1a, 0xba, 0x1a, 0xe6, 0x1b, 0x18, 0x1b, 0x40, 0x1b, 0x58, 0x1b, 0x8c, 0x1b, 0xb8,
    0x1b, 0xe4, 0x1c, 0x14, 0x1c, 0x40, 0x1c, 0x6c, 0x1c, 0x98, 0x1c, 0xc2, 0x1c, 0xee, 0x1d, 0x12,
    0x1d, 0x48, 0x1d, 0x76, 0x1d, 0xa4, 0x1d, 0xca, 0x1e, 0x08, 0x1e, 0x30, 0x1e, 0x72, 0x1e, 0x9e,
    0x1e, 0xd6, 0x1e, 0xf8, 0x1f, 0x3a, 0x1f, 0x66, 0x1f, 0x9a, 0x1f, 0xca, 0x1f, 0xf4, 0x20, 0x22,
    0x20, 0x4a, 0x20, 0x6c, 0x20, 0x9e, 0x20, 0xca, 0x20, 0xf2, 0x21, 0x16, 0x21, 0x3e, 0x21, 0x62,
    0x21, 0x94, 0x21, 0xc2, 0x22, 0x0a, 0x22, 0x4c, 0x22, 0x92, 0x22, 0xd2, 0x23, 0x0e, 0x23, 0x46,
    0x23, 0x88, 0x23, 0xc4, 0x23, 0xfc, 0x24, 0x32, 0x24, 0x5e, 0x24, 0x88, 0x24, 0xb4, 0x24, 0xdc,
    0x24, 0xf6, 0x25, 0x0e, 0x25, 0x32, 0x25, 0x54, 0x25, 0x70, 0x25, 0x90, 0x25, 0xac, 0x25, 0xbe,
    0x25, 0xea, 0x26, 0x16, 0x26, 0x44, 0x26, 0x6a, 0x26, 0xa8, 0x26, 0xd8, 0x26, 0xfe, 0x27, 0x22,
    0x27, 0x42, 0x27, 0x64, 0x27, 0x82, 0x27, 0xa0, 0x27, 0xba, 0x27, 0xd8, 0x27, 0xf2, 0x28, 0x16,
    0x28, 0x30, 0x28, 0x66, 0x28, 0x96, 0x28, 0xcc, 0x28, 0xfa, 0x29, 0x36, 0x29, 0x6a, 0x29, 0x94,
    0x29, 0xbe, 0x29, 0xe6, 0x2a, 0x1e, 0x2a, 0x40, 0x2a, 0x82, 0x2a, 0xae, 0x2a, 0xf8, 0x2b, 0x2a,
    0x2b, 0x5a, 0x2b, 0x88, 0x2b, 0xbc, 0x2b, 0xe4, 0x2c, 0x18, 0x2c, 0x42, 0x2c, 0x7c, 0x2c, 0xaa,
    0x2c, 0xe6, 0x2d, 0x14, 0x2d, 0x56, 0x2d, 0x8a, 0x2d, 0xca, 0x2d, 0xfa, 0x2e, 0x3c, 0x2e, 0x70,
    0x2e, 0x98, 0x2e, 0xbe, 0x2e, 0xe8, 0x2f, 0x06, 0x2f, 0x28, 0x2f, 0x4a, 0x2f, 0x80, 0x2f, 0xb8,
    0x2f, 0xde, 0x30, 0x04, 0x30, 0x34, 0x30, 0x64, 0x30, 0x98, 0x30, 0xce, 0x31, 0x06, 0x31, 0x3c,
    0x31, 0x62, 0x31, 0x86, 0x31, 0xce, 0x32, 0x04, 0x32, 0x44, 0x32, 0x74, 0x32, 0xae, 0x32, 0xe4,
    0x33, 0x14, 0x33, 0x44, 0x33, 0x6e, 0x33, 0xaa, 0x33, 0xde, 0x33, 0xf0, 0x34, 0x1a, 0x34, 0x4c,
    0x34, 0x76, 0x34, 0xa0, 0x34, 0xd6, 0x35, 0x04, 0x35, 0x26, 0x35, 0x46, 0x35, 0x7e, 0x35, 0xb6,
    0x35, 0xd2, 0x36, 0x0e, 0x36, 0x38, 0x36, 0x66, 0x36, 0x9a, 0x36, 0xbe, 0x37, 0x02, 0x37, 0x28,
    0x37, 0x50, 0x37, 0x78, 0x37, 0x9a, 0x37, 0xd0, 0x37, 0xfc, 0x38, 0x26, 0x38, 0x32, 0x38, 0x44,
    0x38, 0x60, 0x38, 0x72, 0x38, 0xac, 0x38, 0xe6, 0x39, 0x1e, 0x39, 0x54, 0x39, 0x84, 0x39, 0xaa,
    0x39, 0xce, 0x3a, 0x12, 0x3a, 0x3e, 0x3a, 0x70, 0x3a, 0xa2, 0x3a, 0xd4, 0x3b, 0x06, 0x3b, 0x3e,
    0x3b, 0x74, 0x3b, 0xb2, 0x3b, 0xee, 0x3c, 0x26, 0x3c, 0x5e, 0x3c, 0x96, 0x3c, 0xc6, 0x3d, 0x04,
    0x3d, 0x3c, 0x3d, 0x84, 0x3d, 0xc6, 0x3e, 0x0a, 0x3e, 0x42, 0x3e, 0x7a, 0x3e, 0x9c, 0x3e, 0xd8,
    0x3f, 0x14, 0x3f, 0x56, 0x3f, 0x92, 0x3f, 0xc8, 0x3f, 0xf8, 0x40, 0x34, 0x40, 0x60, 0x40, 0x86,
    0x40, 0xaa, 0x40, 0xe0, 0x41, 0x16, 0x41, 0x64, 0x41, 0x9a, 0x41, 0xd4, 0x41, 0xf6, 0x42, 0x34,
    0x42, 0x5c, 0x42, 0x8e, 0x42, 0xb4, 0x42, 0xde, 0x43, 0x0c, 0x43, 0x28, 0x43, 0x54, 0x43, 0x88,
    0x43, 0xa6, 0x43, 0xd2, 0x44, 0x0e, 0x44, 0x36, 0x44, 0x56, 0x44, 0x7e, 0x44, 0xac, 0x44, 0xd6,
    0x44, 0xf4, 0x45, 0x1e, 0x45, 0x44, 0x45, 0x50, 0x45, 0x62, 0x45, 0x6e, 0x45, 0x7a, 0x45, 0x86,
    0x45, 0xa0, 0x45, 0xb0, 0x45, 0xc8, 0x45, 0xf4, 0x46, 0x00, 0x46, 0x28, 0x46, 0x54, 0x46, 0x70,
    0x46, 0xaa, 0x46, 0xde, 0x47, 0x26, 0x47, 0x46, 0x47, 0x6c, 0x47, 0x90, 0x47, 0xa8, 0x47, 0xd4,
    0x47, 0xf6, 0x48, 0x22, 0x48, 0x48, 0x48, 0x82, 0x48, 0x96, 0x48, 0xca, 0x48, 0xf4, 0x49, 0x2c,
    0x49, 0x58, 0x49, 0x7c, 0x49, 0xb0, 0x49, 0xce, 0x49, 0xee, 0x4a, 0x1c, 0x4a, 0x36, 0x4a, 0x64,
    0x4a, 0x90, 0x4a, 0xd6, 0x4b, 0x02, 0x4b, 0x44, 0x4b, 0x64, 0x4b, 0x9e, 0x4b, 0xca, 0x4b, 0xfc,
    0x4c, 0x20, 0x4c, 0x36, 0x4c, 0x64, 0x4c, 0x8a, 0x4c, 0xb6, 0x4c, 0xd4, 0x4d, 0x0c, 0x4d, 0x38,
    0x4d, 0x62, 0x4d, 0x82, 0x4d, 0xa2, 0x4d, 0xb0, 0x4d, 0xd2, 0x4d, 0xf2, 0x4e, 0x12, 0x4e, 0x30,
    0x4e, 0x66, 0x4e, 0x82, 0x4e, 0x9a, 0x4e, 0xbc, 0x4e, 0xe4, 0x4f, 0x06, 0x4f, 0x18, 0x4f, 0x36,
    0x4f, 0x68, 0x4f, 0x98, 0x4f, 0xbc, 0x4f, 0xea, 0x50, 0x04, 0x50, 0x2e, 0x50, 0x50, 0x50, 0x74,
    0x50, 0xa8, 0x50, 0xda, 0x51, 0x0a, 0x51, 0x36, 0x51, 0x68, 0x51, 0x8e, 0x51, 0xaa, 0x51, 0xe0,
    0x52, 0x12, 0x52, 0x40, 0x52, 0x6c, 0x52, 0x98, 0x52, 0xbc, 0x52, 0xee, 0x53, 0x20, 0x53, 0x34,
    0x53, 0x54, 0x53, 0x70, 0x53, 0x9c, 0x53, 0xca, 0x53, 0xf6, 0x54, 0x34, 0x54, 0x70, 0x54, 0xae,
    0x54, 0xd0, 0x54, 0xf6, 0x55, 0x18, 0x55, 0x3c, 0x55, 0x54, 0x55, 0x7a, 0x55, 0x9c, 0x55, 0xee,
    0x56, 0x1c, 0x56, 0x4c, 0x56, 0x8c, 0x56, 0xc0, 0x56, 0xe2, 0x57, 0x1a, 0x57, 0x40, 0x57, 0x74,
    0x57, 0x92, 0x57, 0xb2, 0x57, 0xe4, 0x57, 0xfe, 0x58, 0x2c, 0x58, 0x56, 0x58, 0x9c, 0x58, 0xbe,
    0x58, 0xe6, 0x59, 0x0c, 0x59, 0x36, 0x59, 0x58, 0x59, 0x86, 0x59, 0xa4, 0x59, 0xd8, 0x5a, 0x08,
    0x5a, 0x32, 0x5a, 0x50, 0x5a, 0x80, 0x5a, 0xa2, 0x5a, 0xba, 0x5a, 0xde, 0x5a, 0xfc, 0x5b, 0x2e,
    0x5b, 0x54, 0x5b, 0x7e, 0x5b, 0xba, 0x5b, 0xe0, 0x5c, 0x00, 0x5c, 0x2a, 0x5c, 0x4e, 0x5c, 0x6a,
    0x5c, 0x86, 0x5c, 0xb2, 0x5c, 0xce, 0x5c, 0xe8, 0x5d, 0x08, 0x5d, 0x34, 0x5d, 0x5c, 0x5d, 0x7c,
    0x5d, 0xa2, 0x5d, 0xc2, 0x5d, 0xe6, 0x5e, 0x06, 0x5e, 0x32, 0x5e, 0x50, 0x5e, 0x76, 0x5e, 0xa4,
    0x5e, 0xca, 0x5e, 0xf2, 0x5f, 0x1a, 0x5f, 0x4a, 0x5f, 0x6c, 0x5f, 0x92, 0x5f, 0xb4, 0x5f, 0xce,
    0x5f, 0xec, 0x60, 0x06, 0x60, 0x30, 0x60, 0x5e, 0x60, 0x8a, 0x60, 0xbc, 0x60, 0xf4, 0x61, 0x24,
    0x61, 0x44, 0x61, 0x5c, 0x61, 0x72, 0x61, 0x92, 0x61, 0xb2, 0x62, 0x06, 0x62, 0x3a, 0x62, 0x70,
    0x62, 0xa0, 0x62, 0xd6, 0x62, 0xfe, 0x63, 0x34, 0x63, 0x5c, 0x63, 0x84, 0x63, 0xaa, 0x63, 0xe4,
    0x64, 0x16, 0x64, 0x50, 0x64, 0x74, 0x64, 0xa2, 0x64, 0xd0, 0x64, 0xfe, 0x65, 0x34, 0x65, 0x7e,
    0x65, 0xaa, 0x65, 0xd2, 0x65, 0xf6, 0x66, 0x2c, 0x66, 0x5a, 0x66, 0x8c, 0x66, 0xb8, 0x66, 0xee,
    0x67, 0x0c, 0x67, 0x36, 0x67, 0x60, 0x67, 0x96, 0x67, 0xb6, 0x67, 0xfc, 0x68, 0x32, 0x68, 0x5c,
    0x68, 0x92, 0x68, 0xb8, 0x68, 0xe2, 0x69, 0x12, 0x69, 0x3c, 0x69, 0x6c, 0x69, 0x94, 0x69, 0xc2,
    0x69, 0xf0, 0x6a, 0x24, 0x6a, 0x4a, 0x6a, 0x70, 0x6a, 0x9a, 0x6a, 0xc4, 0x6a, 0xe0, 0x6a, 0xf8,
    0x6b, 0x16, 0x6b, 0x2e, 0x6b, 0x72, 0x6b, 0xa6, 0x6b, 0xe4, 0x6c, 0x12, 0x6c, 0x42, 0x6c, 0x6a,
    0x6c, 0x9c, 0x6c, 0xc6, 0x6c, 0xec, 0x6d, 0x1e, 0x6d, 0x4e, 0x6d, 0x72, 0x6d, 0xaa, 0x6d, 0xd2,
    0x6e, 0x08, 0x6e, 0x30, 0x6e, 0x50, 0x6e, 0x70, 0x6e, 0x90, 0x6e, 0xae, 0x6e, 0xee, 0x6f, 0x1e,
    0x6f, 0x60, 0x6f, 0x90, 0x6f, 0xd2, 0x70, 0x02, 0x70, 0x44, 0x70, 0x74, 0x70, 0xa6, 0x70, 0xd0,
    0x70, 0xe8, 0x71, 0x02, 0x71, 0x32, 0x71, 0x5e, 0x71, 0x82, 0x71, 0xba, 0x71, 0xea, 0x72, 0x2e,
    0x72, 0x6a, 0x72, 0xae, 0x72, 0xe8, 0x73, 0x28, 0x73, 0x60, 0x73, 0xaa, 0x73, 0xf0, 0x74, 0x2c,
    0x74, 0x62, 0x74, 0xa4, 0x74, 0xde, 0x75, 0x20, 0x75, 0x5a, 0x75, 0x98, 0x75, 0xd0, 0x76, 0x1c,
    0x76, 0x60, 0x76, 0x9c, 0x76, 0xd0, 0x76, 0xf8, 0x77, 0x1a, 0x77, 0x4c, 0x77, 0x7a, 0x77, 0xb2,
    0x77, 0xe4, 0x78, 0x22, 0x78, 0x5a, 0x78, 0x96, 0x78, 0xce, 0x79, 0x08, 0x79, 0x3e, 0x79, 0x82,
    0x79, 0xc6, 0x79, 0xfe, 0x7a, 0x30, 0x7a, 0x58, 0x7a, 0x7c, 0x7a, 0x96, 0x7a, 0xb4, 0x7a, 0xec,
    0x7b, 0x0e, 0x7b, 0x52, 0x7b, 0x80, 0x7b, 0xd0, 0x7c, 0x08, 0x7c, 0x58, 0x7c, 0x90, 0x7c, 0xdc,
    0x7d, 0x10, 0x7d, 0x66, 0x7d, 0xa8, 0x7d, 0xf0, 0x7e, 0x22, 0x7e, 0x62, 0x7e, 0x92, 0x7e, 0xd2,
    0x7f, 0x02, 0x7f, 0x48, 0x7f, 0x7c, 0x7f, 0xc6, 0x7f, 0xfe, 0x80, 0x38, 0x80, 0x60, 0x80, 0x86,
    0x80, 0xac, 0x80, 0xde, 0x81, 0x10, 0x81, 0x44, 0x81, 0x78, 0x81, 0xac, 0x81, 0xe0, 0x82, 0x1a,
    0x82, 0x54, 0x82, 0x92, 0x82, 0xd2, 0x83, 0x00, 0x83, 0x2e, 0x83, 0x68, 0x83, 0x94, 0x83, 0xc8,
    0x83, 0xee, 0x84, 0x2e, 0x84, 0x60, 0x84, 0xa4, 0x84, 0xda, 0x85, 0x04, 0x85, 0x2c, 0x85, 0x62,
    0x85, 0x94, 0x85, 0xd8, 0x86, 0x16, 0x86, 0x22, 0x86, 0x2e, 0x86, 0x3c, 0x86, 0x4a, 0x86, 0x58,
    0x86, 0x66, 0x86, 0x7a, 0x86, 0x8c, 0x86, 0x98, 0x86, 0xa4, 0x86, 0xb0, 0x86, 0xbc, 0x86, 0xce,
    0x86, 0xe0, 0x86, 0xf2, 0x87, 0x04, 0x87, 0x1a, 0x87, 0x36, 0x87, 0x42, 0x87, 0x52, 0x87, 0x68,
    0x87, 0x8e, 0x87, 0x9a, 0x87, 0xac, 0x87, 0xb8, 0x87, 0xf2, 0x88, 0x2e, 0x88, 0x74, 0x88, 0x9a,
    0x88, 0xd0, 0x89, 0x04, 0x89, 0x38, 0x89, 0x62, 0x89, 0x8e, 0x89, 0xce, 0x89, 0xf6, 0x8a, 0x32,
    0x8a, 0x52, 0x8a, 0x7a, 0x8a, 0xb8, 0x8a, 0xde, 0x8b, 0x08, 0x8b, 0x38, 0x8b, 0x5a, 0x8b, 0x84,
    0x8b, 0xac, 0x8b, 0xea, 0x8c, 0x24, 0x8c, 0x4c, 0x8c, 0x70, 0x8c, 0xbc, 0x8c, 0xca, 0x8c, 0xe6,
    0x8d, 0x00, 0x8d, 0x1c, 0x8d, 0x5c, 0x8d, 0x70, 0x8d, 0x90, 0x8d, 0xa4, 0x8d, 0xc6, 0x8d, 0xda,
    0x8d, 0xfa, 0x8e, 0x10, 0x8e, 0x2e, 0x8e, 0x42, 0x8e, 0x68, 0x8e, 0x98, 0x8e, 0xd2, 0x8e, 0xfe,
    0x8f, 0x16, 0x8f, 0x38, 0x8f, 0x6e, 0x8f, 0x98, 0x8f, 0xb0, 0x8f, 0xd2, 0x8f, 0xf8, 0x90, 0x1e,
    0x90, 0x34, 0x90, 0x58, 0x90, 0x58, 0x90, 0x78, 0x90, 0xa4, 0x90, 0xc2, 0x91, 0x0c, 0x91, 0x32,
    0x91, 0x6e, 0x91, 0xb0, 0x91, 0xbc, 0x91, 0xc8, 0x92, 0x14, 0x92, 0x58, 0x92, 0x8c, 0x92, 0xb0,
    0x92, 0xd2, 0x92, 0xfe, 0x93, 0x28, 0x93, 0x48, 0x93, 0x88, 0x93, 0xb6, 0x93, 0xc2, 0x93, 0xce,
    0x93, 0xe4, 0x93, 0xf0, 0x94, 0x06, 0x94, 0x38, 0x94, 0x54, 0x94, 0x8c, 0x94, 0xae, 0x94, 0xe6,
    0x95, 0x08, 0x95, 0x24, 0x95, 0x3e, 0x95, 0x78, 0x95, 0x9a, 0x95, 0xc6, 0x95, 0xf0, 0x96, 0x0e,
    0x96, 0x24, 0x00, 0x00, 0x00, 0x02, 0x00, 0x00, 0x00, 0x00, 0x01, 0x40, 0x01, 0xc0, 0x00, 0x03,
    0x00, 0x07, 0x00, 0x00, 0x31, 0x11, 0x21, 0x11, 0x01, 0x11, 0x33, 0x11, 0x01, 0x40, 0xff, 0x00,
    0xc0, 0x01, 0xc0, 0xfe, 0x40, 0x01, 0x80, 0xfe, 0xc0, 0x01, 0x40, 0x00, 0x00, 0x02, 0x00, 0x00,
    0x00, 0x00, 0x00, 0x40, 0x01, 0xc0, 0x00, 0x03, 0x00, 0x07, 0x00, 0x00, 0x31, 0x35, 0x33, 0x15,
    0x27, 0x11, 0x33, 0x11, 0x40, 0x40, 0x40, 0x40, 0x40, 0x80, 0x01, 0x40, 0xfe, 0xc0, 0x00, 0x00,
    0x00, 0x02, 0x00, 0x00, 0x01, 0x40, 0x00, 0xc0, 0x01, 0xc0, 0x00, 0x03, 0x00, 0x07, 0x00, 0x00,
    0x13, 0x35, 0x33, 0x15, 0x23, 0x35, 0x33, 0x15, 0x80, 0x40, 0xc0, 0x40, 0x01, 0x40, 0x80, 0x80,
    0x80, 0x80, 0x00, 0x00, 0x00, 0x02, 0x00, 0x00, 0x00, 0x00, 0x01, 0x40, 0x01, 0xc0, 0x00, 0x1b,
    0x00, 0x1f, 0x00, 0x00, 0x33, 0x35, 0x23, 0x15, 0x23, 0x35, 0x23, 0x35, 0x33, 0x35, 0x23, 0x35,
    0x33, 0x35, 0x33, 0x15, 0x33, 0x35, 0x33, 0x15, 0x33, 0x15, 0x23, 0x15, 0x33, 0x15, 0x23, 0x15,
    0x27, 0x35, 0x23, 0x15, 0xc0, 0x40, 0x40, 0x40, 0x40, 0x40, 0x40, 0x40, 0x40, 0x40, 0x40, 0x40,
    0x40, 0x40, 0x40, 0x40, 0x80, 0x80, 0x80, 0x40, 0x40, 0x40, 0x80, 0x80, 0x80, 0x80, 0x40, 0x40,
    0x40, 0x80, 0xc0, 0x40, 0x40, 0x00, 0x00, 0x00, 0x00, 0x05, 0x00, 0x00, 0xff, 0xc0, 0x01, 0x80,
    0x02, 0x00, 0x00, 0x03, 0x00, 0x07, 0x00, 0x23, 0x00, 0x27, 0x00, 0x2d, 0x00, 0x00, 0x13, 0x35,
    0x23, 0x15, 0x05, 0x33, 0x15, 0x23, 0x25, 0x23, 0x35, 0x33, 0x35, 0x33, 0x35, 0x33, 0x15, 0x33,
    0x15, 0x23, 0x15, 0x33, 0x15, 0x23, 0x15, 0x33, 0x15, 0x23, 0x15, 0x23, 0x35, 0x23, 0x35, 0x33,
    0x35, 0x23, 0x15, 0x23, 0x35, 0x33, 0x13, 0x33, 0x35, 0x33, 0x15, 0x23, 0x80, 0x40, 0x01, 0x00,
    0x40, 0x40, 0xff, 0x00, 0x40, 0x40, 0x40, 0x40, 0x40, 0x40, 0x80, 0x80, 0x80, 0x80, 0x40, 0x40,
    0x40, 0x40, 0x40, 0x40, 0xc0, 0x40, 0x40, 0x80, 0x01, 0x00, 0x80, 0x80, 0x40, 0x80, 0xc0, 0x80,
    0x40, 0x40, 0x40, 0x40, 0x80, 0x40, 0x80, 0x40, 0x40, 0x40, 0x40, 0x80, 0x80, 0x40, 0x01, 0x00,
    0x40, 0x80, 0x00, 0x00, 0x00, 0x05, 0x00, 0x00, 0x00, 0x00, 0x01, 0x40, 0x01, 0xc0, 0x00, 0x03,
    0x00, 0x07, 0x00, 0x0b, 0x00, 0x0f, 0x00, 0x13, 0x00, 0x00, 0x33, 0x35, 0x33, 0x15, 0x33, 0x35,
    0x33, 0x15, 0x27, 0x35, 0x33, 0x15, 0x3d, 0x01, 0x33, 0x15, 0x2b, 0x01, 0x35, 0x33, 0x40, 0x40,
    0x40, 0x80, 0xc0, 0x40, 0x40, 0x80, 0x80, 0x80, 0x80, 0x80, 0x80, 0x80, 0x80, 0xc0, 0xc0, 0xc0,
    0x80, 0x80, 0x80, 0x00, 0x00, 0x0a, 0x00, 0x00, 0x00, 0x00, 0x01, 0x80, 0x01, 0xc0, 0x00, 0x03,
    0x00, 0x07, 0x00, 0x0b, 0x00, 0x0f, 0x00, 0x13, 0x00, 0x17, 0x00, 0x1f, 0x00, 0x23, 0x00, 0x27,
    0x00, 0x2b, 0x00, 0x00, 0x21, 0x35, 0x33, 0x15, 0x27, 0x15, 0x23, 0x35, 0x33, 0x35, 0x33, 0x15,
    0x21, 0x23, 0x35, 0x33, 0x05, 0x35, 0x33, 0x15, 0x2b, 0x01, 0x35, 0x33, 0x2b, 0x01, 0x35, 0x33,
    0x35, 0x33, 0x15, 0x23, 0x37, 0x35, 0x33, 0x15, 0x2b, 0x01, 0x35, 0x3b, 0x01, 0x23, 0x35, 0x33,
    0x01, 0x40, 0x40, 0x80, 0xc0, 0xc0, 0x40, 0xff, 0x00, 0x40, 0x40, 0x01, 0x00, 0x40, 0x80, 0x40,
    0x40, 0x40, 0x80, 0x40, 0x80, 0x40, 0x40, 0x40, 0xc0, 0x40, 0x40, 0x80, 0x80, 0x80, 0x40, 0x40,
    0x40, 0x40, 0x40, 0x40, 0x40, 0x80, 0x40, 0x80, 0x80, 0x40, 0x40, 0x40, 0x40, 0x40, 0x40, 0x40,
    0x40, 0x40, 0x00, 0x00, 0x00, 0x01, 0x00, 0x00, 0x01, 0x40, 0x00, 0x40, 0x01, 0xc0, 0x00, 0x03,
    0x00, 0x00, 0x11, 0x35, 0x33, 0x15, 0x40, 0x01, 0x40, 0x80, 0x80, 0x00, 0x00, 0x05, 0x00, 0x00,
    0xff, 0xc0, 0x00, 0xc0, 0x01, 0xc0, 0x00, 0x03, 0x00, 0x07, 0x00, 0x0b, 0x00, 0x0f, 0x00, 0x13,
    0x00, 0x00, 0x17, 0x35, 0x33, 0x15, 0x27, 0x23, 0x35, 0x33, 0x2b, 0x01, 0x35, 0x33, 0x31, 0x35,
    0x33, 0x15, 0x3d, 0x01, 0x33, 0x15, 0x80, 0x40, 0x40, 0x40, 0x40, 0x40, 0x40, 0x40, 0x40, 0x40,
    0x40, 0x40, 0x40, 0x40, 0x80, 0x80, 0x80, 0x80, 0x80, 0x40, 0x40, 0x00, 0x00, 0x05, 0x00, 0x00,
    0xff, 0xc0, 0x00, 0xc0, 0x01, 0xc0, 0x00, 0x03, 0x00, 0x07, 0x00, 0x0b, 0x00, 0x0f, 0x00, 0x13,
    0x00, 0x00, 0x15, 0x35, 0x33, 0x15, 0x3d, 0x01, 0x33, 0x15, 0x3d, 0x01, 0x33, 0x15, 0x27, 0x23,
    0x35, 0x33, 0x2b, 0x01, 0x35, 0x33, 0x40, 0x40, 0x40, 0x40, 0x40, 0x40, 0x40, 0x40, 0x40, 0x40,
    0x40, 0x40, 0x40, 0x80, 0x80, 0x80, 0x80, 0x80, 0x80, 0x80, 0x40, 0x00, 0x00, 0x03, 0x00, 0x00,
    0x00, 0xc0, 0x00, 0xc0, 0x01, 0xc0, 0x00, 0x03, 0x00, 0x07, 0x00, 0x13, 0x00, 0x00, 0x37, 0x35,
    0x33, 0x15, 0x23, 0x35, 0x33, 0x15, 0x3d, 0x01, 0x23, 0x35, 0x33, 0x35, 0x33, 0x15, 0x33, 0x15,
    0x23, 0x15, 0x80, 0x40, 0xc0, 0x40, 0x40, 0x40, 0x40, 0x40, 0x40, 0xc0, 0x40, 0x40, 0x40, 0x40,
    0x40, 0x40, 0x40, 0x40, 0x40, 0x40, 0x40, 0x00, 0x00, 0x01, 0x00, 0x00, 0x00, 0x40, 0x01, 0x40,
    0x01, 0x80, 0x00, 0x0b, 0x00, 0x00, 0x37, 0x35, 0x23, 0x35, 0x33, 0x35, 0x33, 0x15, 0x33, 0x15,
    0x23, 0x15, 0x80, 0x80, 0x80, 0x40, 0x80, 0x80, 0x40, 0x80, 0x40, 0x80, 0x80, 0x40, 0x80, 0x00,
    0x00, 0x02, 0x00, 0x00, 0xff, 0x80, 0x00, 0x80, 0x00, 0x40, 0x00, 0x03, 0x00, 0x07, 0x00, 0x00,
    0x15, 0x35, 0x33, 0x15, 0x3d, 0x01, 0x33, 0x15, 0x40, 0x40, 0x80, 0x40, 0x40, 0x40, 0x80, 0x80,
    0x00, 0x01, 0x00, 0x00, 0x00, 0xc0, 0x00, 0xc0, 0x01, 0x00, 0x00, 0x03, 0x00, 0x00, 0x13, 0x15,
    0x23, 0x35, 0xc0, 0xc0, 0x01, 0x00, 0x40, 0x40, 0x00, 0x01, 0x00, 0x00, 0x00, 0x00, 0x00, 0x40,
    0x00, 0x40, 0x00, 0x03, 0x00, 0x00, 0x31, 0x35, 0x33, 0x15, 0x40, 0x40, 0x40, 0x00, 0x00, 0x00,
    0x00, 0x03, 0x00, 0x00, 0x00, 0x00, 0x00, 0xc0, 0x01, 0xc0, 0x00, 0x03, 0x00, 0x07, 0x00, 0x0b,
    0x00, 0x00, 0x31, 0x35, 0x33, 0x15, 0x3d, 0x01, 0x33, 0x15, 0x3d, 0x01, 0x33, 0x15, 0x40, 0x40,
    0x40, 0x80, 0x80, 0x80, 0xc0, 0xc0, 0xc0, 0x80, 0x80, 0x00, 0x00, 0x00, 0x00, 0x08, 0x00, 0x00,
    0x00, 0x00, 0x01, 0x80, 0x01, 0xc0, 0x00, 0x03, 0x00, 0x07, 0x00, 0x0b, 0x00, 0x0f, 0x00, 0x13,
    0x00, 0x17, 0x00, 0x1b, 0x00, 0x1f, 0x00, 0x00, 0x25, 0x15, 0x23, 0x35, 0x33, 0x35, 0x33, 0x15,
    0x2b, 0x01, 0x35, 0x3b, 0x01, 0x35, 0x33, 0x15, 0x21, 0x23, 0x35, 0x33, 0x21, 0x23, 0x35, 0x33,
    0x05, 0x35, 0x33, 0x15, 0x37, 0x23, 0x35, 0x33, 0x01, 0x00, 0x80, 0x80, 0x40, 0xc0, 0x40, 0x40,
    0xc0, 0x40, 0xfe, 0xc0, 0x40, 0x40, 0x01, 0x00, 0x40, 0x40, 0xff, 0x00, 0x40, 0x80, 0x80, 0x80,
    0x40, 0x40, 0x40, 0x40, 0x40, 0x40, 0xc0, 0xc0, 0xc0, 0x40, 0x40, 0x40, 0x40, 0x40, 0x40, 0x00,
    0x00, 0x01, 0x00, 0x00, 0x00, 0x00, 0x00, 0xc0, 0x01, 0xc0, 0x00, 0x0b, 0x00, 0x00, 0x31, 0x35,
    0x33, 0x11, 0x23, 0x35, 0x33, 0x35, 0x33, 0x11, 0x33, 0x15, 0x40, 0x40, 0x40, 0x40, 0x40, 0x40,
    0x01, 0x00, 0x40, 0x40, 0xfe, 0x80, 0x40, 0x00, 0x00, 0x06, 0x00, 0x00, 0x00, 0x00, 0x01, 0x40,
    0x01, 0xc0, 0x00, 0x03, 0x00, 0x0d, 0x00, 0x11, 0x00, 0x15, 0x00, 0x19, 0x00, 0x1d, 0x00, 0x00,
    0x11, 0x35, 0x33, 0x15, 0x03, 0x35, 0x33, 0x35, 0x33, 0x15, 0x33, 0x35, 0x33, 0x15, 0x27, 0x35,
    0x33, 0x15, 0x3d, 0x01, 0x33, 0x15, 0x3d, 0x01, 0x33, 0x15, 0x27, 0x23, 0x35, 0x33, 0x40, 0x40,
    0x40, 0x40, 0x80, 0x40, 0xc0, 0x40, 0x40, 0x40, 0x40, 0xc0, 0xc0, 0x01, 0x40, 0x40, 0x40, 0xfe,
    0xc0, 0x40, 0x40, 0x40, 0x40, 0x80, 0x80, 0x40, 0x40, 0x40, 0x40, 0x40, 0x40, 0x80, 0x80, 0x80,
    0x40, 0x00, 0x00, 0x00, 0x00, 0x07, 0x00, 0x00, 0x00, 0x00, 0x01, 0x40, 0x01, 0xc0, 0x00, 0x03,
    0x00, 0x07, 0x00, 0x0b, 0x00, 0x0f, 0x00, 0x13, 0x00, 0x17, 0x00, 0x1b, 0x00, 0x00, 0x11, 0x35,
    0x33, 0x15, 0x13, 0x15, 0x23, 0x35, 0x33, 0x35, 0x33, 0x15, 0x21, 0x23, 0x35, 0x33, 0x37, 0x23,
    0x35, 0x33, 0x31, 0x35, 0x33, 0x15, 0x27, 0x23, 0x35, 0x33, 0x40, 0xc0, 0xc0, 0xc0, 0x40, 0xff,
    0x00, 0x40, 0x40, 0xc0, 0x80, 0x80, 0x40, 0x40, 0xc0, 0xc0, 0x01, 0x40, 0x40, 0x40, 0xff, 0x00,
    0x40, 0x40, 0x80, 0x80, 0x40, 0x40, 0x40, 0x80, 0x80, 0x80, 0x40, 0x00, 0x00, 0x02, 0x00, 0x00,
    0x00, 0x00, 0x01, 0x40, 0x01, 0xc0, 0x00, 0x13, 0x00, 0x19, 0x00, 0x00, 0x33, 0x35, 0x33, 0x35,
    0x23, 0x35, 0x33, 0x35, 0x33, 0x35, 0x33, 0x35, 0x33, 0x11, 0x33, 0x15, 0x23, 0x15, 0x33, 0x15,
    0x27, 0x35, 0x23, 0x15, 0x23, 0x15, 0x80, 0x40, 0xc0, 0x40, 0x40, 0x40, 0x40, 0x40, 0x40, 0x40,
    0x80, 0x40, 0x40, 0x40, 0x40, 0x80, 0x40, 0x40, 0x40, 0xff, 0x00, 0x40, 0x40, 0x40, 0xc0, 0x80,
    0x40, 0x40, 0x00, 0x00, 0x00, 0x05, 0x00, 0x00, 0x00, 0x00, 0x01, 0x40, 0x01, 0xc0, 0x00, 0x03,
    0x00, 0x07, 0x00, 0x0b, 0x00, 0x13, 0x00, 0x17, 0x00, 0x00, 0x25, 0x15, 0x23, 0x35, 0x33, 0x35,
    0x33, 0x15, 0x21, 0x23, 0x35, 0x33, 0x27, 0x11, 0x21, 0x15, 0x21, 0x15, 0x33, 0x15, 0x37, 0x23,
    0x35, 0x33, 0x01, 0x00, 0xc0, 0xc0, 0x40, 0xff, 0x00, 0x40, 0x40, 0x40, 0x01, 0x40, 0xff, 0x00,
    0x40, 0x80, 0x80, 0x80, 0x40, 0x40, 0x40, 0xc0, 0xc0, 0x40, 0x40, 0x01, 0x00, 0x40, 0x80, 0x40,
    0x40, 0x40, 0x00, 0x00, 0x00, 0x05, 0x00, 0x00, 0x00, 0x00, 0x01, 0x40, 0x01, 0xc0, 0x00, 0x03,
    0x00, 0x07, 0x00, 0x0f, 0x00, 0x13, 0x00, 0x17, 0x00, 0x00, 0x25, 0x15, 0x23, 0x35, 0x33, 0x35,
    0x33, 0x15, 0x21, 0x23, 0x11, 0x33, 0x15, 0x33, 0x15, 0x23, 0x37, 0x23, 0x35, 0x33, 0x35, 0x15,
    0x23, 0x35, 0x01, 0x00, 0xc0, 0xc0, 0x40, 0xff, 0x00, 0x40, 0x40, 0x40, 0x40, 0xc0, 0x80, 0x80,
    0xc0, 0x40, 0x40, 0x40, 0xc0, 0xc0, 0x01, 0x40, 0x80, 0x40, 0x40, 0x40, 0x80, 0x40, 0x40, 0x00,
    0x00, 0x03, 0x00, 0x00, 0x00, 0x00, 0x01, 0x40, 0x01, 0xc0, 0x00, 0x03, 0x00, 0x0b, 0x00, 0x0f,
    0x00, 0x00, 0x01, 0x15, 0x23, 0x35, 0x33, 0x35, 0x23, 0x15, 0x23, 0x35, 0x21, 0x15, 0x03, 0x35,
    0x33, 0x15, 0x01, 0x00, 0x40, 0x40, 0xc0, 0x40, 0x01, 0x40, 0xc0, 0x40, 0x01, 0x40, 0x80, 0x80,
    0x40, 0x40, 0x80, 0x80, 0xfe, 0xc0, 0xc0, 0xc0, 0x00, 0x05, 0x00, 0x00, 0x00, 0x00, 0x01, 0x80,
    0x01, 0xc0, 0x00, 0x03, 0x00, 0x07, 0x00, 0x0b, 0x00, 0x13, 0x00, 0x17, 0x00, 0x00, 0x25, 0x15,
    0x21, 0x35, 0x21, 0x35, 0x33, 0x15, 0x21, 0x23, 0x35, 0x33, 0x29, 0x01, 0x35, 0x33, 0x15, 0x33,
    0x35, 0x33, 0x2b, 0x01, 0x35, 0x33, 0x01, 0x40, 0xff, 0x00, 0x01, 0x00, 0x40, 0xfe, 0xc0, 0x40,
    0x40, 0x01, 0x00, 0xff, 0x00, 0x40, 0x80, 0x40, 0x40, 0x80, 0x80, 0x40, 0x40, 0x40, 0x80, 0x80,
    0x80, 0xc0, 0x80, 0x80, 0x40, 0x00, 0x00, 0x00, 0x00, 0x05, 0x00, 0x00, 0x00, 0x00, 0x01, 0x40,
    0x01, 0xc0, 0x00, 0x07, 0x00, 0x0b, 0x00, 0x0f, 0x00, 0x13, 0x00, 0x17, 0x00, 0x00, 0x37, 0x35,
    0x33, 0x35, 0x33, 0x11, 0x23, 0x35, 0x1d, 0x01, 0x23, 0x3d, 0x01, 0x23, 0x35, 0x3b, 0x01, 0x23,
    0x35, 0x33, 0x03, 0x15, 0x23, 0x35, 0xc0, 0x40, 0x40, 0x40, 0xc0, 0x40, 0x40, 0xc0, 0xc0, 0xc0,
    0x40, 0x80, 0xc0, 0x40, 0x80, 0xfe, 0xc0, 0x80, 0x80, 0x40, 0x40, 0x80, 0xc0, 0x40, 0xff, 0x00,
    0x40, 0x40, 0x00, 0x00, 0x00, 0x02, 0x00, 0x00, 0x00, 0x00, 0x00, 0x40, 0x01, 0x40, 0x00, 0x03,
    0x00, 0x07, 0x00, 0x00, 0x31, 0x35, 0x33, 0x15, 0x03, 0x35, 0x33, 0x15, 0x40, 0x40, 0x40, 0x40,
    0x40, 0x01, 0x00, 0x40, 0x40, 0x00, 0x00, 0x00, 0x00, 0x03, 0x00, 0x00, 0xff, 0x80, 0x00, 0x80,
    0x01, 0x40, 0x00, 0x03, 0x00, 0x07, 0x00, 0x0b, 0x00, 0x00, 0x15, 0x35, 0x33, 0x15, 0x11, 0x35,
    0x33, 0x15, 0x03, 0x35, 0x33, 0x15, 0x40, 0x40, 0x40, 0x40, 0x80, 0x40, 0x40, 0x01, 0x80, 0x40,
    0x40, 0xfe, 0xc0, 0x80, 0x80, 0x00, 0x00, 0x00, 0x00, 0x05, 0x00, 0x00, 0x00, 0x40, 0x01, 0x40,
    0x01, 0x80, 0x00, 0x03, 0x00, 0x07, 0x00, 0x0b, 0x00, 0x0f, 0x00, 0x13, 0x00, 0x00, 0x25, 0x15,
    0x23, 0x35, 0x31, 0x23, 0x35, 0x33, 0x2b, 0x01, 0x35, 0x33, 0x37, 0x15, 0x23, 0x35, 0x25, 0x15,
    0x23, 0x35, 0x01, 0x40, 0x80, 0x80, 0x80, 0x80, 0x40, 0x40, 0x80, 0x80, 0x01, 0x00, 0x80, 0x80,
    0x40, 0x40, 0x40, 0x40, 0x40, 0x40, 0x40, 0x40, 0x40, 0x40, 0x00, 0x00, 0x00, 0x02, 0x00, 0x00,
    0x00, 0x80, 0x01, 0x00, 0x01, 0x40, 0x00, 0x03, 0x00, 0x07, 0x00, 0x00, 0x25, 0x15, 0x21, 0x35,
    0x25, 0x15, 0x21, 0x35, 0x01, 0x00, 0xff, 0x00, 0x01, 0x00, 0xff, 0x00, 0xc0, 0x40, 0x40, 0x80,
    0x40, 0x40, 0x00, 0x00, 0x00, 0x05, 0x00, 0x00, 0x00, 0x40, 0x01, 0x40, 0x01, 0x80, 0x00, 0x03,
    0x00, 0x07, 0x00, 0x0b, 0x00, 0x0f, 0x00, 0x13, 0x00, 0x00, 0x37, 0x15, 0x23, 0x35, 0x25, 0x15,
    0x23, 0x35, 0x33, 0x35, 0x33, 0x15, 0x27, 0x23, 0x35, 0x33, 0x2b, 0x01, 0x35, 0x33, 0x80, 0x80,
    0x01, 0x00, 0x80, 0x80, 0x40, 0x40, 0x80, 0x80, 0x80, 0x80, 0x80, 0x80, 0x40, 0x40, 0x40, 0x40,
    0x40, 0x40, 0x40, 0x40, 0x40, 0x40, 0x00, 0x00, 0x00, 0x06, 0x00, 0x00, 0x00, 0x00, 0x01, 0x40,
    0x01, 0xc0, 0x00, 0x03, 0x00, 0x07, 0x00, 0x0b, 0x00, 0x0f, 0x00, 0x13, 0x00, 0x17, 0x00, 0x00,
    0x33, 0x35, 0x33, 0x15, 0x27, 0x35, 0x33, 0x15, 0x27, 0x35, 0x33, 0x15, 0x17, 0x35, 0x33, 0x15,
    0x3d, 0x01, 0x33, 0x15, 0x27, 0x23, 0x35, 0x33, 0x80, 0x40, 0x40, 0x40, 0xc0, 0x40, 0x80, 0x40,
    0x40, 0x40, 0xc0, 0xc0, 0x40, 0x40, 0x80, 0x40, 0x40, 0x80, 0x80, 0x80, 0x40, 0x40, 0x40, 0x40,
    0x80, 0x80, 0x80, 0x40, 0x00, 0x0c, 0x00, 0x00, 0xff, 0xc0, 0x02, 0x00, 0x01, 0xc0, 0x00, 0x03,
    0x00, 0x07, 0x00, 0x0b, 0x00, 0x0f, 0x00, 0x13, 0x00, 0x17, 0x00, 0x1b, 0x00, 0x1f, 0x00, 0x23,
    0x00, 0x27, 0x00, 0x2b, 0x00, 0x2f, 0x00, 0x00, 0x25, 0x35, 0x33, 0x15, 0x07, 0x15, 0x21, 0x35,
    0x31, 0x23, 0x35, 0x33, 0x37, 0x15, 0x23, 0x35, 0x07, 0x23, 0x11, 0x33, 0x05, 0x35, 0x33, 0x15,
    0x23, 0x35, 0x33, 0x15, 0x2b, 0x01, 0x35, 0x3b, 0x01, 0x23, 0x35, 0x3b, 0x01, 0x23, 0x35, 0x33,
    0x05, 0x35, 0x33, 0x15, 0x25, 0x21, 0x35, 0x21, 0x01, 0x80, 0x40, 0x40, 0xff, 0x00, 0x40, 0x40,
    0xc0, 0x80, 0x80, 0x40, 0x40, 0x01, 0x80, 0x40, 0xc0, 0x40, 0xc0, 0x40, 0x40, 0x80, 0x80, 0x80,
    0x80, 0x40, 0x40, 0xfe, 0x80, 0x40, 0x01, 0x00, 0xff, 0x00, 0x01, 0x00, 0x40, 0x40, 0x40, 0x40,
    0x40, 0x40, 0x40, 0x40, 0x40, 0x40, 0x40, 0x01, 0x00, 0xc0, 0xc0, 0xc0, 0x80, 0x80, 0x80, 0x40,
    0x40, 0x40, 0x40, 0x40, 0x40, 0x40, 0x00, 0x00, 0x00, 0x02, 0x00, 0x00, 0x00, 0x00, 0x01, 0xc0,
    0x01, 0xc0, 0x00, 0x17, 0x00, 0x1b, 0x00, 0x00, 0x21, 0x35, 0x33, 0x35, 0x23, 0x15, 0x33, 0x15,
    0x23, 0x35, 0x33, 0x35, 0x33, 0x35, 0x33, 0x15, 0x33, 0x35, 0x33, 0x15, 0x33, 0x15, 0x33, 0x15,
    0x01, 0x35, 0x33, 0x15, 0x01, 0x00, 0x40, 0xc0, 0x40, 0xc0, 0x40, 0x40, 0x40, 0x40, 0x40, 0x40,
    0x40, 0xff, 0x00, 0x40, 0x40, 0x40, 0x40, 0x40, 0x40, 0x80, 0xc0, 0xc0, 0xc0, 0xc0, 0x80, 0x40,
    0x01, 0x80, 0x40, 0x40, 0x00, 0x03, 0x00, 0x00, 0x00, 0x00, 0x01, 0x80, 0x01, 0xc0, 0x00, 0x03,
    0x00, 0x11, 0x00, 0x15, 0x00, 0x00, 0x01, 0x23, 0x15, 0x33, 0x17, 0x15, 0x21, 0x35, 0x33, 0x11,
    0x23, 0x35, 0x21, 0x15, 0x33, 0x15, 0x23, 0x15, 0x37, 0x33, 0x15, 0x23, 0x01, 0x00, 0x80, 0x80,
    0x40, 0xfe, 0xc0, 0x40, 0x40, 0x01, 0x00, 0x40, 0xc0, 0xc0, 0x40, 0x40, 0x01, 0x80, 0x80, 0xc0,
    0x40, 0x40, 0x01, 0x40, 0x40, 0x40, 0xc0, 0x80, 0x80, 0x80, 0x00, 0x00, 0x00, 0x07, 0x00, 0x00,
    0x00, 0x00, 0x01, 0xc0, 0x01, 0xc0, 0x00, 0x07, 0x00, 0x0b, 0x00, 0x0f, 0x00, 0x13, 0x00, 0x17,
    0x00, 0x1b, 0x00, 0x1f, 0x00, 0x00, 0x01, 0x35, 0x23, 0x35, 0x33, 0x35, 0x33, 0x15, 0x07, 0x15,
    0x21, 0x35, 0x21, 0x35, 0x33, 0x15, 0x21, 0x23, 0x35, 0x33, 0x2b, 0x01, 0x35, 0x33, 0x31, 0x35,
    0x33, 0x15, 0x37, 0x23, 0x35, 0x33, 0x01, 0x80, 0x40, 0x40, 0x40, 0x40, 0xff, 0x00, 0x01, 0x00,
    0x40, 0xfe, 0xc0, 0x40, 0x40, 0x40, 0x40, 0x40, 0x40, 0xc0, 0xc0, 0xc0, 0x01, 0x00, 0x40, 0x40,
    0x40, 0xc0, 0xc0, 0x40, 0x40, 0x40, 0x40, 0x40, 0xc0, 0x40, 0x40, 0x40, 0x40, 0x00, 0x00, 0x00,
    0x00, 0x02, 0x00, 0x00, 0x00, 0x00, 0x01, 0xc0, 0x01, 0xc0, 0x00, 0x07, 0x00, 0x17, 0x00, 0x00,
    0x25, 0x35, 0x33, 0x35, 0x23, 0x35, 0x23, 0x11, 0x07, 0x35, 0x33, 0x11, 0x23, 0x35, 0x21, 0x15,
    0x33, 0x15, 0x33, 0x15, 0x23, 0x15, 0x23, 0x15, 0x01, 0x40, 0x40, 0x40, 0xc0, 0x80, 0x40, 0x40,
    0x01, 0x40, 0x40, 0x40, 0x40, 0x40, 0x40, 0x40, 0xc0, 0x40, 0xfe, 0xc0, 0x40, 0x40, 0x01, 0x40,
    0x40, 0x40, 0x40, 0xc0, 0x40, 0x40, 0x00, 0x00, 0x00, 0x01, 0x00, 0x00, 0x00, 0x00, 0x01, 0x80,
    0x01, 0xc0, 0x00, 0x17, 0x00, 0x00, 0x37, 0x35, 0x23, 0x15, 0x33, 0x35, 0x33, 0x15, 0x21, 0x35,
    0x33, 0x11, 0x23, 0x35, 0x21, 0x15, 0x23, 0x35, 0x23, 0x15, 0x33, 0x35, 0x33, 0x15, 0xc0, 0x40,
    0xc0, 0x40, 0xfe, 0x80, 0x40, 0x40, 0x01, 0x80, 0x40, 0xc0, 0x40, 0x40, 0x80, 0x40, 0x80, 0x40,
    0x80, 0x40, 0x01, 0x40, 0x40, 0x80, 0x40, 0x80, 0x40, 0xc0, 0x00, 0x00, 0x00, 0x01, 0x00, 0x00,
    0x00, 0x00, 0x01, 0x80, 0x01, 0xc0, 0x00, 0x15, 0x00, 0x00, 0x37, 0x35, 0x23, 0x15, 0x33, 0x15,
    0x23, 0x35, 0x33, 0x11, 0x23, 0x35, 0x21, 0x15, 0x23, 0x35, 0x23, 0x15, 0x33, 0x35, 0x33, 0x15,
    0xc0, 0x40, 0x40, 0xc0, 0x40, 0x40, 0x01, 0x80, 0x40, 0xc0, 0x40, 0x40, 0x80, 0x40, 0x80, 0x40,
    0x40, 0x01, 0x40, 0x40, 0x80, 0x40, 0x80, 0x40, 0xc0, 0x00, 0x00, 0x00, 0x00, 0x07, 0x00, 0x00,
    0x00, 0x00, 0x01, 0xc0, 0x01, 0xc0, 0x00, 0x09, 0x00, 0x0d, 0x00, 0x11, 0x00, 0x17, 0x00, 0x1b,
    0x00, 0x1f, 0x00, 0x23, 0x00, 0x00, 0x25, 0x35, 0x33, 0x35, 0x23, 0x35, 0x21, 0x11, 0x23, 0x35,
    0x21, 0x23, 0x35, 0x33, 0x2b, 0x01, 0x35, 0x33, 0x21, 0x35, 0x33, 0x35, 0x33, 0x15, 0x21, 0x35,
    0x33, 0x15, 0x37, 0x23, 0x35, 0x33, 0x11, 0x15, 0x23, 0x35, 0x01, 0x40, 0x40, 0xc0, 0x01, 0x00,
    0x40, 0xff, 0x00, 0x40, 0x40, 0x40, 0x40, 0x40, 0x01, 0x00, 0x40, 0x40, 0xfe, 0x80, 0x40, 0xc0,
    0xc0, 0xc0, 0xc0, 0x40, 0x40, 0x40, 0x40, 0xff, 0x00, 0x40, 0x40, 0xc0, 0x40, 0x40, 0x80, 0x40,
    0x40, 0x40, 0x40, 0xfe, 0x80, 0x40, 0x40, 0x00, 0x00, 0x01, 0x00, 0x00, 0x00, 0x00, 0x01, 0xc0,
    0x01, 0xc0, 0x00, 0x1b, 0x00, 0x00, 0x21, 0x35, 0x33, 0x35, 0x23, 0x15, 0x33, 0x15, 0x23, 0x35,
    0x33, 0x11, 0x23, 0x35, 0x33, 0x15, 0x23, 0x15, 0x33, 0x35, 0x23, 0x35, 0x33, 0x15, 0x23, 0x11,
    0x33, 0x15, 0x01, 0x00, 0x40, 0xc0, 0x40, 0xc0, 0x40, 0x40, 0xc0, 0x40, 0xc0, 0x40, 0xc0, 0x40,
    0x40, 0x40, 0x80, 0x80, 0x40, 0x40, 0x01, 0x40, 0x40, 0x40, 0x80, 0x80, 0x40, 0x40, 0xfe, 0xc0,
    0x40, 0x00, 0x00, 0x00, 0x00, 0x01, 0x00, 0x00, 0x00, 0x00, 0x00, 0xc0, 0x01, 0xc0, 0x00, 0x0b,
    0x00, 0x00, 0x31, 0x35, 0x33, 0x11, 0x23, 0x35, 0x33, 0x15, 0x23, 0x11, 0x33, 0x15, 0x40, 0x40,
    0xc0, 0x40, 0x40, 0x40, 0x01, 0x40, 0x40, 0x40, 0xfe, 0xc0, 0x40, 0x00, 0x00, 0x03, 0x00, 0x00,
    0x00, 0x00, 0x01, 0x80, 0x01, 0xc0, 0x00, 0x03, 0x00, 0x0b, 0x00, 0x0f, 0x00, 0x00, 0x25, 0x15,
    0x23, 0x35, 0x33, 0x11, 0x23, 0x35, 0x33, 0x15, 0x23, 0x11, 0x21, 0x23, 0x35, 0x33, 0x01, 0x00,
    0xc0, 0xc0, 0x40, 0xc0, 0x40, 0xff, 0x00, 0x40, 0x40, 0x40, 0x40, 0x40, 0x01, 0x40, 0x40, 0x40,
    0xfe, 0xc0, 0x40, 0x00, 0x00, 0x05, 0x00, 0x00, 0x00, 0x00, 0x01, 0x80, 0x01, 0xc0, 0x00, 0x0f,
    0x00, 0x15, 0x00, 0x19, 0x00, 0x1f, 0x00, 0x23, 0x00, 0x00, 0x37, 0x23, 0x15, 0x33, 0x15, 0x23,
    0x35, 0x33, 0x11, 0x23, 0x35, 0x33, 0x15, 0x23, 0x15, 0x33, 0x13, 0x35, 0x33, 0x15, 0x33, 0x15,
    0x03, 0x35, 0x33, 0x15, 0x3d, 0x01, 0x33, 0x15, 0x23, 0x15, 0x07, 0x33, 0x15, 0x23, 0xc0, 0x40,
    0x40, 0xc0, 0x40, 0x40, 0xc0, 0x40, 0x40, 0x40, 0x40, 0x40, 0xc0, 0x40, 0x80, 0x40, 0x80, 0x40,
    0x40, 0xc0, 0x80, 0x40, 0x40, 0x01, 0x40, 0x40, 0x40, 0x80, 0xff, 0x00, 0x80, 0x40, 0x40, 0x01,
    0x00, 0x40, 0x40, 0x40, 0x80, 0x40, 0x40, 0x80, 0x40, 0x00, 0x00, 0x00, 0x00, 0x01, 0x00, 0x00,
    0x00, 0x00, 0x01, 0x80, 0x01, 0xc0, 0x00, 0x0d, 0x00, 0x00, 0x31, 0x35, 0x33, 0x11, 0x23, 0x35,
    0x33, 0x15, 0x23, 0x11, 0x33, 0x35, 0x33, 0x15, 0x40, 0x40, 0xc0, 0x40, 0xc0, 0x40, 0x40, 0x01,
    0x40, 0x40, 0x40, 0xfe, 0xc0, 0x40, 0x80, 0x00, 0x00, 0x05, 0x00, 0x00, 0x00, 0x00, 0x02, 0x40,
    0x01, 0xc0, 0x00, 0x0d, 0x00, 0x11, 0x00, 0x15, 0x00, 0x23, 0x00, 0x27, 0x00, 0x00, 0x01, 0x35,
    0x33, 0x35, 0x33, 0x15, 0x23, 0x11, 0x33, 0x15, 0x23, 0x35, 0x33, 0x35, 0x03, 0x35, 0x33, 0x15,
    0x03, 0x33, 0x15, 0x23, 0x35, 0x23, 0x15, 0x33, 0x15, 0x23, 0x35, 0x33, 0x11, 0x23, 0x35, 0x33,
    0x15, 0x33, 0x17, 0x15, 0x23, 0x35, 0x01, 0x80, 0x40, 0x80, 0x40, 0x40, 0xc0, 0x40, 0xc0, 0x40,
    0x80, 0x40, 0x40, 0x40, 0x40, 0xc0, 0x40, 0x40, 0x80, 0x40, 0xc0, 0x40, 0x01, 0x00, 0x80, 0x40,
    0x40, 0xfe, 0xc0, 0x40, 0x40, 0xc0, 0xff, 0x00, 0x80, 0x80, 0x01, 0x00, 0x80, 0x80, 0xc0, 0x40,
    0x40, 0x01, 0x40, 0x40, 0x40, 0x80, 0x80, 0x80, 0x00, 0x03, 0x00, 0x00, 0x00, 0x00, 0x01, 0xc0,
    0x01, 0xc0, 0x00, 0x0d, 0x00, 0x19, 0x00, 0x1d, 0x00, 0x00, 0x13, 0x23, 0x15, 0x33, 0x15, 0x23,
    0x35, 0x33, 0x11, 0x23, 0x35, 0x33, 0x15, 0x33, 0x13, 0x35, 0x23, 0x35, 0x33, 0x35, 0x23, 0x35,
    0x33, 0x15, 0x23, 0x11, 0x03, 0x33, 0x15, 0x23, 0xc0, 0x40, 0x40, 0xc0, 0x40, 0x40, 0x80, 0x40,
    0x80, 0x40, 0x40, 0x40, 0xc0, 0x40, 0xc0, 0x40, 0x40, 0x01, 0x00, 0xc0, 0x40, 0x40, 0x01, 0x40,
    0x40, 0x40, 0xfe, 0x80, 0x40, 0x80, 0xc0, 0x40, 0x40, 0xfe, 0x80, 0x01, 0x00, 0x40, 0x00, 0x00,
    0x00, 0x08, 0x00, 0x00, 0x00, 0x00, 0x01, 0xc0, 0x01, 0xc0, 0x00, 0x03, 0x00, 0x07, 0x00, 0x0b,
    0x00, 0x0f, 0x00, 0x13, 0x00, 0x17, 0x00, 0x1b, 0x00, 0x1f, 0x00, 0x00, 0x25, 0x15, 0x23, 0x35,
    0x33, 0x35, 0x33, 0x15, 0x21, 0x23, 0x35, 0x33, 0x21, 0x35, 0x33, 0x15, 0x21, 0x23, 0x35, 0x33,
    0x21, 0x23, 0x35, 0x33, 0x05, 0x35, 0x33, 0x15, 0x37, 0x23, 0x35, 0x33, 0x01, 0x40, 0xc0, 0xc0,
    0x40, 0xff, 0x00, 0x40, 0x40, 0x01, 0x00, 0x40, 0xfe, 0x80, 0x40, 0x40, 0x01, 0x40, 0x40, 0x40,
    0xfe, 0xc0, 0x40, 0xc0, 0xc0, 0xc0, 0x40, 0x40, 0x40, 0x40, 0x40, 0x40, 0xc0, 0xc0, 0xc0, 0x40,
    0x40, 0x40, 0x40, 0x40, 0x40, 0x00, 0x00, 0x00, 0x00, 0x02, 0x00, 0x00, 0x00, 0x00, 0x01, 0x80,
    0x01, 0xc0, 0x00, 0x0f, 0x00, 0x13, 0x00, 0x00, 0x01, 0x23, 0x15, 0x33, 0x15, 0x23, 0x15, 0x33,
    0x15, 0x23, 0x35, 0x33, 0x11, 0x23, 0x35, 0x21, 0x15, 0x33, 0x15, 0x23, 0x01, 0x40, 0xc0, 0xc0,
    0xc0, 0x40, 0xc0, 0x40, 0x40, 0x01, 0x40, 0x40, 0x40, 0x01, 0x80, 0x80, 0x40, 0x80, 0x40, 0x40,
    0x01, 0x40, 0x40, 0x40, 0x80, 0x00, 0x00, 0x00, 0x00, 0x09, 0x00, 0x00, 0xff, 0x80, 0x01, 0xc0,
    0x01, 0xc0, 0x00, 0x03, 0x00, 0x0b, 0x00, 0x0f, 0x00, 0x13, 0x00, 0x17, 0x00, 0x1b, 0x00, 0x1f,
    0x00, 0x23, 0x00, 0x27, 0x00, 0x00, 0x05, 0x15, 0x23, 0x35, 0x31, 0x23, 0x35, 0x23, 0x35, 0x33,
    0x15, 0x23, 0x37, 0x35, 0x33, 0x15, 0x21, 0x23, 0x35, 0x33, 0x21, 0x35, 0x33, 0x15, 0x21, 0x23,
    0x35, 0x33, 0x21, 0x23, 0x35, 0x33, 0x05, 0x35, 0x33, 0x15, 0x37, 0x23, 0x35, 0x33, 0x01, 0x80,
    0x80, 0x40, 0x40, 0xc0, 0x40, 0x40, 0x40, 0xff, 0x00, 0x40, 0x40, 0x01, 0x00, 0x40, 0xfe, 0x80,
    0x40, 0x40, 0x01, 0x40, 0x40, 0x40, 0xfe, 0xc0, 0x40, 0xc0, 0xc0, 0xc0, 0x40, 0x40, 0x40, 0x40,
    0x40, 0x40, 0x40, 0x40, 0x40, 0x40, 0xc0, 0xc0, 0xc0, 0x40, 0x40, 0x40, 0x40, 0x40, 0x40, 0x00,
    0x00, 0x03, 0x00, 0x00, 0x00, 0x00, 0x01, 0xc0, 0x01, 0xc0, 0x00, 0x11, 0x00, 0x17, 0x00, 0x1b,
    0x00, 0x00, 0x01, 0x23, 0x15, 0x33, 0x15, 0x23, 0x35, 0x23, 0x15, 0x33, 0x15, 0x23, 0x35, 0x33,
    0x11, 0x23, 0x35, 0x21, 0x11, 0x35, 0x33, 0x15, 0x33, 0x15, 0x03, 0x33, 0x15, 0x23, 0x01, 0x40,
    0xc0, 0xc0, 0x40, 0x80, 0x40, 0xc0, 0x40, 0x40, 0x01, 0x40, 0x40, 0x40, 0x80, 0x40, 0x40, 0x01,
    0x80, 0x80, 0x80, 0x40, 0x80, 0x40, 0x40, 0x01, 0x40, 0x40, 0xfe, 0x40, 0x80, 0x40, 0x40, 0x01,
    0x80, 0x80, 0x00, 0x00, 0x00, 0x07, 0x00, 0x00, 0x00, 0x00, 0x01, 0x80, 0x01, 0xc0, 0x00, 0x03,
    0x00, 0x07, 0x00, 0x0b, 0x00, 0x0f, 0x00, 0x13, 0x00, 0x19, 0x00, 0x1d, 0x00, 0x00, 0x25, 0x15,
    0x21, 0x35, 0x21, 0x35, 0x33, 0x15, 0x21, 0x23, 0x35, 0x33, 0x25, 0x21, 0x35, 0x29, 0x01, 0x23,
    0x35, 0x33, 0x17, 0x35, 0x33, 0x35, 0x33, 0x15, 0x27, 0x23, 0x35, 0x33, 0x01, 0x40, 0xff, 0x00,
    0x01, 0x00, 0x40, 0xfe, 0xc0, 0x40, 0x40, 0x01, 0x00, 0xff, 0x00, 0x01, 0x00, 0xff, 0x00, 0x40,
    0x40, 0xc0, 0x40, 0x40, 0x80, 0xc0, 0xc0, 0x40, 0x40, 0x40, 0x80, 0x80, 0x40, 0x40, 0x40, 0x80,
    0x40, 0x40, 0x40, 0x80, 0x40, 0x40, 0x00, 0x00, 0x00, 0x01, 0x00, 0x00, 0x00, 0x00, 0x01, 0xc0,
    0x01, 0xc0, 0x00, 0x0f, 0x00, 0x00, 0x01, 0x35, 0x23, 0x11, 0x33, 0x15, 0x23, 0x35, 0x33, 0x11,
    0x23, 0x15, 0x23, 0x35, 0x21, 0x15, 0x01, 0x80, 0x80, 0x40, 0xc0, 0x40, 0x80, 0x40, 0x01, 0xc0,
    0x01, 0x40, 0x40, 0xfe, 0xc0, 0x40, 0x40, 0x01, 0x40, 0x40, 0x80, 0x80, 0x00, 0x03, 0x00, 0x00,
    0x00, 0x00, 0x01, 0xc0, 0x01, 0xc0, 0x00, 0x03, 0x00, 0x0b, 0x00, 0x13, 0x00, 0x00, 0x25, 0x15,
    0x23, 0x35, 0x33, 0x11, 0x23, 0x35, 0x33, 0x15, 0x23, 0x11, 0x21, 0x23, 0x11, 0x23, 0x35, 0x33,
    0x15, 0x23, 0x01, 0x40, 0xc0, 0xc0, 0x40, 0xc0, 0x40, 0xff, 0x00, 0x40, 0x40, 0xc0, 0x40, 0x40,
    0x40, 0x40, 0x01, 0x40, 0x40, 0x40, 0xfe, 0xc0, 0x01, 0x40, 0x40, 0x40, 0x00, 0x05, 0x00, 0x00,
    0x00, 0x00, 0x01, 0xc0, 0x01, 0xc0, 0x00, 0x03, 0x00, 0x07, 0x00, 0x0b, 0x00, 0x13, 0x00, 0x1b,
    0x00, 0x00, 0x33, 0x35, 0x33, 0x15, 0x3d, 0x01, 0x33, 0x15, 0x2b, 0x01, 0x35, 0x3b, 0x01, 0x35,
    0x23, 0x35, 0x33, 0x15, 0x23, 0x15, 0x21, 0x23, 0x35, 0x23, 0x35, 0x33, 0x15, 0x23, 0xc0, 0x40,
    0x40, 0x80, 0x40, 0x40, 0x80, 0x40, 0xc0, 0x40, 0xff, 0x00, 0x40, 0x40, 0xc0, 0x40, 0x80, 0x80,
    0x80, 0x80, 0x80, 0x80, 0x80, 0x40, 0x40, 0x80, 0x80, 0x40, 0x40, 0x00, 0x00, 0x07, 0x00, 0x00,
    0x00, 0x00, 0x02, 0x40, 0x01, 0xc0, 0x00, 0x03, 0x00, 0x07, 0x00, 0x0f, 0x00, 0x13, 0x00, 0x17,
    0x00, 0x1f, 0x00, 0x23, 0x00, 0x00, 0x21, 0x35, 0x33, 0x15, 0x21, 0x35, 0x33, 0x15, 0x25, 0x11,
    0x23, 0x35, 0x33, 0x15, 0x23, 0x11, 0x2b, 0x01, 0x35, 0x33, 0x07, 0x35, 0x33, 0x15, 0x2b, 0x01,
    0x11, 0x23, 0x35, 0x33, 0x15, 0x23, 0x17, 0x35, 0x33, 0x15, 0x01, 0x80, 0x40, 0xfe, 0xc0, 0x40,
    0x01, 0x00, 0x40, 0xc0, 0x40, 0x80, 0x40, 0x40, 0xc0, 0x40, 0x80, 0x40, 0x40, 0xc0, 0x40, 0x80,
    0x40, 0x80, 0x80, 0x80, 0x80, 0x80, 0x01, 0x00, 0x40, 0x40, 0xff, 0x00, 0xc0, 0xc0, 0xc0, 0xc0,
    0x01, 0x00, 0x40, 0x40, 0x40, 0x80, 0x80, 0x00, 0x00, 0x09, 0x00, 0x00, 0x00, 0x00, 0x01, 0xc0,
    0x01, 0xc0, 0x00, 0x07, 0x00, 0x0f, 0x00, 0x13, 0x00, 0x17, 0x00, 0x1b, 0x00, 0x1f, 0x00, 0x23,
    0x00, 0x2b, 0x00, 0x33, 0x00, 0x00, 0x21, 0x35, 0x33, 0x35, 0x33, 0x15, 0x33, 0x15, 0x21, 0x35,
    0x33, 0x35, 0x33, 0x15, 0x33, 0x15, 0x37, 0x23, 0x35, 0x33, 0x07, 0x35, 0x33, 0x15, 0x3d, 0x01,
    0x33, 0x15, 0x3d, 0x01, 0x33, 0x15, 0x2b, 0x01, 0x35, 0x3b, 0x01, 0x35, 0x23, 0x35, 0x33, 0x15,
    0x23, 0x15, 0x21, 0x23, 0x35, 0x23, 0x35, 0x33, 0x15, 0x23, 0x01, 0x00, 0x40, 0x40, 0x40, 0xfe,
    0x40, 0x40, 0x40, 0x40, 0x80, 0x40, 0x40, 0xc0, 0x40, 0x40, 0x40, 0x80, 0x40, 0x40, 0x80, 0x40,
    0xc0, 0x40, 0xff, 0x00, 0x40, 0x40, 0xc0, 0x40, 0x40, 0x40, 0x40, 0x40, 0x40, 0x40, 0x40, 0x40,
    0x80, 0x40, 0x40, 0x40, 0x40, 0x40, 0x40, 0x40, 0x40, 0x40, 0x40, 0x40, 0x40, 0x40, 0x40, 0x40,
    0x40, 0x40, 0x40, 0x00, 0x00, 0x05, 0x00, 0x00, 0x00, 0x00, 0x01, 0xc0, 0x01, 0xc0, 0x00, 0x07,
    0x00, 0x0b, 0x00, 0x0f, 0x00, 0x17, 0x00, 0x1f, 0x00, 0x00, 0x33, 0x35, 0x33, 0x35, 0x33, 0x15,
    0x33, 0x15, 0x03, 0x35, 0x33, 0x15, 0x2b, 0x01, 0x35, 0x3b, 0x01, 0x35, 0x23, 0x35, 0x33, 0x15,
    0x23, 0x15, 0x21, 0x23, 0x35, 0x23, 0x35, 0x33, 0x15, 0x23, 0x80, 0x40, 0x40, 0x40, 0x40, 0x40,
    0x80, 0x40, 0x40, 0x80, 0x40, 0xc0, 0x40, 0xff, 0x00, 0x40, 0x40, 0xc0, 0x40, 0x40, 0xc0, 0xc0,
    0x40, 0x01, 0x00, 0x40, 0x40, 0x40, 0x40, 0x40, 0x40, 0x40, 0x40, 0x40, 0x40, 0x00, 0x00, 0x00,
    0x00, 0x05, 0x00, 0x00, 0x00, 0x00, 0x01, 0x40, 0x01, 0xc0, 0x00, 0x03, 0x00, 0x0b, 0x00, 0x0f,
    0x00, 0x13, 0x00, 0x1b, 0x00, 0x00, 0x37, 0x35, 0x33, 0x15, 0x37, 0x35, 0x23, 0x15, 0x23, 0x35,
    0x21, 0x15, 0x07, 0x35, 0x33, 0x15, 0x07, 0x35, 0x33, 0x15, 0x07, 0x15, 0x33, 0x35, 0x33, 0x15,
    0x21, 0x35, 0x40, 0x40, 0x80, 0xc0, 0x40, 0x01, 0x40, 0x80, 0x40, 0x80, 0x40, 0x80, 0xc0, 0x40,
    0xfe, 0xc0, 0x80, 0x40, 0x40, 0xc0, 0x40, 0x40, 0x80, 0x80, 0x40, 0x40, 0x40, 0x40, 0x40, 0x40,
    0x40, 0x40, 0x40, 0x80, 0x80, 0x00, 0x00, 0x00, 0x00, 0x01, 0x00, 0x00, 0xff, 0xc0, 0x00, 0x80,
    0x01, 0xc0, 0x00, 0x07, 0x00, 0x00, 0x15, 0x11, 0x33, 0x15, 0x23, 0x11, 0x33, 0x15, 0x80, 0x40,
    0x40, 0x40, 0x02, 0x00, 0x40, 0xfe, 0x80, 0x40, 0x00, 0x03, 0x00, 0x00, 0x00, 0x00, 0x00, 0xc0,
    0x01, 0xc0, 0x00, 0x03, 0x00, 0x07, 0x00, 0x0b, 0x00, 0x00, 0x33, 0x35, 0x33, 0x15, 0x27, 0x23,
    0x35, 0x33, 0x2b, 0x01, 0x35, 0x33, 0x80, 0x40, 0x40, 0x40, 0x40, 0x40, 0x40, 0x40, 0x80, 0x80,
    0x80, 0xc0, 0x80, 0x00, 0x00, 0x01, 0x00, 0x00, 0xff, 0xc0, 0x00, 0x80, 0x01, 0xc0, 0x00, 0x07,
    0x00, 0x00, 0x15, 0x35, 0x33, 0x11, 0x23, 0x35, 0x33, 0x11, 0x40, 0x40, 0x80, 0x40, 0x40, 0x01,
    0x80, 0x40, 0xfe, 0x00, 0x00, 0x03, 0x00, 0x00, 0x00, 0xc0, 0x00, 0xc0, 0x01, 0xc0, 0x00, 0x03,
    0x00, 0x07, 0x00, 0x0b, 0x00, 0x00, 0x37, 0x35, 0x33, 0x15, 0x23, 0x35, 0x33, 0x15, 0x3d, 0x01,
    0x33, 0x15, 0x80, 0x40, 0xc0, 0x40, 0x40, 0xc0, 0x80, 0x80, 0x80, 0x80, 0x80, 0x80, 0x80, 0x00,
    0x00, 0x01, 0x00, 0x00, 0xff, 0xc0, 0x00, 0xc0, 0x00, 0x00, 0x00, 0x03, 0x00, 0x00, 0x33, 0x15,
    0x23, 0x35, 0xc0, 0xc0, 0x40, 0x40, 0x00, 0x00, 0x00, 0x02, 0x00, 0x00, 0x01, 0x80, 0x00, 0x80,
    0x02, 0x00, 0x00, 0x03, 0x00, 0x07, 0x00, 0x00, 0x13, 0x35, 0x33, 0x15, 0x27, 0x23, 0x35, 0x33,
    0x40, 0x40, 0x40, 0x40, 0x40, 0x01, 0x80, 0x40, 0x40, 0x40, 0x40, 0x00, 0x00, 0x03, 0x00, 0x00,
    0x00, 0x00, 0x01, 0x80, 0x01, 0x40, 0x00, 0x0b, 0x00, 0x0f, 0x00, 0x13, 0x00, 0x00, 0x33, 0x35,
    0x23, 0x35, 0x33, 0x35, 0x33, 0x35, 0x33, 0x15, 0x33, 0x15, 0x27, 0x35, 0x23, 0x15, 0x37, 0x23,
    0x35, 0x33, 0x40, 0x40, 0x40, 0xc0, 0x40, 0x40, 0x80, 0xc0, 0xc0, 0xc0, 0xc0, 0x40, 0x40, 0x40,
    0x40, 0xc0, 0x40, 0x40, 0x40, 0x40, 0xc0, 0x40, 0x00, 0x04, 0x00, 0x00, 0x00, 0x00, 0x01, 0x80,
    0x01, 0xc0, 0x00, 0x03, 0x00, 0x13, 0x00, 0x17, 0x00, 0x1b, 0x00, 0x00, 0x25, 0x15, 0x23, 0x35,
    0x07, 0x35, 0x33, 0x11, 0x23, 0x35, 0x33, 0x15, 0x33, 0x15, 0x23, 0x15, 0x33, 0x15, 0x23, 0x15,
    0x37, 0x35, 0x33, 0x15, 0x27, 0x23, 0x35, 0x33, 0x01, 0x40, 0x80, 0xc0, 0x40, 0x40, 0x80, 0x40,
    0x40, 0x40, 0x40, 0xc0, 0x40, 0x40, 0x80, 0x80, 0x40, 0x40, 0x40, 0x40, 0x40, 0x01, 0x40, 0x40,
    0xc0, 0x40, 0x40, 0x40, 0x40, 0x40, 0xc0, 0xc0, 0xc0, 0x40, 0x00, 0x00, 0x00, 0x04, 0x00, 0x00,
    0x00, 0x00, 0x01, 0x40, 0x01, 0x40, 0x00, 0x03, 0x00, 0x07, 0x00, 0x0b, 0x00, 0x0f, 0x00, 0x00,
    0x25, 0x35, 0x33, 0x15, 0x07, 0x15, 0x23, 0x35, 0x31, 0x23, 0x35, 0x3b, 0x01, 0x23, 0x35, 0x33,
    0x01, 0x00, 0x40, 0x40, 0xc0, 0x40, 0x40, 0xc0, 0xc0, 0xc0, 0xc0, 0x40, 0x40, 0x80, 0x40, 0x40,
    0xc0, 0x40, 0x00, 0x00, 0x00, 0x04, 0x00, 0x00, 0x00, 0x00, 0x01, 0x80, 0x01, 0xc0, 0x00, 0x0f,
    0x00, 0x13, 0x00, 0x17, 0x00, 0x1b, 0x00, 0x00, 0x37, 0x35, 0x33, 0x35, 0x23, 0x35, 0x33, 0x35,
    0x23, 0x35, 0x33, 0x11, 0x33, 0x15, 0x23, 0x35, 0x2b, 0x01, 0x35, 0x3b, 0x01, 0x23, 0x35, 0x33,
    0x11, 0x15, 0x23, 0x35, 0xc0, 0x40, 0x40, 0x40, 0x40, 0x80, 0x40, 0x80, 0xc0, 0x40, 0x40, 0x80,
    0x80, 0x80, 0x80, 0x40, 0x40, 0x40, 0x40, 0x80, 0x40, 0xfe, 0x80, 0x40, 0x40, 0xc0, 0x40, 0xff,
    0x00, 0x40, 0x40, 0x00, 0x00, 0x03, 0x00, 0x00, 0x00, 0x00, 0x01, 0x40, 0x01, 0x40, 0x00, 0x03,
    0x00, 0x0d, 0x00, 0x11, 0x00, 0x00, 0x25, 0x15, 0x23, 0x35, 0x31, 0x23, 0x35, 0x33, 0x15, 0x33,
    0x35, 0x33, 0x15, 0x21, 0x37, 0x23, 0x35, 0x33, 0x01, 0x00, 0xc0, 0x40, 0x40, 0xc0, 0x40, 0xff,
    0x00, 0xc0, 0xc0, 0xc0, 0x40, 0x40, 0x40, 0xc0, 0x40, 0x40, 0x80, 0x80, 0x40, 0x00, 0x00, 0x00,
    0x00, 0x02, 0x00, 0x00, 0x00, 0x00, 0x01, 0x00, 0x01, 0xc0, 0x00, 0x0f, 0x00, 0x13, 0x00, 0x00,
    0x25, 0x15, 0x21, 0x35, 0x33, 0x35, 0x23, 0x35, 0x33, 0x35, 0x33, 0x15, 0x33, 0x15, 0x23, 0x15,
    0x13, 0x15, 0x23, 0x35, 0x01, 0x00, 0xff, 0x00, 0x40, 0x40, 0x40, 0x40, 0x80, 0x80, 0x80, 0x80,
    0x40, 0x40, 0x40, 0xc0, 0x40, 0x40, 0x40, 0x40, 0xc0, 0x01, 0x80, 0x40, 0x40, 0x00, 0x00, 0x00,
    0x00, 0x06, 0x00, 0x00, 0xff, 0x80, 0x01, 0x80, 0x01, 0x40, 0x00, 0x03, 0x00, 0x07, 0x00, 0x0b,
    0x00, 0x0f, 0x00, 0x1d, 0x00, 0x21, 0x00, 0x00, 0x33, 0x35, 0x33, 0x15, 0x17, 0x15, 0x23, 0x3d,
    0x01, 0x23, 0x35, 0x3b, 0x01, 0x23, 0x35, 0x33, 0x11, 0x35, 0x33, 0x35, 0x23, 0x35, 0x33, 0x35,
    0x33, 0x15, 0x23, 0x11, 0x23, 0x35, 0x07, 0x15, 0x23, 0x35, 0x40, 0x80, 0x40, 0xc0, 0x40, 0x40,
    0x80, 0x80, 0x80, 0x40, 0x40, 0x40, 0x80, 0x40, 0x40, 0xc0, 0x40, 0x40, 0x40, 0x40, 0x40, 0x40,
    0x80, 0xc0, 0x40, 0xff, 0x00, 0x40, 0x40, 0x40, 0x40, 0x40, 0xfe, 0xc0, 0x80, 0x40, 0x40, 0x40,
    0x00, 0x03, 0x00, 0x00, 0x00, 0x00, 0x01, 0x80, 0x01, 0xc0, 0x00, 0x07, 0x00, 0x13, 0x00, 0x17,
    0x00, 0x00, 0x33, 0x35, 0x33, 0x35, 0x33, 0x15, 0x33, 0x15, 0x21, 0x35, 0x33, 0x11, 0x23, 0x35,
    0x33, 0x15, 0x33, 0x15, 0x23, 0x15, 0x13, 0x35, 0x33, 0x15, 0xc0, 0x40, 0x40, 0x40, 0xfe, 0x80,
    0x40, 0x40, 0x80, 0x40, 0x40, 0x40, 0x40, 0x40, 0xc0, 0xc0, 0x40, 0x40, 0x01, 0x40, 0x40, 0xc0,
    0x40, 0xc0, 0x01, 0x00, 0x40, 0x40, 0x00, 0x00, 0x00, 0x02, 0x00, 0x00, 0x00, 0x00, 0x00, 0xc0,
    0x01, 0xc0, 0x00, 0x03, 0x00, 0x0d, 0x00, 0x00, 0x13, 0x35, 0x33, 0x15, 0x03, 0x35, 0x33, 0x35,
    0x23, 0x35, 0x33, 0x11, 0x33, 0x15, 0x40, 0x40, 0x80, 0x40, 0x40, 0x80, 0x40, 0x01, 0x80, 0x40,
    0x40, 0xfe, 0x80, 0x40, 0xc0, 0x40, 0xff, 0x00, 0x40, 0x00, 0x00, 0x00, 0x00, 0x03, 0x00, 0x00,
    0xff, 0x80, 0x00, 0x80, 0x01, 0xc0, 0x00, 0x03, 0x00, 0x07, 0x00, 0x0d, 0x00, 0x00, 0x15, 0x35,
    0x33, 0x15, 0x11, 0x35, 0x33, 0x15, 0x03, 0x11, 0x23, 0x35, 0x33, 0x11, 0x40, 0x40, 0x40, 0x40,
    0x80, 0x80, 0x40, 0x40, 0x02, 0x00, 0x40, 0x40, 0xfe, 0x40, 0x01, 0x40, 0x40, 0xfe, 0x80, 0x00,
    0x00, 0x03, 0x00, 0x00, 0x00, 0x00, 0x01, 0x80, 0x01, 0xc0, 0x00, 0x05, 0x00, 0x15, 0x00, 0x19,
    0x00, 0x00, 0x21, 0x35, 0x33, 0x15, 0x33, 0x15, 0x21, 0x35, 0x33, 0x11, 0x23, 0x35, 0x33, 0x11,
    0x33, 0x35, 0x33, 0x15, 0x23, 0x15, 0x33, 0x15, 0x13, 0x15, 0x23, 0x35, 0x01, 0x00, 0x40, 0x40,
    0xfe, 0x80, 0x40, 0x40, 0x80, 0x40, 0x40, 0x80, 0x40, 0xc0, 0x80, 0x80, 0x40, 0x40, 0x40, 0x01,
    0x40, 0x40, 0xff, 0x00, 0x40, 0x80, 0x40, 0x40, 0x01, 0x40, 0x40, 0x40, 0x00, 0x01, 0x00, 0x00,
    0x00, 0x00, 0x00, 0xc0, 0x01, 0xc0, 0x00, 0x09, 0x00, 0x00, 0x31, 0x35, 0x33, 0x11, 0x23, 0x35,
    0x33, 0x11, 0x33, 0x15, 0x40, 0x40, 0x80, 0x40, 0x40, 0x01, 0x40, 0x40, 0xfe, 0x80, 0x40, 0x00,
    0x00, 0x04, 0x00, 0x00, 0x00, 0x00, 0x02, 0x40, 0x01, 0x40, 0x00, 0x03, 0x00, 0x09, 0x00, 0x13,
    0x00, 0x17, 0x00, 0x00, 0x21, 0x11, 0x33, 0x11, 0x33, 0x11, 0x33, 0x15, 0x33, 0x15, 0x21, 0x35,
    0x33, 0x35, 0x23, 0x35, 0x21, 0x15, 0x23, 0x11, 0x01, 0x23, 0x35, 0x33, 0x01, 0x00, 0x40, 0x80,
    0x40, 0x40, 0xfd, 0xc0, 0x40, 0x40, 0x01, 0x00, 0x80, 0x01, 0x40, 0x80, 0x80, 0x01, 0x00, 0xff,
    0x00, 0x01, 0x00, 0xc0, 0x40, 0x40, 0xc0, 0x40, 0x40, 0xff, 0x00, 0x01, 0x00, 0x40, 0x00, 0x00,
    0x00, 0x03, 0x00, 0x00, 0x00, 0x00, 0x01, 0x80, 0x01, 0x40, 0x00, 0x07, 0x00, 0x13, 0x00, 0x17,
    0x00, 0x00, 0x33, 0x35, 0x33, 0x35, 0x33, 0x15, 0x33, 0x15, 0x21, 0x35, 0x33, 0x35, 0x23, 0x35,
    0x33, 0x15, 0x33, 0x15, 0x23, 0x15, 0x13, 0x35, 0x33, 0x15, 0xc0, 0x40, 0x40, 0x40, 0xfe, 0x80,
    0x40, 0x40, 0x80, 0x40, 0x40, 0x40, 0x40, 0x40, 0xc0, 0xc0, 0x40, 0x40, 0xc0, 0x40, 0x40, 0x40,
    0xc0, 0x01, 0x00, 0x40, 0x40, 0x00, 0x00, 0x00, 0x00, 0x04, 0x00, 0x00, 0x00, 0x00, 0x01, 0x40,
    0x01, 0x40, 0x00, 0x03, 0x00, 0x07, 0x00, 0x0b, 0x00, 0x0f, 0x00, 0x00, 0x25, 0x15, 0x23, 0x35,
    0x33, 0x35, 0x33, 0x15, 0x21, 0x23, 0x35, 0x3b, 0x01, 0x23, 0x35, 0x33, 0x01, 0x00, 0xc0, 0xc0,
    0x40, 0xff, 0x00, 0x40, 0x40, 0xc0, 0xc0, 0xc0, 0x40, 0x40, 0x40, 0xc0, 0xc0, 0xc0, 0x40, 0x00,
    0x00, 0x04, 0x00, 0x00, 0xff, 0x80, 0x01, 0x80, 0x01, 0x40, 0x00, 0x11, 0x00, 0x15, 0x00, 0x19,
    0x00, 0x1d, 0x00, 0x00, 0x37, 0x23, 0x15, 0x33, 0x15, 0x23, 0x35, 0x33, 0x11, 0x23, 0x35, 0x33,
    0x15, 0x33, 0x15, 0x23, 0x15, 0x33, 0x17, 0x35, 0x33, 0x15, 0x27, 0x23, 0x35, 0x33, 0x03, 0x33,
    0x15, 0x23, 0xc0, 0x40, 0x40, 0xc0, 0x40, 0x40, 0x80, 0x40, 0x40, 0x40, 0x80, 0x40, 0x40, 0x80,
    0x80, 0x80, 0x80, 0x80, 0x40, 0x80, 0x40, 0x40, 0x01, 0x40, 0x40, 0x40, 0x40, 0x40, 0x40, 0xc0,
    0xc0, 0xc0, 0x40, 0xff, 0x00, 0x40, 0x00, 0x00, 0x00, 0x04, 0x00, 0x00, 0xff, 0x80, 0x01, 0x80,
    0x01, 0x40, 0x00, 0x11, 0x00, 0x15, 0x00, 0x19, 0x00, 0x1d, 0x00, 0x00, 0x37, 0x35, 0x33, 0x35,
    0x23, 0x35, 0x33, 0x35, 0x33, 0x15, 0x23, 0x11, 0x33, 0x15, 0x23, 0x35, 0x33, 0x35, 0x2b, 0x01,
    0x35, 0x3b, 0x01, 0x23, 0x35, 0x33, 0x11, 0x15, 0x23, 0x35, 0xc0, 0x40, 0x40, 0x40, 0x80, 0x40,
    0x40, 0xc0, 0x40, 0xc0, 0x40, 0x40, 0x80, 0x80, 0x80, 0x80, 0x40, 0x40, 0x40, 0x40, 0x40, 0x40,
    0xfe, 0xc0, 0x40, 0x40, 0x80, 0xc0, 0x40, 0xff, 0x00, 0x40, 0x40, 0x00, 0x00, 0x02, 0x00, 0x00,
    0x00, 0x00, 0x01, 0x40, 0x01, 0x40, 0x00, 0x05, 0x00, 0x13, 0x00, 0x00, 0x13, 0x35, 0x33, 0x15,
    0x23, 0x35, 0x23, 0x15, 0x23, 0x15, 0x33, 0x15, 0x23, 0x35, 0x33, 0x35, 0x23, 0x35, 0x33, 0x15,
    0xc0, 0x80, 0x40, 0x40, 0x40, 0x40, 0xc0, 0x40, 0x40, 0x80, 0x01, 0x00, 0x40, 0x80, 0x40, 0x40,
    0x80, 0x40, 0x40, 0xc0, 0x40, 0x40, 0x00, 0x00, 0x00, 0x05, 0x00, 0x00, 0x00, 0x00, 0x01, 0x40,
    0x01, 0x40, 0x00, 0x03, 0x00, 0x07, 0x00, 0x0b, 0x00, 0x0f, 0x00, 0x13, 0x00, 0x00, 0x25, 0x15,
    0x21, 0x35, 0x21, 0x35, 0x33, 0x15, 0x27, 0x23, 0x35, 0x33, 0x2b, 0x01, 0x35, 0x33, 0x37, 0x15,
    0x23, 0x35, 0x01, 0x00, 0xff, 0x00, 0x01, 0x00, 0x40, 0x40, 0xc0, 0xc0, 0xc0, 0x40, 0x40, 0xc0,
    0xc0, 0x40, 0x40, 0x40, 0x40, 0x40, 0x40, 0x40, 0x40, 0x40, 0x40, 0x40, 0x00, 0x02, 0x00, 0x00,
    0x00, 0x00, 0x01, 0x00, 0x01, 0xc0, 0x00, 0x03, 0x00, 0x0f, 0x00, 0x00, 0x25, 0x15, 0x23, 0x35,
    0x31, 0x23, 0x35, 0x23, 0x35, 0x33, 0x35, 0x33, 0x15, 0x33, 0x15, 0x23, 0x01, 0x00, 0x80, 0x40,
    0x40, 0x40, 0x40, 0x80, 0x80, 0x40, 0x40, 0x40, 0xc0, 0x40, 0x80, 0x80, 0x40, 0x00, 0x00, 0x00,
    0x00, 0x02, 0x00, 0x00, 0x00, 0x00, 0x01, 0x80, 0x01, 0x40, 0x00, 0x0d, 0x00, 0x15, 0x00, 0x00,
    0x37, 0x35, 0x33, 0x35, 0x23, 0x35, 0x33, 0x15, 0x23, 0x15, 0x33, 0x15, 0x23, 0x35, 0x23, 0x15,
    0x23, 0x11, 0x23, 0x35, 0x33, 0x11, 0xc0, 0x40, 0x40, 0xc0, 0x40, 0x40, 0x80, 0x40, 0x80, 0x40,
    0x80, 0x40, 0x40, 0x80, 0x40, 0x40, 0xc0, 0x40, 0x40, 0x40, 0x01, 0x00, 0x40, 0xff, 0x00, 0x00,
    0x00, 0x03, 0x00, 0x00, 0x00, 0x00, 0x01, 0x40, 0x01, 0x40, 0x00, 0x03, 0x00, 0x09, 0x00, 0x0f,
    0x00, 0x00, 0x33, 0x35, 0x33, 0x15, 0x3d, 0x01, 0x33, 0x15, 0x23, 0x15, 0x2b, 0x01, 0x35, 0x23,
    0x35, 0x33, 0x80, 0x40, 0x80, 0x40, 0x80, 0x40, 0x40, 0x80, 0x80, 0x80, 0x80, 0xc0, 0x40, 0x80,
    0x80, 0x40, 0x00, 0x00, 0x00, 0x05, 0x00, 0x00, 0x00, 0x00, 0x01, 0xc0, 0x01, 0x40, 0x00, 0x03,
    0x00, 0x07, 0x00, 0x0d, 0x00, 0x11, 0x00, 0x17, 0x00, 0x00, 0x21, 0x35, 0x33, 0x15, 0x23, 0x35,
    0x33, 0x15, 0x37, 0x35, 0x33, 0x15, 0x23, 0x15, 0x23, 0x35, 0x33, 0x15, 0x2b, 0x01, 0x35, 0x23,
    0x35, 0x33, 0x01, 0x00, 0x40, 0xc0, 0x40, 0x80, 0x80, 0x40, 0xc0, 0x40, 0x80, 0x40, 0x40, 0x80,
    0x80, 0x80, 0x80, 0x80, 0x80, 0xc0, 0x40, 0x80, 0xc0, 0xc0, 0x80, 0x40, 0x00, 0x05, 0x00, 0x00,
    0x00, 0x00, 0x01, 0x40, 0x01, 0x40, 0x00, 0x05, 0x00, 0x0b, 0x00, 0x0f, 0x00, 0x15, 0x00, 0x1b,
    0x00, 0x00, 0x33, 0x35, 0x33, 0x15, 0x33, 0x15, 0x21, 0x35, 0x33, 0x35, 0x33, 0x15, 0x3d, 0x01,
    0x33, 0x15, 0x3d, 0x01, 0x33, 0x15, 0x23, 0x15, 0x2b, 0x01, 0x35, 0x23, 0x35, 0x33, 0xc0, 0x40,
    0x40, 0xfe, 0xc0, 0x40, 0x40, 0x40, 0x80, 0x40, 0x80, 0x40, 0x40, 0x80, 0x80, 0x40, 0x40, 0x40,
    0x40, 0x80, 0x80, 0x40, 0x40, 0x40, 0x80, 0x40, 0x40, 0x40, 0x40, 0x00, 0x00, 0x04, 0x00, 0x00,
    0xff, 0x80, 0x01, 0x40, 0x01, 0x40, 0x00, 0x03, 0x00, 0x07, 0x00, 0x0d, 0x00, 0x13, 0x00, 0x00,
    0x17, 0x15, 0x23, 0x35, 0x33, 0x35, 0x33, 0x15, 0x35, 0x11, 0x33, 0x15, 0x23, 0x15, 0x2b, 0x01,
    0x35, 0x23, 0x35, 0x33, 0x80, 0x80, 0x80, 0x40, 0x80, 0x40, 0x80, 0x40, 0x40, 0x80, 0x40, 0x40,
    0x40, 0x80, 0x80, 0x80, 0x01, 0x00, 0x40, 0xc0, 0xc0, 0x40, 0x00, 0x00, 0x00, 0x03, 0x00, 0x00,
    0x00, 0x00, 0x01, 0x40, 0x01, 0x40, 0x00, 0x03, 0x00, 0x0d, 0x00, 0x17, 0x00, 0x00, 0x37, 0x35,
    0x33, 0x15, 0x3d, 0x01, 0x23, 0x15, 0x23, 0x35, 0x21, 0x15, 0x23, 0x15, 0x07, 0x15, 0x33, 0x35,
    0x33, 0x15, 0x21, 0x35, 0x33, 0x35, 0x80, 0x40, 0x80, 0x40, 0x01, 0x40, 0x40, 0x80, 0x80, 0x40,
    0xfe, 0xc0, 0x40, 0x80, 0x40, 0x40, 0x40, 0x40, 0x40, 0x80, 0x40, 0x40, 0x40, 0x40, 0x40, 0x80,
    0x40, 0x40, 0x00, 0x00, 0x00, 0x03, 0x00, 0x00, 0xff, 0xc0, 0x00, 0xc0, 0x01, 0xc0, 0x00, 0x05,
    0x00, 0x09, 0x00, 0x0f, 0x00, 0x00, 0x17, 0x35, 0x33, 0x15, 0x33, 0x15, 0x27, 0x23, 0x35, 0x33,
    0x31, 0x35, 0x33, 0x15, 0x23, 0x15, 0x40, 0x40, 0x40, 0x80, 0x40, 0x40, 0x80, 0x40, 0x40, 0xc0,
    0x80, 0x40, 0xc0, 0x80, 0xc0, 0x40, 0x80, 0x00, 0x00, 0x01, 0x00, 0x00, 0xff, 0xc0, 0x00, 0x40,
    0x01, 0xc0, 0x00, 0x03, 0x00, 0x00, 0x15, 0x11, 0x33, 0x11, 0x40, 0x40, 0x02, 0x00, 0xfe, 0x00,
    0x00, 0x03, 0x00, 0x00, 0xff, 0xc0, 0x00, 0xc0, 0x01, 0xc0, 0x00, 0x05, 0x00, 0x09, 0x00, 0x0f,
    0x00, 0x00, 0x15, 0x35, 0x33, 0x35, 0x33, 0x15, 0x3d, 0x01, 0x33, 0x15, 0x27, 0x23, 0x35, 0x23,
    0x35, 0x33, 0x40, 0x40, 0x40, 0x40, 0x40, 0x40, 0x80, 0x40, 0x40, 0x80, 0xc0, 0xc0, 0x80, 0x80,
    0x80, 0x80, 0x40, 0x00, 0x00, 0x04, 0x00, 0x00, 0x00, 0x80, 0x01, 0x40, 0x01, 0x00, 0x00, 0x03,
    0x00, 0x07, 0x00, 0x0b, 0x00, 0x0f, 0x00, 0x00, 0x3d, 0x01, 0x33, 0x15, 0x37, 0x15, 0x23, 0x35,
    0x33, 0x35, 0x33, 0x15, 0x21, 0x35, 0x33, 0x15, 0x40, 0xc0, 0x80, 0x80, 0x40, 0xff, 0x00, 0x40,
    0x80, 0x40, 0x40, 0x40, 0x40, 0x40, 0x40, 0x40, 0x40, 0x40, 0x00, 0x00, 0x00, 0x02, 0x00, 0x00,
    0xff, 0x80, 0x00, 0x40, 0x01, 0x40, 0x00, 0x03, 0x00, 0x07, 0x00, 0x00, 0x15, 0x11, 0x33, 0x11,
    0x03, 0x35, 0x33, 0x15, 0x40, 0x40, 0x40, 0x80, 0x01, 0x40, 0xfe, 0xc0, 0x01, 0x80, 0x40, 0x40,
    0x00, 0x04, 0x00, 0x00, 0xff, 0xc0, 0x01, 0x40, 0x01, 0x80, 0x00, 0x03, 0x00, 0x17, 0x00, 0x1b,
    0x00, 0x1f, 0x00, 0x00, 0x37, 0x35, 0x23, 0x15, 0x3d, 0x01, 0x33, 0x35, 0x33, 0x15, 0x33, 0x15,
    0x23, 0x15, 0x33, 0x15, 0x23, 0x15, 0x23, 0x35, 0x23, 0x35, 0x23, 0x35, 0x05, 0x35, 0x33, 0x15,
    0x27, 0x33, 0x15, 0x23, 0x80, 0x40, 0x40, 0x40, 0x40, 0x40, 0x40, 0x40, 0x40, 0x40, 0x40, 0x01,
    0x00, 0x40, 0x40, 0x40, 0x40, 0x40, 0xc0, 0xc0, 0xc0, 0x40, 0x40, 0x40, 0x40, 0xc0, 0x40, 0x40,
    0x40, 0x40, 0xc0, 0xc0, 0x40, 0x40, 0xc0, 0x40, 0x00, 0x03, 0x00, 0x00, 0x00, 0x00, 0x01, 0x40,
    0x01, 0xc0, 0x00, 0x03, 0x00, 0x15, 0x00, 0x19, 0x00, 0x00, 0x01, 0x35, 0x33, 0x15, 0x01, 0x35,
    0x33, 0x35, 0x23, 0x35, 0x33, 0x35, 0x33, 0x15, 0x33, 0x15, 0x23, 0x15, 0x33, 0x35, 0x33, 0x15,
    0x03, 0x23, 0x35, 0x33, 0x01, 0x00, 0x40, 0xfe, 0xc0, 0x40, 0x40, 0x40, 0x40, 0x80, 0x80, 0x80,
    0x40, 0x40, 0x80, 0x80, 0x01, 0x40, 0x40, 0x40, 0xfe, 0xc0, 0x40, 0x80, 0x40, 0x80, 0x80, 0x40,
    0x80, 0x40, 0x80, 0x01, 0x80, 0x40, 0x00, 0x00, 0x00, 0x06, 0x00, 0x00, 0x00, 0x40, 0x01, 0x40,
    0x01, 0x80, 0x00, 0x03, 0x00, 0x07, 0x00, 0x0b, 0x00, 0x0f, 0x00, 0x13, 0x00, 0x17, 0x00, 0x00,
    0x25, 0x35, 0x33, 0x15, 0x21, 0x35, 0x33, 0x15, 0x37, 0x23, 0x35, 0x33, 0x07, 0x35, 0x23, 0x15,
    0x37, 0x35, 0x33, 0x15, 0x21, 0x23, 0x35, 0x33, 0x01, 0x00, 0x40, 0xfe, 0xc0, 0x40, 0xc0, 0xc0,
    0xc0, 0x40, 0x40, 0x80, 0x40, 0xff, 0x00, 0x40, 0x40, 0x40, 0x40, 0x40, 0x40, 0x40, 0x40, 0xc0,
    0x80, 0x40, 0x40, 0x80, 0x40, 0x40, 0x40, 0x00, 0x00, 0x05, 0x00, 0x00, 0x00, 0x00, 0x01, 0xc0,
    0x01, 0xc0, 0x00, 0x0f, 0x00, 0x13, 0x00, 0x17, 0x00, 0x1f, 0x00, 0x27, 0x00, 0x00, 0x33, 0x35,
    0x33, 0x35, 0x23, 0x35, 0x33, 0x35, 0x33, 0x15, 0x33, 0x15, 0x23, 0x15, 0x33, 0x15, 0x03, 0x35,
    0x33, 0x15, 0x2b, 0x01, 0x35, 0x3b, 0x01, 0x35, 0x23, 0x35, 0x33, 0x15, 0x23, 0x15, 0x21, 0x23,
    0x35, 0x23, 0x35, 0x33, 0x15, 0x23, 0x80, 0x40, 0x80, 0x80, 0x40, 0x80, 0x80, 0x40, 0x40, 0x40,
    0x80, 0x40, 0x40, 0x80, 0x40, 0xc0, 0x40, 0xff, 0x00, 0x40, 0x40, 0xc0, 0x40, 0x40, 0x40, 0x40,
    0x40, 0x40, 0x40, 0x40, 0x40, 0x01, 0x00, 0x40, 0x40, 0x40, 0x40, 0x40, 0x40, 0x40, 0x40, 0x40,
    0x40, 0x00, 0x00, 0x00, 0x00, 0x02, 0x00, 0x00, 0xff, 0x80, 0x00, 0x40, 0x01, 0xc0, 0x00, 0x03,
    0x00, 0x07, 0x00, 0x00, 0x15, 0x11, 0x33, 0x11, 0x03, 0x11, 0x33, 0x11, 0x40, 0x40, 0x40, 0x80,
    0x01, 0x00, 0xff, 0x00, 0x01, 0x40, 0x01, 0x00, 0xff, 0x00, 0x00, 0x00, 0x00, 0x08, 0x00, 0x00,
    0xff, 0xc0, 0x01, 0x00, 0x01, 0xc0, 0x00, 0x03, 0x00, 0x07, 0x00, 0x0f, 0x00, 0x13, 0x00, 0x17,
    0x00, 0x1b, 0x00, 0x23, 0x00, 0x27, 0x00, 0x00, 0x13, 0x35, 0x33, 0x15, 0x03, 0x15, 0x23, 0x35,
    0x33, 0x35, 0x23, 0x35, 0x33, 0x35, 0x33, 0x15, 0x2b, 0x01, 0x35, 0x33, 0x37, 0x23, 0x35, 0x33,
    0x31, 0x35, 0x33, 0x15, 0x2b, 0x01, 0x35, 0x33, 0x15, 0x33, 0x15, 0x23, 0x37, 0x23, 0x35, 0x33,
    0xc0, 0x40, 0x40, 0x80, 0x80, 0x40, 0x40, 0x40, 0xc0, 0x40, 0x40, 0x40, 0x40, 0x40, 0x40, 0x80,
    0x40, 0x40, 0x40, 0x40, 0x80, 0x80, 0x80, 0x01, 0x40, 0x40, 0x40, 0xfe, 0xc0, 0x40, 0x40, 0x40,
    0x40, 0x40, 0xc0, 0x40, 0x40, 0x40, 0x40, 0x40, 0xc0, 0x40, 0x40, 0x80, 0x40, 0x00, 0x00, 0x00,
    0x00, 0x02, 0x00, 0x00, 0x01, 0xc0, 0x00, 0xc0, 0x02, 0x00, 0x00, 0x03, 0x00, 0x07, 0x00, 0x00,
    0x13, 0x35, 0x33, 0x15, 0x23, 0x35, 0x33, 0x15, 0x80, 0x40, 0xc0, 0x40, 0x01, 0xc0, 0x40, 0x40,
    0x40, 0x40, 0x00, 0x00, 0x00, 0x09, 0x00, 0x00, 0x00, 0x00, 0x01, 0xc0, 0x01, 0xc0, 0x00, 0x03,
    0x00, 0x07, 0x00, 0x0b, 0x00, 0x0f, 0x00, 0x17, 0x00, 0x1b, 0x00, 0x1f, 0x00, 0x23, 0x00, 0x27,
    0x00, 0x00, 0x25, 0x15, 0x23, 0x35, 0x33, 0x35, 0x33, 0x15, 0x21, 0x23, 0x35, 0x33, 0x21, 0x35,
    0x33, 0x15, 0x2b, 0x01, 0x35, 0x33, 0x15, 0x23, 0x15, 0x33, 0x05, 0x23, 0x35, 0x33, 0x21, 0x35,
    0x33, 0x15, 0x21, 0x35, 0x33, 0x15, 0x37, 0x23, 0x35, 0x33, 0x01, 0x40, 0xc0, 0xc0, 0x40, 0xff,
    0x00, 0x40, 0x40, 0x01, 0x00, 0x40, 0x80, 0xc0, 0xc0, 0x80, 0x80, 0xff, 0x00, 0x40, 0x40, 0x01,
    0x00, 0x40, 0xfe, 0xc0, 0x40, 0xc0, 0xc0, 0xc0, 0x40, 0x40, 0x40, 0x40, 0x40, 0x40, 0xc0, 0xc0,
    0xc0, 0x40, 0x40, 0x40, 0xc0, 0x40, 0x40, 0x40, 0x40, 0x40, 0x40, 0x00, 0x00, 0x05, 0x00, 0x00,
    0x00, 0x80, 0x01, 0x00, 0x01, 0xc0, 0x00, 0x07, 0x00, 0x0b, 0x00, 0x0f, 0x00, 0x13, 0x00, 0x17,
    0x00, 0x00, 0x13, 0x35, 0x33, 0x35, 0x33, 0x15, 0x23, 0x35, 0x17, 0x35, 0x33, 0x15, 0x23, 0x35,
    0x33, 0x15, 0x11, 0x23, 0x35, 0x33, 0x07, 0x15, 0x23, 0x35, 0x40, 0x40, 0x40, 0x40, 0x40, 0x40,
    0xc0, 0x40, 0x80, 0x80, 0x40, 0x40, 0x01, 0x00, 0x40, 0x40, 0xc0, 0x40, 0x80, 0x40, 0x40, 0x40,
    0x40, 0x01, 0x00, 0x40, 0xc0, 0x40, 0x40, 0x00, 0x00, 0x0a, 0x00, 0x00, 0x00, 0x00, 0x01, 0x40,
    0x01, 0x40, 0x00, 0x03, 0x00, 0x07, 0x00, 0x0b, 0x00, 0x0f, 0x00, 0x13, 0x00, 0x17, 0x00, 0x1b,
    0x00, 0x1f, 0x00, 0x23, 0x00, 0x27, 0x00, 0x00, 0x21, 0x35, 0x33, 0x15, 0x23, 0x35, 0x33, 0x15,
    0x3d, 0x01, 0x33, 0x15, 0x2b, 0x01, 0x35, 0x33, 0x31, 0x35, 0x33, 0x15, 0x2b, 0x01, 0x35, 0x3b,
    0x01, 0x35, 0x33, 0x15, 0x23, 0x35, 0x33, 0x15, 0x37, 0x35, 0x33, 0x15, 0x23, 0x35, 0x33, 0x15,
    0x01, 0x00, 0x40, 0xc0, 0x40, 0x40, 0x80, 0x40, 0x40, 0x40, 0x80, 0x40, 0x40, 0x80, 0x40, 0xc0,
    0x40, 0x80, 0x40, 0xc0, 0x40, 0x40, 0x40, 0x40, 0x40, 0x40, 0x40, 0x40, 0x40, 0x40, 0x40, 0x40,
    0x40, 0x40, 0x40, 0x40, 0x40, 0x40, 0x40, 0x40, 0x40, 0x00, 0x00, 0x00, 0x00, 0x01, 0x00, 0x00,
    0x00, 0x80, 0x01, 0x00, 0x01, 0x00, 0x00, 0x05, 0x00, 0x00, 0x37, 0x35, 0x23, 0x35, 0x21, 0x15,
    0xc0, 0xc0, 0x01, 0x00, 0x80, 0x40, 0x40, 0x80, 0x00, 0x0a, 0x00, 0x00, 0x00, 0x00, 0x01, 0xc0,
    0x01, 0xc0, 0x00, 0x03, 0x00, 0x07, 0x00, 0x0b, 0x00, 0x0f, 0x00, 0x13, 0x00, 0x1b, 0x00, 0x1f,
    0x00, 0x23, 0x00, 0x27, 0x00, 0x2b, 0x00, 0x00, 0x25, 0x15, 0x23, 0x35, 0x33, 0x35, 0x33, 0x15,
    0x21, 0x23, 0x35, 0x33, 0x21, 0x35, 0x33, 0x15, 0x2b, 0x01, 0x35, 0x33, 0x07, 0x35, 0x33, 0x15,
    0x23, 0x15, 0x23, 0x15, 0x2b, 0x01, 0x35, 0x33, 0x21, 0x35, 0x33, 0x15, 0x21, 0x35, 0x33, 0x15,
    0x37, 0x23, 0x35, 0x33, 0x01, 0x40, 0xc0, 0xc0, 0x40, 0xff, 0x00, 0x40, 0x40, 0x01, 0x00, 0x40,
    0x80, 0x40, 0x40, 0xc0, 0xc0, 0x40, 0x40, 0x80, 0x40, 0x40, 0x01, 0x00, 0x40, 0xfe, 0xc0, 0x40,
    0xc0, 0xc0, 0xc0, 0x40, 0x40, 0x40, 0x40, 0x40, 0x40, 0xc0, 0xc0, 0x40, 0x40, 0xc0, 0x40, 0x40,
    0x40, 0xc0, 0x40, 0x40, 0x40, 0x40, 0x40, 0x40, 0x00, 0x01, 0x00, 0x00, 0x01, 0xc0, 0x00, 0xc0,
    0x02, 0x00, 0x00, 0x03, 0x00, 0x00, 0x13, 0x15, 0x23, 0x35, 0xc0, 0xc0, 0x02, 0x00, 0x40, 0x40,
    0x00, 0x04, 0x00, 0x00, 0x00, 0xc0, 0x01, 0x00, 0x01, 0xc0, 0x00, 0x03, 0x00, 0x07, 0x00, 0x0b,
    0x00, 0x0f, 0x00, 0x00, 0x13, 0x15, 0x23, 0x35, 0x33, 0x35, 0x33, 0x15, 0x2b, 0x01, 0x35, 0x3b,
    0x01, 0x23, 0x35, 0x33, 0xc0, 0x80, 0x80, 0x40, 0xc0, 0x40, 0x40, 0x80, 0x80, 0x80, 0x01, 0x00,
    0x40, 0x40, 0x80, 0x80, 0x80, 0x40, 0x00, 0x00, 0x00, 0x02, 0x00, 0x00, 0x00, 0x00, 0x01, 0x40,
    0x01, 0x80, 0x00, 0x0b, 0x00, 0x0f, 0x00, 0x00, 0x37, 0x35, 0x23, 0x35, 0x33, 0x35, 0x33, 0x15,
    0x33, 0x15, 0x23, 0x15, 0x17, 0x15, 0x21, 0x35, 0x80, 0x80, 0x80, 0x40, 0x80, 0x80, 0x80, 0xfe,
    0xc0, 0x80, 0x40, 0x40, 0x80, 0x80, 0x40, 0x40, 0x40, 0x40, 0x40, 0x00, 0x00, 0x04, 0x00, 0x00,
    0x00, 0x80, 0x00, 0xc0, 0x01, 0xc0, 0x00, 0x05, 0x00, 0x09, 0x00, 0x0d, 0x00, 0x11, 0x00, 0x00,
    0x37, 0x15, 0x23, 0x35, 0x33, 0x15, 0x3d, 0x01, 0x33, 0x15, 0x3d, 0x01, 0x33, 0x15, 0x27, 0x23,
    0x35, 0x33, 0xc0, 0xc0, 0x40, 0x40, 0x40, 0x40, 0x80, 0x80, 0xc0, 0x40, 0x80, 0x40, 0x40, 0x40,
    0x40, 0x40, 0x40, 0x40, 0x40, 0x40, 0x00, 0x00, 0x00, 0x05, 0x00, 0x00, 0x00, 0x80, 0x00, 0xc0,
    0x01, 0xc0, 0x00, 0x03, 0x00, 0x07, 0x00, 0x0b, 0x00, 0x0f, 0x00, 0x13, 0x00, 0x00, 0x37, 0x15,
    0x23, 0x35, 0x33, 0x35, 0x33, 0x15, 0x27, 0x23, 0x35, 0x33, 0x31, 0x35, 0x33, 0x15, 0x27, 0x23,
    0x35, 0x33, 0x80, 0x80, 0x80, 0x40, 0x40, 0x40, 0x40, 0x40, 0x40, 0x80, 0x80, 0xc0, 0x40, 0x40,
    0x40, 0x40, 0x40, 0x40, 0x40, 0x40, 0x40, 0x40, 0x00, 0x02, 0x00, 0x00, 0x01, 0x80, 0x00, 0x80,
    0x02, 0x00, 0x00, 0x03, 0x00, 0x07, 0x00, 0x00, 0x11, 0x35, 0x33, 0x15, 0x3d, 0x01, 0x33, 0x15,
    0x40, 0x40, 0x01, 0x80, 0x40, 0x40, 0x40, 0x40, 0x40, 0x00, 0x00, 0x00, 0x00, 0x02, 0x00, 0x00,
    0xff, 0x80, 0x01, 0x80, 0x01, 0x40, 0x00, 0x09, 0x00, 0x17, 0x00, 0x00, 0x17, 0x11, 0x23, 0x35,
    0x33, 0x11, 0x33, 0x15, 0x23, 0x15, 0x37, 0x35, 0x23, 0x35, 0x33, 0x35, 0x23, 0x35, 0x33, 0x15,
    0x23, 0x15, 0x33, 0x15, 0x40, 0x40, 0x80, 0x40, 0x40, 0x80, 0x40, 0x40, 0x40, 0xc0, 0x40, 0x40,
    0x80, 0x01, 0x80, 0x40, 0xff, 0x00, 0x40, 0x80, 0x80, 0x40, 0x40, 0x80, 0x40, 0x40, 0xc0, 0x40,
    0x00, 0x01, 0x00, 0x00, 0xff, 0xc0, 0x01, 0x80, 0x01, 0xc0, 0x00, 0x13, 0x00, 0x00, 0x05, 0x11,
    0x23, 0x11, 0x23, 0x35, 0x33, 0x35, 0x23, 0x35, 0x23, 0x35, 0x33, 0x35, 0x21, 0x15, 0x23, 0x11,
    0x33, 0x15, 0x01, 0x00, 0x40, 0x80, 0x40, 0x40, 0x40, 0x40, 0x01, 0x40, 0x40, 0x40, 0x40, 0x01,
    0xc0, 0xfe, 0x40, 0x40, 0xc0, 0x40, 0x80, 0x40, 0x40, 0xfe, 0x80, 0x40, 0x00, 0x01, 0x00, 0x00,
    0x00, 0xc0, 0x00, 0x40, 0x01, 0x00, 0x00, 0x03, 0x00, 0x00, 0x3d, 0x01, 0x33, 0x15, 0x40, 0xc0,
    0x40, 0x40, 0x00, 0x00, 0x00, 0x03, 0x00, 0x00, 0xff, 0x40, 0x00, 0x80, 0x00, 0x00, 0x00, 0x03,
    0x00, 0x07, 0x00, 0x0b, 0x00, 0x00, 0x15, 0x35, 0x33, 0x15, 0x3d, 0x01, 0x33, 0x15, 0x27, 0x23,
    0x35, 0x33, 0x40, 0x40, 0x40, 0x40, 0x40, 0xc0, 0x40, 0x40, 0x40, 0x40, 0x40, 0x40, 0x40, 0x00,
    0x00, 0x01, 0x00, 0x00, 0x00, 0x80, 0x00, 0xc0, 0x01, 0xc0, 0x00, 0x0b, 0x00, 0x00, 0x3d, 0x01,
    0x33, 0x35, 0x23, 0x35, 0x33, 0x35, 0x33, 0x11, 0x33, 0x15, 0x40, 0x40, 0x40, 0x40, 0x40, 0x80,
    0x40, 0x80, 0x40, 0x40, 0xff, 0x00, 0x40, 0x00, 0x00, 0x04, 0x00, 0x00, 0x00, 0x80, 0x00, 0xc0,
    0x01, 0xc0, 0x00, 0x03, 0x00, 0x07, 0x00, 0x0b, 0x00, 0x0f, 0x00, 0x00, 0x37, 0x35, 0x33, 0x15,
    0x3d, 0x01, 0x33, 0x15, 0x2b, 0x01, 0x35, 0x33, 0x31, 0x35, 0x33, 0x15, 0x40, 0x40, 0x40, 0x80,
    0x40, 0x40, 0x40, 0x80, 0x40, 0x40, 0x40, 0xc0, 0xc0, 0xc0, 0x40, 0x40, 0x00, 0x0a, 0x00, 0x00,
    0x00, 0x00, 0x01, 0x40, 0x01, 0x40, 0x00, 0x03, 0x00, 0x07, 0x00, 0x0b, 0x00, 0x0f, 0x00, 0x13,
    0x00, 0x17, 0x00, 0x1b, 0x00, 0x1f, 0x00, 0x23, 0x00, 0x27, 0x00, 0x00, 0x33, 0x35, 0x33, 0x15,
    0x23, 0x35, 0x33, 0x15, 0x37, 0x35, 0x33, 0x15, 0x23, 0x35, 0x33, 0x15, 0x37, 0x35, 0x33, 0x15,
    0x23, 0x35, 0x33, 0x15, 0x3d, 0x01, 0x33, 0x15, 0x2b, 0x01, 0x35, 0x33, 0x31, 0x35, 0x33, 0x15,
    0x2b, 0x01, 0x35, 0x33, 0x80, 0x40, 0xc0, 0x40, 0x80, 0x40, 0xc0, 0x40, 0x80, 0x40, 0xc0, 0x40,
    0x40, 0x80, 0x40, 0x40, 0x40, 0x80, 0x40, 0x40, 0x40, 0x40, 0x40, 0x40, 0x40, 0x40, 0x40, 0x40,
    0x40, 0x40, 0x40, 0x40, 0x40, 0x40, 0x40, 0x40, 0x40, 0x40, 0x40, 0x40, 0x40, 0x00, 0x00, 0x00,
    0x00, 0x05, 0x00, 0x00, 0x00, 0x00, 0x02, 0x40, 0x01, 0xc0, 0x00, 0x03, 0x00, 0x15, 0x00, 0x21,
    0x00, 0x25, 0x00, 0x29, 0x00, 0x00, 0x25, 0x35, 0x23, 0x15, 0x23, 0x35, 0x33, 0x15, 0x33, 0x35,
    0x33, 0x35, 0x33, 0x15, 0x33, 0x15, 0x23, 0x15, 0x23, 0x35, 0x23, 0x35, 0x2b, 0x01, 0x35, 0x33,
    0x35, 0x23, 0x35, 0x33, 0x35, 0x33, 0x11, 0x33, 0x37, 0x35, 0x33, 0x15, 0x07, 0x15, 0x23, 0x35,
    0x01, 0xc0, 0x40, 0x80, 0x40, 0x40, 0x40, 0x40, 0x40, 0x40, 0x40, 0x80, 0x80, 0xc0, 0x40, 0x40,
    0x40, 0x40, 0x40, 0x80, 0x40, 0x80, 0x40, 0x80, 0x40, 0x40, 0xc0, 0x80, 0x40, 0x40, 0xc0, 0x40,
    0x40, 0x40, 0x40, 0x40, 0x80, 0x40, 0x40, 0xff, 0x00, 0x80, 0x80, 0x80, 0xc0, 0x80, 0x80, 0x00,
    0x00, 0x08, 0x00, 0x00, 0x00, 0x00, 0x02, 0x40, 0x01, 0xc0, 0x00, 0x03, 0x00, 0x09, 0x00, 0x0d,
    0x00, 0x11, 0x00, 0x1d, 0x00, 0x21, 0x00, 0x25, 0x00, 0x29, 0x00, 0x00, 0x33, 0x35, 0x33, 0x15,
    0x25, 0x15, 0x23, 0x35, 0x33, 0x15, 0x3d, 0x01, 0x33, 0x15, 0x21, 0x35, 0x33, 0x15, 0x2b, 0x01,
    0x35, 0x33, 0x35, 0x23, 0x35, 0x33, 0x35, 0x33, 0x11, 0x33, 0x21, 0x35, 0x33, 0x15, 0x27, 0x23,
    0x35, 0x33, 0x23, 0x35, 0x33, 0x15, 0xc0, 0x40, 0x01, 0x40, 0xc0, 0x40, 0x40, 0xff, 0x00, 0x40,
    0x80, 0xc0, 0x40, 0x40, 0x40, 0x40, 0x40, 0x01, 0x40, 0x40, 0x40, 0x80, 0x80, 0xc0, 0x40, 0x80,
    0x80, 0x40, 0x40, 0x80, 0x40, 0x40, 0x40, 0x40, 0xc0, 0xc0, 0x40, 0x80, 0x40, 0x40, 0xff, 0x00,
    0x40, 0x40, 0x40, 0x40, 0x80, 0x80, 0x00, 0x00, 0x00, 0x09, 0x00, 0x00, 0x00, 0x00, 0x02, 0x40,
    0x01, 0xc0, 0x00, 0x03, 0x00, 0x15, 0x00, 0x19, 0x00, 0x1d, 0x00, 0x21, 0x00, 0x25, 0x00, 0x29,
    0x00, 0x2d, 0x00, 0x31, 0x00, 0x00, 0x25, 0x35, 0x23, 0x15, 0x23, 0x35, 0x33, 0x15, 0x33, 0x35,
    0x33, 0x35, 0x33, 0x15, 0x33, 0x15, 0x23, 0x15, 0x23, 0x35, 0x23, 0x35, 0x27, 0x15, 0x23, 0x35,
    0x33, 0x35, 0x33, 0x15, 0x27, 0x23, 0x35, 0x3b, 0x01, 0x35, 0x33, 0x15, 0x21, 0x35, 0x33, 0x15,
    0x27, 0x23, 0x35, 0x33, 0x13, 0x15, 0x23, 0x35, 0x01, 0xc0, 0x40, 0x80, 0x40, 0x40, 0x40, 0x40,
    0x40, 0x40, 0x40, 0x80, 0xc0, 0x80, 0x80, 0x40, 0x40, 0x40, 0x40, 0xc0, 0x40, 0xff, 0x00, 0x40,
    0x40, 0x80, 0x80, 0x80, 0x40, 0x80, 0x40, 0x40, 0xc0, 0x80, 0x40, 0x40, 0xc0, 0x40, 0x40, 0x40,
    0x40, 0x40, 0x40, 0x40, 0x40, 0x40, 0x40, 0x40, 0x80, 0x80, 0x40, 0x40, 0x40, 0x40, 0xfe, 0xc0,
    0x80, 0x80, 0x00, 0x00, 0x00, 0x06, 0x00, 0x00, 0xff, 0x80, 0x01, 0x40, 0x01, 0x40, 0x00, 0x03,
    0x00, 0x07, 0x00, 0x0b, 0x00, 0x0f, 0x00, 0x13, 0x00, 0x17, 0x00, 0x00, 0x13, 0x35, 0x33, 0x15,
    0x13, 0x15, 0x23, 0x35, 0x33, 0x35, 0x33, 0x15, 0x21, 0x23, 0x35, 0x33, 0x31, 0x35, 0x33, 0x15,
    0x3d, 0x01, 0x33, 0x15, 0x80, 0x40, 0x40, 0xc0, 0xc0, 0x40, 0xff, 0x00, 0x40, 0x40, 0x40, 0x40,
    0x01, 0x00, 0x40, 0x40, 0xfe, 0xc0, 0x40, 0x40, 0x80, 0x80, 0x80, 0x40, 0x40, 0x40, 0x40, 0x40,
    0x00, 0x04, 0x00, 0x00, 0x00, 0x00, 0x01, 0xc0, 0x02, 0x80, 0x00, 0x03, 0x00, 0x1b, 0x00, 0x1f,
    0x00, 0x23, 0x00, 0x00, 0x13, 0x35, 0x33, 0x15, 0x11, 0x35, 0x33, 0x35, 0x23, 0x15, 0x33, 0x15,
    0x23, 0x35, 0x33, 0x35, 0x33, 0x35, 0x33, 0x15, 0x33, 0x35, 0x33, 0x15, 0x33, 0x15, 0x33, 0x15,
    0x01, 0x35, 0x33, 0x15, 0x27, 0x23, 0x35, 0x33, 0xc0, 0x40, 0x40, 0xc0, 0x40, 0xc0, 0x40, 0x40,
    0x40, 0x40, 0x40, 0x40, 0x40, 0xff, 0x00, 0x40, 0x40, 0x40, 0x40, 0x02, 0x00, 0x40, 0x40, 0xfe,
    0x00, 0x40, 0x40, 0x40, 0x40, 0x40, 0x80, 0xc0, 0xc0, 0xc0, 0xc0, 0x80, 0x40, 0x01, 0x80, 0x40,
    0x40, 0xc0, 0x40, 0x00, 0x00, 0x04, 0x00, 0x00, 0x00, 0x00, 0x01, 0xc0, 0x02, 0x80, 0x00, 0x03,
    0x00, 0x1b, 0x00, 0x1f, 0x00, 0x23, 0x00, 0x00, 0x13, 0x35, 0x33, 0x15, 0x11, 0x35, 0x33, 0x35,
    0x23, 0x15, 0x33, 0x15, 0x23, 0x35, 0x33, 0x35, 0x33, 0x35, 0x33, 0x15, 0x33, 0x35, 0x33, 0x15,
    0x33, 0x15, 0x33, 0x15, 0x01, 0x35, 0x33, 0x15, 0x3d, 0x01, 0x33, 0x15, 0xc0, 0x40, 0x40, 0xc0,
    0x40, 0xc0, 0x40, 0x40, 0x40, 0x40, 0x40, 0x40, 0x40, 0xff, 0x00, 0x40, 0x40, 0x02, 0x00, 0x40,
    0x40, 0xfe, 0x00, 0x40, 0x40, 0x40, 0x40, 0x40, 0x80, 0xc0, 0xc0, 0xc0, 0xc0, 0x80, 0x40, 0x01,
    0x80, 0x40, 0x40, 0xc0, 0x40, 0x40, 0x00, 0x00, 0x00, 0x05, 0x00, 0x00, 0x00, 0x00, 0x01, 0xc0,
    0x02, 0x80, 0x00, 0x03, 0x00, 0x07, 0x00, 0x1f, 0x00, 0x23, 0x00, 0x27, 0x00, 0x00, 0x01, 0x35,
    0x33, 0x15, 0x23, 0x35, 0x33, 0x15, 0x13, 0x35, 0x33, 0x35, 0x23, 0x15, 0x33, 0x15, 0x23, 0x35,
    0x33, 0x35, 0x33, 0x35, 0x33, 0x15, 0x33, 0x35, 0x33, 0x15, 0x33, 0x15, 0x33, 0x15, 0x01, 0x35,
    0x33, 0x15, 0x27, 0x35, 0x33, 0x15, 0x01, 0x00, 0x40, 0xc0, 0x40, 0x40, 0x40, 0xc0, 0x40, 0xc0,
    0x40, 0x40, 0x40, 0x40, 0x40, 0x40, 0x40, 0xff, 0x00, 0x40, 0x40, 0x40, 0x02, 0x00, 0x40, 0x40,
    0x40, 0x40, 0xfe, 0x00, 0x40, 0x40, 0x40, 0x40, 0x40, 0x80, 0xc0, 0xc0, 0xc0, 0xc0, 0x80, 0x40,
    0x01, 0x80, 0x40, 0x40, 0xc0, 0x40, 0x40, 0x00, 0x00, 0x06, 0x00, 0x00, 0x00, 0x00, 0x01, 0xc0,
    0x02, 0x80, 0x00, 0x03, 0x00, 0x1b, 0x00, 0x1f, 0x00, 0x23, 0x00, 0x27, 0x00, 0x2b, 0x00, 0x00,
    0x13, 0x35, 0x33, 0x15, 0x13, 0x35, 0x33, 0x35, 0x23, 0x15, 0x33, 0x15, 0x23, 0x35, 0x33, 0x35,
    0x33, 0x35, 0x33, 0x15, 0x33, 0x35, 0x33, 0x15, 0x33, 0x15, 0x33, 0x15, 0x01, 0x35, 0x33, 0x15,
    0x37, 0x15, 0x23, 0x35, 0x33, 0x35, 0x33, 0x15, 0x21, 0x35, 0x33, 0x15, 0x40, 0x40, 0x80, 0x40,
    0xc0, 0x40, 0xc0, 0x40, 0x40, 0x40, 0x40, 0x40, 0x40, 0x40, 0xff, 0x00, 0x40, 0x40, 0x80, 0x80,
    0x40, 0xff, 0x00, 0x40, 0x02, 0x00, 0x40, 0x40, 0xfe, 0x00, 0x40, 0x40, 0x40, 0x40, 0x40, 0x80,
    0xc0, 0xc0, 0xc0, 0xc0, 0x80, 0x40, 0x01, 0x80, 0x40, 0x40, 0xc0, 0x40, 0x40, 0x40, 0x40, 0x40,
    0x40, 0x00, 0x00, 0x00, 0x00, 0x04, 0x00, 0x00, 0x00, 0x00, 0x01, 0xc0, 0x02, 0x40, 0x00, 0x03,
    0x00, 0x07, 0x00, 0x1f, 0x00, 0x23, 0x00, 0x00, 0x01, 0x35, 0x33, 0x15, 0x23, 0x35, 0x33, 0x15,
    0x13, 0x35, 0x33, 0x35, 0x23, 0x15, 0x33, 0x15, 0x23, 0x35, 0x33, 0x35, 0x33, 0x35, 0x33, 0x15,
    0x33, 0x35, 0x33, 0x15, 0x33, 0x15, 0x33, 0x15, 0x01, 0x35, 0x33, 0x15, 0x01, 0x00, 0x40, 0xc0,
    0x40, 0x40, 0x40, 0xc0, 0x40, 0xc0, 0x40, 0x40, 0x40, 0x40, 0x40, 0x40, 0x40, 0xff, 0x00, 0x40,
    0x02, 0x00, 0x40, 0x40, 0x40, 0x40, 0xfe, 0x00, 0x40, 0x40, 0x40, 0x40, 0x40, 0x80, 0xc0, 0xc0,
    0xc0, 0xc0, 0x80, 0x40, 0x01, 0x80, 0x40, 0x40, 0x00, 0x05, 0x00, 0x00, 0x00, 0x00, 0x01, 0xc0,
    0x02, 0x40, 0x00, 0x17, 0x00, 0x1b, 0x00, 0x1f, 0x00, 0x23, 0x00, 0x27, 0x00, 0x00, 0x21, 0x35,
    0x33, 0x35, 0x23, 0x15, 0x33, 0x15, 0x23, 0x35, 0x33, 0x35, 0x33, 0x35, 0x33, 0x15, 0x33, 0x35,
    0x33, 0x15, 0x33, 0x15, 0x33, 0x15, 0x01, 0x35, 0x33, 0x15, 0x3d, 0x01, 0x33, 0x15, 0x2b, 0x01,
    0x35, 0x33, 0x31, 0x35, 0x33, 0x15, 0x01, 0x00, 0x40, 0xc0, 0x40, 0xc0, 0x40, 0x40, 0x40, 0x40,
    0x40, 0x40, 0x40, 0xff, 0x00, 0x40, 0x40, 0x80, 0x40, 0x40, 0x40, 0x40, 0x40, 0x40, 0x40, 0x40,
    0x80, 0xc0, 0xc0, 0xc0, 0xc0, 0x80, 0x40, 0x01, 0x80, 0x40, 0x40, 0x40, 0x40, 0x40, 0x40, 0x40,
    0x40, 0x00, 0x00, 0x00, 0x00, 0x02, 0x00, 0x00, 0x00, 0x00, 0x02, 0x40, 0x01, 0xc0, 0x00, 0x1f,
    0x00, 0x23, 0x00, 0x00, 0x25, 0x35, 0x23, 0x15, 0x33, 0x35, 0x33, 0x15, 0x21, 0x35, 0x23, 0x15,
    0x33, 0x15, 0x23, 0x35, 0x33, 0x35, 0x33, 0x35, 0x33, 0x35, 0x21, 0x15, 0x23, 0x35, 0x23, 0x15,
    0x33, 0x35, 0x33, 0x15, 0x27, 0x35, 0x23, 0x15, 0x01, 0x80, 0x40, 0xc0, 0x40, 0xfe, 0xc0, 0x80,
    0x40, 0xc0, 0x40, 0x40, 0x40, 0x01, 0x80, 0x40, 0xc0, 0x40, 0x40, 0xc0, 0x40, 0x80, 0x40, 0x80,
    0x40, 0x80, 0x80, 0x40, 0x40, 0x40, 0x80, 0xc0, 0x40, 0x80, 0x40, 0x80, 0x40, 0xc0, 0x40, 0xc0,
    0xc0, 0x00, 0x00, 0x00, 0x00, 0x09, 0x00, 0x00, 0xff, 0x40, 0x01, 0xc0, 0x01, 0xc0, 0x00, 0x03,
    0x00, 0x0b, 0x00, 0x0f, 0x00, 0x17, 0x00, 0x1b, 0x00, 0x1f, 0x00, 0x23, 0x00, 0x27, 0x00, 0x2b,
    0x00, 0x00, 0x17, 0x35, 0x33, 0x15, 0x13, 0x35, 0x23, 0x35, 0x33, 0x35, 0x33, 0x15, 0x03, 0x35,
    0x33, 0x15, 0x27, 0x23, 0x35, 0x23, 0x35, 0x21, 0x15, 0x23, 0x37, 0x35, 0x33, 0x15, 0x21, 0x23,
    0x35, 0x33, 0x2b, 0x01, 0x35, 0x33, 0x31, 0x35, 0x33, 0x15, 0x37, 0x23, 0x35, 0x33, 0xc0, 0x40,
    0x80, 0x40, 0x40, 0x40, 0xc0, 0x40, 0x40, 0x40, 0x40, 0x01, 0x00, 0x80, 0x80, 0x40, 0xfe, 0xc0,
    0x40, 0x40, 0x40, 0x40, 0x40, 0x40, 0xc0, 0xc0, 0xc0, 0xc0, 0x40, 0x40, 0x01, 0xc0, 0x40, 0x40,
    0x40, 0xc0, 0xfe, 0x80, 0x40, 0x40, 0x40, 0x40, 0x40, 0x40, 0x40, 0x40, 0x40, 0x40, 0xc0, 0x40,
    0x40, 0x40, 0x40, 0x00, 0x00, 0x03, 0x00, 0x00, 0x00, 0x00, 0x01, 0x80, 0x02, 0x80, 0x00, 0x17,
    0x00, 0x1b, 0x00, 0x1f, 0x00, 0x00, 0x37, 0x35, 0x23, 0x15, 0x33, 0x35, 0x33, 0x15, 0x21, 0x35,
    0x33, 0x11, 0x23, 0x35, 0x21, 0x15, 0x23, 0x35, 0x23, 0x15, 0x33, 0x35, 0x33, 0x15, 0x03, 0x35,
    0x33, 0x15, 0x27, 0x23, 0x35, 0x33, 0xc0, 0x40, 0xc0, 0x40, 0xfe, 0x80, 0x40, 0x40, 0x01, 0x80,
    0x40, 0xc0, 0x40, 0x40, 0x40, 0x40, 0x40, 0x40, 0x40, 0x80, 0x40, 0x80, 0x40, 0x80, 0x40, 0x01,
    0x40, 0x40, 0x80, 0x40, 0x80, 0x40, 0xc0, 0x01, 0x80, 0x40, 0x40, 0x40, 0x40, 0x00, 0x00, 0x00,
    0x00, 0x03, 0x00, 0x00, 0x00, 0x00, 0x01, 0x80, 0x02, 0x80, 0x00, 0x17, 0x00, 0x1b, 0x00, 0x1f,
    0x00, 0x00, 0x37, 0x35, 0x23, 0x15, 0x33, 0x35, 0x33, 0x15, 0x21, 0x35, 0x33, 0x11, 0x23, 0x35,
    0x21, 0x15, 0x23, 0x35, 0x23, 0x15, 0x33, 0x35, 0x33, 0x15, 0x03, 0x35, 0x33, 0x15, 0x3d, 0x01,
    0x33, 0x15, 0xc0, 0x40, 0xc0, 0x40, 0xfe, 0x80, 0x40, 0x40, 0x01, 0x80, 0x40, 0xc0, 0x40, 0x40,
    0x40, 0x40, 0x40, 0x80, 0x40, 0x80, 0x40, 0x80, 0x40, 0x01, 0x40, 0x40, 0x80, 0x40, 0x80, 0x40,
    0xc0, 0x01, 0x80, 0x40, 0x40, 0x40, 0x40, 0x40, 0x00, 0x04, 0x00, 0x00, 0x00, 0x00, 0x01, 0x80,
    0x02, 0x80, 0x00, 0x17, 0x00, 0x1b, 0x00, 0x1f, 0x00, 0x23, 0x00, 0x00, 0x37, 0x35, 0x23, 0x15,
    0x33, 0x35, 0x33, 0x15, 0x21, 0x35, 0x33, 0x11, 0x23, 0x35, 0x21, 0x15, 0x23, 0x35, 0x23, 0x15,
    0x33, 0x35, 0x33, 0x15, 0x11, 0x35, 0x33, 0x15, 0x23, 0x35, 0x33, 0x15, 0x3d, 0x01, 0x33, 0x15,
    0xc0, 0x40, 0xc0, 0x40, 0xfe, 0x80, 0x40, 0x40, 0x01, 0x80, 0x40, 0xc0, 0x40, 0x40, 0x40, 0xc0,
    0x40, 0x40, 0x80, 0x40, 0x80, 0x40, 0x80, 0x40, 0x01, 0x40, 0x40, 0x80, 0x40, 0x80, 0x40, 0xc0,
    0x01, 0x80, 0x40, 0x40, 0x40, 0x40, 0x40, 0x40, 0x40, 0x00, 0x00, 0x00, 0x00, 0x03, 0x00, 0x00,
    0x00, 0x00, 0x01, 0x80, 0x02, 0x40, 0x00, 0x17, 0x00, 0x1b, 0x00, 0x1f, 0x00, 0x00, 0x37, 0x35,
    0x23, 0x15, 0x33, 0x35, 0x33, 0x15, 0x21, 0x35, 0x33, 0x11, 0x23, 0x35, 0x21, 0x15, 0x23, 0x35,
    0x23, 0x15, 0x33, 0x35, 0x33, 0x15, 0x11, 0x35, 0x33, 0x15, 0x23, 0x35, 0x33, 0x15, 0xc0, 0x40,
    0xc0, 0x40, 0xfe, 0x80, 0x40, 0x40, 0x01, 0x80, 0x40, 0xc0, 0x40, 0x40, 0x40, 0xc0, 0x40, 0x80,
    0x40, 0x80, 0x40, 0x80, 0x40, 0x01, 0x40, 0x40, 0x80, 0x40, 0x80, 0x40, 0xc0, 0x01, 0x80, 0x40,
    0x40, 0x40, 0x40, 0x00, 0x00, 0x03, 0x00, 0x00, 0x00, 0x00, 0x00, 0xc0, 0x02, 0x80, 0x00, 0x03,
    0x00, 0x0f, 0x00, 0x13, 0x00, 0x00, 0x13, 0x35, 0x33, 0x15, 0x03, 0x35, 0x33, 0x11, 0x23, 0x35,
    0x33, 0x15, 0x23, 0x11, 0x33, 0x15, 0x03, 0x23, 0x35, 0x33, 0x40, 0x40, 0x80, 0x40, 0x40, 0xc0,
    0x40, 0x40, 0x80, 0x40, 0x40, 0x02, 0x00, 0x40, 0x40, 0xfe, 0x00, 0x40, 0x01, 0x40, 0x40, 0x40,
    0xfe, 0xc0, 0x40, 0x02, 0x40, 0x40, 0x00, 0x00, 0x00, 0x03, 0x00, 0x00, 0x00, 0x00, 0x00, 0xc0,
    0x02, 0x80, 0x00, 0x03, 0x00, 0x0f, 0x00, 0x13, 0x00, 0x00, 0x13, 0x35, 0x33, 0x15, 0x03, 0x35,
    0x33, 0x11, 0x23, 0x35, 0x33, 0x15, 0x23, 0x11, 0x33, 0x15, 0x03, 0x35, 0x33, 0x15, 0x40, 0x40,
    0x80, 0x40, 0x40, 0xc0, 0x40, 0x40, 0x40, 0x40, 0x02, 0x00, 0x40, 0x40, 0xfe, 0x00, 0x40, 0x01,
    0x40, 0x40, 0x40, 0xfe, 0xc0, 0x40, 0x02, 0x40, 0x40, 0x40, 0x00, 0x00, 0x00, 0x04, 0x00, 0x00,
    0x00, 0x00, 0x00, 0xc0, 0x02, 0x80, 0x00, 0x03, 0x00, 0x07, 0x00, 0x13, 0x00, 0x17, 0x00, 0x00,
    0x13, 0x35, 0x33, 0x15, 0x23, 0x35, 0x33, 0x15, 0x03, 0x35, 0x33, 0x11, 0x23, 0x35, 0x33, 0x15,
    0x23, 0x11, 0x33, 0x15, 0x03, 0x35, 0x33, 0x15, 0x80, 0x40, 0xc0, 0x40, 0x40, 0x40, 0x40, 0xc0,
    0x40, 0x40, 0x80, 0x40, 0x02, 0x00, 0x40, 0x40, 0x40, 0x40, 0xfe, 0x00, 0x40, 0x01, 0x40, 0x40,
    0x40, 0xfe, 0xc0, 0x40, 0x02, 0x40, 0x40, 0x40, 0x00, 0x03, 0x00, 0x00, 0x00, 0x00, 0x00, 0xc0,
    0x02, 0x40, 0x00, 0x03, 0x00, 0x07, 0x00, 0x13, 0x00, 0x00, 0x13, 0x35, 0x33, 0x15, 0x23, 0x35,
    0x33, 0x15, 0x03, 0x35, 0x33, 0x11, 0x23, 0x35, 0x33, 0x15, 0x23, 0x11, 0x33, 0x15, 0x80, 0x40,
    0xc0, 0x40, 0x40, 0x40, 0x40, 0xc0, 0x40, 0x40, 0x02, 0x00, 0x40, 0x40, 0x40, 0x40, 0xfe, 0x00,
    0x40, 0x01, 0x40, 0x40, 0x40, 0xfe, 0xc0, 0x40, 0x00, 0x02, 0x00, 0x00, 0x00, 0x00, 0x01, 0xc0,
    0x01, 0xc0, 0x00, 0x0b, 0x00, 0x1f, 0x00, 0x00, 0x25, 0x35, 0x33, 0x35, 0x23, 0x35, 0x23, 0x15,
    0x33, 0x15, 0x23, 0x15, 0x07, 0x35, 0x33, 0x35, 0x23, 0x35, 0x33, 0x35, 0x23, 0x35, 0x21, 0x15,
    0x33, 0x15, 0x33, 0x15, 0x23, 0x15, 0x23, 0x15, 0x01, 0x40, 0x40, 0x40, 0xc0, 0x80, 0x80, 0x80,
    0x40, 0x40, 0x40, 0x40, 0x01, 0x40, 0x40, 0x40, 0x40, 0x40, 0x40, 0x40, 0xc0, 0x40, 0x80, 0x40,
    0x80, 0x40, 0x40, 0x80, 0x40, 0x80, 0x40, 0x40, 0x40, 0xc0, 0x40, 0x40, 0x00, 0x07, 0x00, 0x00,
    0x00, 0x00, 0x01, 0xc0, 0x02, 0x80, 0x00, 0x0d, 0x00, 0x19, 0x00, 0x1d, 0x00, 0x21, 0x00, 0x25,
    0x00, 0x29, 0x00, 0x2d, 0x00, 0x00, 0x13, 0x23, 0x15, 0x33, 0x15, 0x23, 0x35, 0x33, 0x11, 0x23,
    0x35, 0x33, 0x15, 0x33, 0x13, 0x35, 0x23, 0x35, 0x33, 0x35, 0x23, 0x35, 0x33, 0x15, 0x23, 0x11,
    0x01, 0x35, 0x33, 0x15, 0x37, 0x15, 0x23, 0x35, 0x33, 0x35, 0x33, 0x15, 0x21, 0x35, 0x33, 0x15,
    0x11, 0x33, 0x15, 0x23, 0xc0, 0x40, 0x40, 0xc0, 0x40, 0x40, 0x80, 0x40, 0x80, 0x40, 0x40, 0x40,
    0xc0, 0x40, 0xfe, 0xc0, 0x40, 0xc0, 0x80, 0x80, 0x40, 0xff, 0x00, 0x40, 0x40, 0x40, 0x01, 0x00,
    0xc0, 0x40, 0x40, 0x01, 0x40, 0x40, 0x40, 0xfe, 0x80, 0x40, 0x80, 0xc0, 0x40, 0x40, 0xfe, 0x80,
    0x02, 0x00, 0x40, 0x40, 0x40, 0x40, 0x40, 0x40, 0x40, 0x40, 0x40, 0xfe, 0xc0, 0x40, 0x00, 0x00,
    0x00, 0x0a, 0x00, 0x00, 0x00, 0x00, 0x01, 0xc0, 0x02, 0x80, 0x00, 0x03, 0x00, 0x07, 0x00, 0x0b,
    0x00, 0x0f, 0x00, 0x13, 0x00, 0x17, 0x00, 0x1b, 0x00, 0x1f, 0x00, 0x23, 0x00, 0x27, 0x00, 0x00,
    0x13, 0x35, 0x33, 0x15, 0x13, 0x15, 0x23, 0x35, 0x33, 0x35, 0x33, 0x15, 0x21, 0x23, 0x35, 0x33,
    0x21, 0x35, 0x33, 0x15, 0x21, 0x23, 0x35, 0x33, 0x21, 0x23, 0x35, 0x33, 0x05, 0x35, 0x33, 0x15,
    0x37, 0x23, 0x35, 0x33, 0x27, 0x23, 0x35, 0x33, 0xc0, 0x40, 0x40, 0xc0, 0xc0, 0x40, 0xff, 0x00,
    0x40, 0x40, 0x01, 0x00, 0x40, 0xfe, 0x80, 0x40, 0x40, 0x01, 0x40, 0x40, 0x40, 0xfe, 0xc0, 0x40,
    0xc0, 0xc0, 0xc0, 0x80, 0x40, 0x40, 0x02, 0x00, 0x40, 0x40, 0xfe, 0x40, 0x40, 0x40, 0x40, 0x40,
    0x40, 0xc0, 0xc0, 0xc0, 0x40, 0x40, 0x40, 0x40, 0x40, 0x40, 0x80, 0x40, 0x00, 0x0a, 0x00, 0x00,
    0x00, 0x00, 0x01, 0xc0, 0x02, 0x80, 0x00, 0x03, 0x00, 0x07, 0x00, 0x0b, 0x00, 0x0f, 0x00, 0x13,
    0x00, 0x17, 0x00, 0x1b, 0x00, 0x1f, 0x00, 0x23, 0x00, 0x27, 0x00, 0x00, 0x13, 0x35, 0x33, 0x15,
    0x13, 0x15, 0x23, 0x35, 0x33, 0x35, 0x33, 0x15, 0x21, 0x23, 0x35, 0x33, 0x21, 0x35, 0x33, 0x15,
    0x21, 0x23, 0x35, 0x33, 0x21, 0x23, 0x35, 0x33, 0x05, 0x35, 0x33, 0x15, 0x37, 0x23, 0x35, 0x33,
    0x27, 0x35, 0x33, 0x15, 0xc0, 0x40, 0x40, 0xc0, 0xc0, 0x40, 0xff, 0x00, 0x40, 0x40, 0x01, 0x00,
    0x40, 0xfe, 0x80, 0x40, 0x40, 0x01, 0x40, 0x40, 0x40, 0xfe, 0xc0, 0x40, 0xc0, 0xc0, 0xc0, 0x40,
    0x40, 0x02, 0x00, 0x40, 0x40, 0xfe, 0x40, 0x40, 0x40, 0x40, 0x40, 0x40, 0xc0, 0xc0, 0xc0, 0x40,
    0x40, 0x40, 0x40, 0x40, 0x40, 0x80, 0x40, 0x40, 0x00, 0x0b, 0x00, 0x00, 0x00, 0x00, 0x01, 0xc0,
    0x02, 0x80, 0x00, 0x03, 0x00, 0x07, 0x00, 0x0b, 0x00, 0x0f, 0x00, 0x13, 0x00, 0x17, 0x00, 0x1b,
    0x00, 0x1f, 0x00, 0x23, 0x00, 0x27, 0x00, 0x2b, 0x00, 0x00, 0x01, 0x35, 0x33, 0x15, 0x23, 0x35,
    0x33, 0x15, 0x13, 0x15, 0x23, 0x35, 0x33, 0x35, 0x33, 0x15, 0x21, 0x23, 0x35, 0x33, 0x21, 0x35,
    0x33, 0x15, 0x21, 0x23, 0x35, 0x33, 0x21, 0x23, 0x35, 0x33, 0x05, 0x35, 0x33, 0x15, 0x37, 0x23,
    0x35, 0x33, 0x27, 0x35, 0x33, 0x15, 0x01, 0x00, 0x40, 0xc0, 0x40, 0x80, 0xc0, 0xc0, 0x40, 0xff,
    0x00, 0x40, 0x40, 0x01, 0x00, 0x40, 0xfe, 0x80, 0x40, 0x40, 0x01, 0x40, 0x40, 0x40, 0xfe, 0xc0,
    0x40, 0xc0, 0xc0, 0xc0, 0x80, 0x40, 0x02, 0x00, 0x40, 0x40, 0x40, 0x40, 0xfe, 0x40, 0x40, 0x40,
    0x40, 0x40, 0x40, 0xc0, 0xc0, 0xc0, 0x40, 0x40, 0x40, 0x40, 0x40, 0x40, 0x80, 0x40, 0x40, 0x00,
    0x00, 0x0c, 0x00, 0x00, 0x00, 0x00, 0x01, 0xc0, 0x02, 0x80, 0x00, 0x03, 0x00, 0x07, 0x00, 0x0b,
    0x00, 0x0f, 0x00, 0x13, 0x00, 0x17, 0x00, 0x1b, 0x00, 0x1f, 0x00, 0x23, 0x00, 0x27, 0x00, 0x2b,
    0x00, 0x2f, 0x00, 0x00, 0x13, 0x35, 0x33, 0x15, 0x13, 0x15, 0x23, 0x35, 0x33, 0x35, 0x33, 0x15,
    0x21, 0x23, 0x35, 0x33, 0x21, 0x35, 0x33, 0x15, 0x21, 0x23, 0x35, 0x33, 0x21, 0x23, 0x35, 0x33,
    0x05, 0x35, 0x33, 0x15, 0x37, 0x23, 0x35, 0x33, 0x35, 0x15, 0x23, 0x35, 0x33, 0x35, 0x33, 0x15,
    0x21, 0x35, 0x33, 0x15, 0x40, 0x40, 0xc0, 0xc0, 0xc0, 0x40, 0xff, 0x00, 0x40, 0x40, 0x01, 0x00,
    0x40, 0xfe, 0x80, 0x40, 0x40, 0x01, 0x40, 0x40, 0x40, 0xfe, 0xc0, 0x40, 0xc0, 0xc0, 0xc0, 0x80,
    0x80, 0x40, 0xff, 0x00, 0x40, 0x02, 0x00, 0x40, 0x40, 0xfe, 0x40, 0x40, 0x40, 0x40, 0x40, 0x40,
    0xc0, 0xc0, 0xc0, 0x40, 0x40, 0x40, 0x40, 0x40, 0x40, 0x80, 0x40, 0x40, 0x40, 0x40, 0x40, 0x40,
    0x00, 0x0a, 0x00, 0x00, 0x00, 0x00, 0x01, 0xc0, 0x02, 0x40, 0x00, 0x03, 0x00, 0x07, 0x00, 0x0b,
    0x00, 0x0f, 0x00, 0x13, 0x00, 0x17, 0x00, 0x1b, 0x00, 0x1f, 0x00, 0x23, 0x00, 0x27, 0x00, 0x00,
    0x01, 0x35, 0x33, 0x15, 0x23, 0x35, 0x33, 0x15, 0x13, 0x15, 0x23, 0x35, 0x33, 0x35, 0x33, 0x15,
    0x21, 0x23, 0x35, 0x33, 0x21, 0x35, 0x33, 0x15, 0x21, 0x23, 0x35, 0x33, 0x21, 0x23, 0x35, 0x33,
    0x05, 0x35, 0x33, 0x15, 0x37, 0x23, 0x35, 0x33, 0x01, 0x00, 0x40, 0xc0, 0x40, 0x80, 0xc0, 0xc0,
    0x40, 0xff, 0x00, 0x40, 0x40, 0x01, 0x00, 0x40, 0xfe, 0x80, 0x40, 0x40, 0x01, 0x40, 0x40, 0x40,
    0xfe, 0xc0, 0x40, 0xc0, 0xc0, 0xc0, 0x02, 0x00, 0x40, 0x40, 0x40, 0x40, 0xfe, 0x40, 0x40, 0x40,
    0x40, 0x40, 0x40, 0xc0, 0xc0, 0xc0, 0x40, 0x40, 0x40, 0x40, 0x40, 0x40, 0x00, 0x09, 0x00, 0x00,
    0x00, 0x40, 0x01, 0x40, 0x01, 0x80, 0x00, 0x03, 0x00, 0x07, 0x00, 0x0b, 0x00, 0x0f, 0x00, 0x13,
    0x00, 0x17, 0x00, 0x1b, 0x00, 0x1f, 0x00, 0x23, 0x00, 0x00, 0x25, 0x35, 0x33, 0x15, 0x21, 0x35,
    0x33, 0x15, 0x37, 0x23, 0x35, 0x33, 0x07, 0x35, 0x33, 0x15, 0x3d, 0x01, 0x33, 0x15, 0x3d, 0x01,
    0x33, 0x15, 0x2b, 0x01, 0x35, 0x3b, 0x01, 0x35, 0x33, 0x15, 0x21, 0x23, 0x35, 0x33, 0x01, 0x00,
    0x40, 0xfe, 0xc0, 0x40, 0xc0, 0x40, 0x40, 0xc0, 0x40, 0x40, 0x40, 0x80, 0x40, 0x40, 0x80, 0x40,
    0xff, 0x00, 0x40, 0x40, 0x40, 0x40, 0x40, 0x40, 0x40, 0x40, 0x40, 0x40, 0x40, 0x40, 0x40, 0x40,
    0x40, 0x40, 0x40, 0x40, 0x40, 0x40, 0x40, 0x40, 0x00, 0x0d, 0x00, 0x00, 0x00, 0x00, 0x01, 0xc0,
    0x01, 0xc0, 0x00, 0x03, 0x00, 0x07, 0x00, 0x0b, 0x00, 0x0f, 0x00, 0x13, 0x00, 0x17, 0x00, 0x1b,
    0x00, 0x1f, 0x00, 0x23, 0x00, 0x27, 0x00, 0x2b, 0x00, 0x2f, 0x00, 0x33, 0x00, 0x00, 0x31, 0x35,
    0x33, 0x15, 0x25, 0x15, 0x23, 0x35, 0x33, 0x35, 0x33, 0x15, 0x21, 0x35, 0x33, 0x15, 0x25, 0x35,
    0x33, 0x15, 0x21, 0x35, 0x33, 0x15, 0x2b, 0x01, 0x35, 0x33, 0x17, 0x35, 0x33, 0x15, 0x3d, 0x01,
    0x33, 0x15, 0x3d, 0x01, 0x33, 0x15, 0x21, 0x35, 0x33, 0x15, 0x25, 0x35, 0x33, 0x15, 0x2b, 0x01,
    0x35, 0x33, 0x40, 0x01, 0x00, 0xc0, 0xc0, 0x40, 0xfe, 0xc0, 0x40, 0x01, 0x00, 0x40, 0xfe, 0xc0,
    0x40, 0x80, 0x40, 0x40, 0x80, 0x40, 0x40, 0x40, 0xfe, 0xc0, 0x40, 0x01, 0x00, 0x40, 0x80, 0xc0,
    0xc0, 0x40, 0x40, 0x40, 0x40, 0x40, 0x40, 0x40, 0x40, 0x40, 0x40, 0xc0, 0xc0, 0x40, 0x40, 0xc0,
    0x80, 0x40, 0x40, 0x40, 0x40, 0x40, 0x40, 0x40, 0x40, 0x40, 0x40, 0x40, 0x40, 0x40, 0x40, 0x00,
    0x00, 0x05, 0x00, 0x00, 0x00, 0x00, 0x01, 0xc0, 0x02, 0x80, 0x00, 0x03, 0x00, 0x07, 0x00, 0x0f,
    0x00, 0x17, 0x00, 0x1b, 0x00, 0x00, 0x13, 0x35, 0x33, 0x15, 0x13, 0x15, 0x23, 0x35, 0x33, 0x11,
    0x23, 0x35, 0x33, 0x15, 0x23, 0x11, 0x21, 0x23, 0x11, 0x23, 0x35, 0x33, 0x15, 0x23, 0x37, 0x23,
    0x35, 0x33, 0xc0, 0x40, 0x40, 0xc0, 0xc0, 0x40, 0xc0, 0x40, 0xff, 0x00, 0x40, 0x40, 0xc0, 0x40,
    0x40, 0x40, 0x40, 0x02, 0x00, 0x40, 0x40, 0xfe, 0x40, 0x40, 0x40, 0x01, 0x40, 0x40, 0x40, 0xfe,
    0xc0, 0x01, 0x40, 0x40, 0x40, 0xc0, 0x40, 0x00, 0x00, 0x05, 0x00, 0x00, 0x00, 0x00, 0x01, 0xc0,
    0x02, 0x80, 0x00, 0x03, 0x00, 0x07, 0x00, 0x0f, 0x00, 0x17, 0x00, 0x1b, 0x00, 0x00, 0x13, 0x35,
    0x33, 0x15, 0x13, 0x15, 0x23, 0x35, 0x33, 0x11, 0x23, 0x35, 0x33, 0x15, 0x23, 0x11, 0x21, 0x23,
    0x11, 0x23, 0x35, 0x33, 0x15, 0x23, 0x37, 0x35, 0x33, 0x15, 0xc0, 0x40, 0x40, 0xc0, 0xc0, 0x40,
    0xc0, 0x40, 0xff, 0x00, 0x40, 0x40, 0xc0, 0x40, 0x80, 0x40, 0x02, 0x00, 0x40, 0x40, 0xfe, 0x40,
    0x40, 0x40, 0x01, 0x40, 0x40, 0x40, 0xfe, 0xc0, 0x01, 0x40, 0x40, 0x40, 0xc0, 0x40, 0x40, 0x00,
    0x00, 0x06, 0x00, 0x00, 0x00, 0x00, 0x01, 0xc0, 0x02, 0x80, 0x00, 0x03, 0x00, 0x07, 0x00, 0x0b,
    0x00, 0x13, 0x00, 0x1b, 0x00, 0x1f, 0x00, 0x00, 0x01, 0x35, 0x33, 0x15, 0x23, 0x35, 0x33, 0x15,
    0x13, 0x15, 0x23, 0x35, 0x33, 0x11, 0x23, 0x35, 0x33, 0x15, 0x23, 0x11, 0x21, 0x23, 0x11, 0x23,
    0x35, 0x33, 0x15, 0x23, 0x37, 0x35, 0x33, 0x15, 0x01, 0x00, 0x40, 0xc0, 0x40, 0x80, 0xc0, 0xc0,
    0x40, 0xc0, 0x40, 0xff, 0x00, 0x40, 0x40, 0xc0, 0x40, 0x40, 0x40, 0x02, 0x00, 0x40, 0x40, 0x40,
    0x40, 0xfe, 0x40, 0x40, 0x40, 0x01, 0x40, 0x40, 0x40, 0xfe, 0xc0, 0x01, 0x40, 0x40, 0x40, 0xc0,
    0x40, 0x40, 0x00, 0x00, 0x00, 0x05, 0x00, 0x00, 0x00, 0x00, 0x01, 0xc0, 0x02, 0x40, 0x00, 0x03,
    0x00, 0x07, 0x00, 0x0b, 0x00, 0x13, 0x00, 0x1b, 0x00, 0x00, 0x01, 0x35, 0x33, 0x15, 0x23, 0x35,
    0x33, 0x15, 0x13, 0x15, 0x23, 0x35, 0x33, 0x11, 0x23, 0x35, 0x33, 0x15, 0x23, 0x11, 0x21, 0x23,
    0x11, 0x23, 0x35, 0x33, 0x15, 0x23, 0x01, 0x00, 0x40, 0xc0, 0x40, 0x80, 0xc0, 0xc0, 0x40, 0xc0,
    0x40, 0xff, 0x00, 0x40, 0x40, 0xc0, 0x40, 0x02, 0x00, 0x40, 0x40, 0x40, 0x40, 0xfe, 0x40, 0x40,
    0x40, 0x01, 0x40, 0x40, 0x40, 0xfe, 0xc0, 0x01, 0x40, 0x40, 0x40, 0x00, 0x00, 0x07, 0x00, 0x00,
    0x00, 0x00, 0x01, 0xc0, 0x02, 0x80, 0x00, 0x03, 0x00, 0x0b, 0x00, 0x0f, 0x00, 0x13, 0x00, 0x1b,
    0x00, 0x23, 0x00, 0x27, 0x00, 0x00, 0x13, 0x35, 0x33, 0x15, 0x03, 0x35, 0x33, 0x35, 0x33, 0x15,
    0x33, 0x15, 0x03, 0x35, 0x33, 0x15, 0x2b, 0x01, 0x35, 0x3b, 0x01, 0x35, 0x23, 0x35, 0x33, 0x15,
    0x23, 0x15, 0x21, 0x23, 0x35, 0x23, 0x35, 0x33, 0x15, 0x23, 0x37, 0x35, 0x33, 0x15, 0xc0, 0x40,
    0x80, 0x40, 0x40, 0x40, 0x40, 0x40, 0x80, 0x40, 0x40, 0x80, 0x40, 0xc0, 0x40, 0xff, 0x00, 0x40,
    0x40, 0xc0, 0x40, 0x80, 0x40, 0x02, 0x00, 0x40, 0x40, 0xfe, 0x00, 0x40, 0xc0, 0xc0, 0x40, 0x01,
    0x00, 0x40, 0x40, 0x40, 0x40, 0x40, 0x40, 0x40, 0x40, 0x40, 0x40, 0xc0, 0x40, 0x40, 0x00, 0x00,
    0x00, 0x04, 0x00, 0x00, 0x00, 0x00, 0x01, 0x80, 0x01, 0xc0, 0x00, 0x03, 0x00, 0x07, 0x00, 0x1b,
    0x00, 0x1f, 0x00, 0x00, 0x01, 0x23, 0x35, 0x33, 0x03, 0x33, 0x15, 0x23, 0x35, 0x23, 0x15, 0x33,
    0x15, 0x23, 0x35, 0x33, 0x11, 0x23, 0x35, 0x33, 0x15, 0x23, 0x15, 0x33, 0x15, 0x23, 0x15, 0x33,
    0x37, 0x33, 0x15, 0x23, 0x01, 0x40, 0x80, 0x80, 0x80, 0x80, 0x80, 0x40, 0x40, 0xc0, 0x40, 0x40,
    0xc0, 0x40, 0x40, 0x40, 0x40, 0x80, 0x40, 0x40, 0x01, 0x40, 0x40, 0xff, 0x00, 0x40, 0x40, 0x40,
    0x40, 0x40, 0x01, 0x40, 0x40, 0x40, 0x40, 0x40, 0x40, 0x80, 0xc0, 0x00, 0x00, 0x08, 0x00, 0x00,
    0x00, 0x00, 0x01, 0xc0, 0x01, 0xc0, 0x00, 0x03, 0x00, 0x09, 0x00, 0x0d, 0x00, 0x11, 0x00, 0x15,
    0x00, 0x19, 0x00, 0x1d, 0x00, 0x21, 0x00, 0x00, 0x25, 0x15, 0x23, 0x35, 0x05, 0x35, 0x33, 0x11,
    0x33, 0x11, 0x25, 0x35, 0x33, 0x15, 0x2b, 0x01, 0x35, 0x3b, 0x01, 0x23, 0x35, 0x33, 0x2b, 0x01,
    0x35, 0x33, 0x31, 0x35, 0x33, 0x15, 0x27, 0x23, 0x35, 0x33, 0x01, 0x80, 0x80, 0xff, 0x00, 0x40,
    0x40, 0x01, 0x00, 0x40, 0xc0, 0x40, 0x40, 0x80, 0x40, 0x40, 0x40, 0x40, 0x40, 0x40, 0x40, 0xc0,
    0xc0, 0x40, 0x40, 0x40, 0x40, 0x40, 0x01, 0x40, 0xfe, 0x80, 0x40, 0x40, 0x40, 0x40, 0x40, 0x80,
    0x40, 0x40, 0x40, 0x40, 0x00, 0x05, 0x00, 0x00, 0x00, 0x00, 0x01, 0x80, 0x02, 0x00, 0x00, 0x03,
    0x00, 0x0f, 0x00, 0x13, 0x00, 0x17, 0x00, 0x1b, 0x00, 0x00, 0x13, 0x35, 0x33, 0x15, 0x03, 0x35,
    0x23, 0x35, 0x33, 0x35, 0x33, 0x35, 0x33, 0x15, 0x33, 0x15, 0x27, 0x35, 0x23, 0x15, 0x37, 0x23,
    0x35, 0x33, 0x27, 0x23, 0x35, 0x33, 0x80, 0x40, 0x80, 0x40, 0x40, 0xc0, 0x40, 0x40, 0x80, 0xc0,
    0xc0, 0xc0, 0xc0, 0x80, 0x40, 0x40, 0x01, 0x80, 0x40, 0x40, 0xfe, 0x80, 0x40, 0x40, 0x40, 0x40,
    0xc0, 0x40, 0x40, 0x40, 0x40, 0xc0, 0x40, 0x80, 0x40, 0x00, 0x00, 0x00, 0x00, 0x05, 0x00, 0x00,
    0x00, 0x00, 0x01, 0x80, 0x02, 0x00, 0x00, 0x03, 0x00, 0x0f, 0x00, 0x13, 0x00, 0x17, 0x00, 0x1b,
    0x00, 0x00, 0x13, 0x35, 0x33, 0x15, 0x03, 0x35, 0x23, 0x35, 0x33, 0x35, 0x33, 0x35, 0x33, 0x15,
    0x33, 0x15, 0x27, 0x35, 0x23, 0x15, 0x37, 0x23, 0x35, 0x33, 0x27, 0x35, 0x33, 0x15, 0x80, 0x40,
    0x80, 0x40, 0x40, 0xc0, 0x40, 0x40, 0x80, 0xc0, 0xc0, 0xc0, 0xc0, 0x40, 0x40, 0x01, 0x80, 0x40,
    0x40, 0xfe, 0x80, 0x40, 0x40, 0x40, 0x40, 0xc0, 0x40, 0x40, 0x40, 0x40, 0xc0, 0x40, 0x80, 0x40,
    0x40, 0x00, 0x00, 0x00, 0x00, 0x06, 0x00, 0x00, 0x00, 0x00, 0x01, 0x80, 0x02, 0x00, 0x00, 0x03,
    0x00, 0x07, 0x00, 0x13, 0x00, 0x17, 0x00, 0x1b, 0x00, 0x1f, 0x00, 0x00, 0x13, 0x35, 0x33, 0x15,
    0x23, 0x35, 0x33, 0x15, 0x03, 0x35, 0x23, 0x35, 0x33, 0x35, 0x33, 0x35, 0x33, 0x15, 0x33, 0x15,
    0x27, 0x35, 0x23, 0x15, 0x37, 0x23, 0x35, 0x33, 0x27, 0x35, 0x33, 0x15, 0xc0, 0x40, 0xc0, 0x40,
    0x40, 0x40, 0x40, 0xc0, 0x40, 0x40, 0x80, 0xc0, 0xc0, 0xc0, 0xc0, 0x80, 0x40, 0x01, 0x80, 0x40,
    0x40, 0x40, 0x40, 0xfe, 0x80, 0x40, 0x40, 0x40, 0x40, 0xc0, 0x40, 0x40, 0x40, 0x40, 0xc0, 0x40,
    0x80, 0x40, 0x40, 0x00, 0x00, 0x07, 0x00, 0x00, 0x00, 0x00, 0x01, 0x80, 0x02, 0x00, 0x00, 0x03,
    0x00, 0x0f, 0x00, 0x13, 0x00, 0x17, 0x00, 0x1b, 0x00, 0x1f, 0x00, 0x23, 0x00, 0x00, 0x11, 0x35,
    0x33, 0x15, 0x11, 0x35, 0x23, 0x35, 0x33, 0x35, 0x33, 0x35, 0x33, 0x15, 0x33, 0x15, 0x27, 0x35,
    0x23, 0x15, 0x37, 0x23, 0x35, 0x33, 0x35, 0x15, 0x23, 0x35, 0x33, 0x35, 0x33, 0x15, 0x21, 0x35,
    0x33, 0x15, 0x40, 0x40, 0x40, 0xc0, 0x40, 0x40, 0x80, 0xc0, 0xc0, 0xc0, 0xc0, 0x80, 0x80, 0x40,
    0xff, 0x00, 0x40, 0x01, 0x80, 0x40, 0x40, 0xfe, 0x80, 0x40, 0x40, 0x40, 0x40, 0xc0, 0x40, 0x40,
    0x40, 0x40, 0xc0, 0x40, 0x80, 0x40, 0x40, 0x40, 0x40, 0x40, 0x40, 0x00, 0x00, 0x05, 0x00, 0x00,
    0x00, 0x00, 0x01, 0x80, 0x01, 0xc0, 0x00, 0x03, 0x00, 0x07, 0x00, 0x13, 0x00, 0x17, 0x00, 0x1b,
    0x00, 0x00, 0x13, 0x35, 0x33, 0x15, 0x23, 0x35, 0x33, 0x15, 0x03, 0x35, 0x23, 0x35, 0x33, 0x35,
    0x33, 0x35, 0x33, 0x15, 0x33, 0x15, 0x27, 0x35, 0x23, 0x15, 0x37, 0x23, 0x35, 0x33, 0xc0, 0x40,
    0xc0, 0x40, 0x40, 0x40, 0x40, 0xc0, 0x40, 0x40, 0x80, 0xc0, 0xc0, 0xc0, 0xc0, 0x01, 0x80, 0x40,
    0x40, 0x40, 0x40, 0xfe, 0x80, 0x40, 0x40, 0x40, 0x40, 0xc0, 0x40, 0x40, 0x40, 0x40, 0xc0, 0x40,
    0x00, 0x07, 0x00, 0x00, 0x00, 0x00, 0x01, 0x80, 0x02, 0x40, 0x00, 0x03, 0x00, 0x0f, 0x00, 0x13,
    0x00, 0x17, 0x00, 0x1b, 0x00, 0x1f, 0x00, 0x23, 0x00, 0x00, 0x13, 0x35, 0x33, 0x15, 0x03, 0x35,
    0x23, 0x35, 0x33, 0x35, 0x33, 0x35, 0x33, 0x15, 0x33, 0x15, 0x27, 0x35, 0x23, 0x15, 0x37, 0x23,
    0x35, 0x33, 0x27, 0x35, 0x33, 0x15, 0x2b, 0x01, 0x35, 0x33, 0x31, 0x35, 0x33, 0x15, 0x80, 0x40,
    0x80, 0x40, 0x40, 0xc0, 0x40, 0x40, 0x80, 0xc0, 0xc0, 0xc0, 0xc0, 0x40, 0x40, 0x80, 0x40, 0x40,
    0x40, 0x01, 0x80, 0x40, 0x40, 0xfe, 0x80, 0x40, 0x40, 0x40, 0x40, 0xc0, 0x40, 0x40, 0x40, 0x40,
    0xc0, 0x40, 0x80, 0x40, 0x40, 0x40, 0x40, 0x40, 0x00, 0x06, 0x00, 0x00, 0x00, 0x00, 0x02, 0x40,
    0x01, 0x40, 0x00, 0x0d, 0x00, 0x11, 0x00, 0x15, 0x00, 0x19, 0x00, 0x1d, 0x00, 0x21, 0x00, 0x00,
    0x37, 0x35, 0x33, 0x35, 0x33, 0x15, 0x33, 0x35, 0x33, 0x15, 0x21, 0x15, 0x23, 0x35, 0x05, 0x15,
    0x23, 0x35, 0x23, 0x15, 0x23, 0x35, 0x25, 0x23, 0x35, 0x33, 0x05, 0x23, 0x35, 0x33, 0x07, 0x15,
    0x23, 0x35, 0x40, 0xc0, 0x40, 0xc0, 0x40, 0xff, 0x00, 0x40, 0x01, 0x00, 0xc0, 0x40, 0xc0, 0x01,
    0xc0, 0xc0, 0xc0, 0xff, 0x00, 0xc0, 0xc0, 0xc0, 0x40, 0x80, 0x40, 0x40, 0x40, 0x40, 0x80, 0x40,
    0x40, 0x40, 0x40, 0x40, 0x40, 0x40, 0xc0, 0x40, 0x40, 0x40, 0xc0, 0x40, 0x40, 0x00, 0x00, 0x00,
    0x00, 0x06, 0x00, 0x00, 0xff, 0x40, 0x01, 0x40, 0x01, 0x40, 0x00, 0x03, 0x00, 0x07, 0x00, 0x0b,
    0x00, 0x13, 0x00, 0x17, 0x00, 0x1b, 0x00, 0x00, 0x17, 0x35, 0x33, 0x15, 0x13, 0x35, 0x33, 0x15,
    0x03, 0x35, 0x33, 0x15, 0x27, 0x23, 0x35, 0x23, 0x35, 0x33, 0x15, 0x23, 0x27, 0x23, 0x35, 0x3b,
    0x01, 0x23, 0x35, 0x33, 0x80, 0x40, 0x40, 0x40, 0x80, 0x40, 0x40, 0x40, 0x40, 0xc0, 0x40, 0x80,
    0x40, 0x40, 0xc0, 0xc0, 0xc0, 0xc0, 0x40, 0x40, 0x01, 0x80, 0x40, 0x40, 0xfe, 0xc0, 0x40, 0x40,
    0x40, 0x40, 0x40, 0x40, 0x40, 0xc0, 0x40, 0x00, 0x00, 0x05, 0x00, 0x00, 0x00, 0x00, 0x01, 0x40,
    0x02, 0x00, 0x00, 0x03, 0x00, 0x07, 0x00, 0x11, 0x00, 0x15, 0x00, 0x19, 0x00, 0x00, 0x13, 0x35,
    0x33, 0x15, 0x13, 0x15, 0x23, 0x35, 0x31, 0x23, 0x35, 0x33, 0x15, 0x33, 0x35, 0x33, 0x15, 0x21,
    0x37, 0x23, 0x35, 0x33, 0x27, 0x23, 0x35, 0x33, 0x80, 0x40, 0x40, 0xc0, 0x40, 0x40, 0xc0, 0x40,
    0xff, 0x00, 0xc0, 0xc0, 0xc0, 0x80, 0x40, 0x40, 0x01, 0x80, 0x40, 0x40, 0xfe, 0xc0, 0x40, 0x40,
    0xc0, 0x40, 0x40, 0x80, 0x80, 0x40, 0x80, 0x40, 0x00, 0x05, 0x00, 0x00, 0x00, 0x00, 0x01, 0x40,
    0x02, 0x00, 0x00, 0x03, 0x00, 0x07, 0x00, 0x11, 0x00, 0x15, 0x00, 0x19, 0x00, 0x00, 0x13, 0x35,
    0x33, 0x15, 0x13, 0x15, 0x23, 0x35, 0x31, 0x23, 0x35, 0x33, 0x15, 0x33, 0x35, 0x33, 0x15, 0x21,
    0x37, 0x23, 0x35, 0x33, 0x27, 0x35, 0x33, 0x15, 0x80, 0x40, 0x40, 0xc0, 0x40, 0x40, 0xc0, 0x40,
    0xff, 0x00, 0xc0, 0xc0, 0xc0, 0x40, 0x40, 0x01, 0x80, 0x40, 0x40, 0xfe, 0xc0, 0x40, 0x40, 0xc0,
    0x40, 0x40, 0x80, 0x80, 0x40, 0x80, 0x40, 0x40, 0x00, 0x06, 0x00, 0x00, 0x00, 0x00, 0x01, 0x40,
    0x02, 0x00, 0x00, 0x03, 0x00, 0x07, 0x00, 0x0b, 0x00, 0x15, 0x00, 0x19, 0x00, 0x1d, 0x00, 0x00,
    0x13, 0x35, 0x33, 0x15, 0x23, 0x35, 0x33, 0x15, 0x13, 0x15, 0x23, 0x35, 0x31, 0x23, 0x35, 0x33,
    0x15, 0x33, 0x35, 0x33, 0x15, 0x21, 0x37, 0x23, 0x35, 0x33, 0x27, 0x35, 0x33, 0x15, 0xc0, 0x40,
    0xc0, 0x40, 0x80, 0xc0, 0x40, 0x40, 0xc0, 0x40, 0xff, 0x00, 0xc0, 0xc0, 0xc0, 0x80, 0x40, 0x01,
    0x80, 0x40, 0x40, 0x40, 0x40, 0xfe, 0xc0, 0x40, 0x40, 0xc0, 0x40, 0x40, 0x80, 0x80, 0x40, 0x80,
    0x40, 0x40, 0x00, 0x00, 0x00, 0x05, 0x00, 0x00, 0x00, 0x00, 0x01, 0x40, 0x01, 0xc0, 0x00, 0x03,
    0x00, 0x07, 0x00, 0x0b, 0x00, 0x15, 0x00, 0x19, 0x00, 0x00, 0x13, 0x35, 0x33, 0x15, 0x23, 0x35,
    0x33, 0x15, 0x13, 0x15, 0x23, 0x35, 0x31, 0x23, 0x35, 0x33, 0x15, 0x33, 0x35, 0x33, 0x15, 0x21,
    0x37, 0x23, 0x35, 0x33, 0xc0, 0x40, 0xc0, 0x40, 0x80, 0xc0, 0x40, 0x40, 0xc0, 0x40, 0xff, 0x00,
    0xc0, 0xc0, 0xc0, 0x01, 0x80, 0x40, 0x40, 0x40, 0x40, 0xfe, 0xc0, 0x40, 0x40, 0xc0, 0x40, 0x40,
    0x80, 0x80, 0x40, 0x00, 0x00, 0x03, 0x00, 0x00, 0x00, 0x00, 0x00, 0xc0, 0x02, 0x00, 0x00, 0x03,
    0x00, 0x0d, 0x00, 0x11, 0x00, 0x00, 0x13, 0x35, 0x33, 0x15, 0x03, 0x35, 0x33, 0x35, 0x23, 0x35,
    0x33, 0x11, 0x33, 0x15, 0x03, 0x23, 0x35, 0x33, 0x40, 0x40, 0x80, 0x40, 0x40, 0x80, 0x40, 0x80,
    0x40, 0x40, 0x01, 0x80, 0x40, 0x40, 0xfe, 0x80, 0x40, 0xc0, 0x40, 0xff, 0x00, 0x40, 0x01, 0xc0,
    0x40, 0x00, 0x00, 0x00, 0x00, 0x03, 0x00, 0x00, 0x00, 0x00, 0x00, 0xc0, 0x02, 0x00, 0x00, 0x03,
    0x00, 0x0d, 0x00, 0x11, 0x00, 0x00, 0x13, 0x35, 0x33, 0x15, 0x03, 0x35, 0x33, 0x35, 0x23, 0x35,
    0x33, 0x11, 0x33, 0x15, 0x03, 0x35, 0x33, 0x15, 0x40, 0x40, 0x80, 0x40, 0x40, 0x80, 0x40, 0x40,
    0x40, 0x01, 0x80, 0x40, 0x40, 0xfe, 0x80, 0x40, 0xc0, 0x40, 0xff, 0x00, 0x40, 0x01, 0xc0, 0x40,
    0x40, 0x00, 0x00, 0x00, 0x00, 0x04, 0x00, 0x00, 0x00, 0x00, 0x00, 0xc0, 0x02, 0x00, 0x00, 0x03,
    0x00, 0x07, 0x00, 0x11, 0x00, 0x15, 0x00, 0x00, 0x13, 0x35, 0x33, 0x15, 0x23, 0x35, 0x33, 0x15,
    0x03, 0x35, 0x33, 0x35, 0x23, 0x35, 0x33, 0x11, 0x33, 0x15, 0x03, 0x35, 0x33, 0x15, 0x80, 0x40,
    0xc0, 0x40, 0x40, 0x40, 0x40, 0x80, 0x40, 0x80, 0x40, 0x01, 0x80, 0x40, 0x40, 0x40, 0x40, 0xfe,
    0x80, 0x40, 0xc0, 0x40, 0xff, 0x00, 0x40, 0x01, 0xc0, 0x40, 0x40, 0x00, 0x00, 0x03, 0x00, 0x00,
    0x00, 0x00, 0x00, 0xc0, 0x01, 0xc0, 0x00, 0x03, 0x00, 0x07, 0x00, 0x11, 0x00, 0x00, 0x13, 0x35,
    0x33, 0x15, 0x23, 0x35, 0x33, 0x15, 0x03, 0x35, 0x33, 0x35, 0x23, 0x35, 0x33, 0x11, 0x33, 0x15,
    0x80, 0x40, 0xc0, 0x40, 0x40, 0x40, 0x40, 0x80, 0x40, 0x01, 0x80, 0x40, 0x40, 0x40, 0x40, 0xfe,
    0x80, 0x40, 0xc0, 0x40, 0xff, 0x00, 0x40, 0x00, 0x00, 0x05, 0x00, 0x00, 0x00, 0x00, 0x01, 0x40,
    0x02, 0x00, 0x00, 0x03, 0x00, 0x0b, 0x00, 0x0f, 0x00, 0x13, 0x00, 0x1f, 0x00, 0x00, 0x25, 0x15,
    0x23, 0x35, 0x33, 0x35, 0x23, 0x35, 0x33, 0x35, 0x33, 0x11, 0x21, 0x23, 0x35, 0x3b, 0x01, 0x23,
    0x35, 0x33, 0x31, 0x35, 0x23, 0x35, 0x33, 0x35, 0x33, 0x15, 0x33, 0x15, 0x23, 0x15, 0x01, 0x00,
    0xc0, 0xc0, 0x40, 0x40, 0x40, 0xff, 0x00, 0x40, 0x40, 0x80, 0x80, 0x80, 0x80, 0x40, 0x40, 0x80,
    0x40, 0x40, 0x40, 0x40, 0x80, 0x40, 0x40, 0xff, 0x00, 0xc0, 0x40, 0x40, 0x40, 0x40, 0x40, 0x40,
    0x40, 0x00, 0x00, 0x00, 0x00, 0x07, 0x00, 0x00, 0x00, 0x00, 0x01, 0x80, 0x02, 0x00, 0x00, 0x03,
    0x00, 0x0b, 0x00, 0x17, 0x00, 0x1b, 0x00, 0x1f, 0x00, 0x23, 0x00, 0x27, 0x00, 0x00, 0x11, 0x35,
    0x33, 0x15, 0x13, 0x35, 0x33, 0x35, 0x33, 0x15, 0x33, 0x15, 0x21, 0x35, 0x33, 0x35, 0x23, 0x35,
    0x33, 0x15, 0x33, 0x15, 0x23, 0x15, 0x13, 0x35, 0x33, 0x15, 0x35, 0x15, 0x23, 0x35, 0x33, 0x35,
    0x33, 0x15, 0x21, 0x35, 0x33, 0x15, 0x40, 0x80, 0x40, 0x40, 0x40, 0xfe, 0x80, 0x40, 0x40, 0x80,
    0x40, 0x40, 0x40, 0x40, 0x80, 0x80, 0x40, 0xff, 0x00, 0x40, 0x01, 0x80, 0x40, 0x40, 0xfe, 0x80,
    0x40, 0xc0, 0xc0, 0x40, 0x40, 0xc0, 0x40, 0x40, 0x40, 0xc0, 0x01, 0x00, 0x40, 0x40, 0xc0, 0x40,
    0x40, 0x40, 0x40, 0x40, 0x40, 0x00, 0x00, 0x00, 0x00, 0x06, 0x00, 0x00, 0x00, 0x00, 0x01, 0x40,
    0x02, 0x00, 0x00, 0x03, 0x00, 0x07, 0x00, 0x0b, 0x00, 0x0f, 0x00, 0x13, 0x00, 0x17, 0x00, 0x00,
    0x13, 0x35, 0x33, 0x15, 0x13, 0x15, 0x23, 0x35, 0x33, 0x35, 0x33, 0x15, 0x21, 0x23, 0x35, 0x3b,
    0x01, 0x23, 0x35, 0x33, 0x27, 0x23, 0x35, 0x33, 0x80, 0x40, 0x40, 0xc0, 0xc0, 0x40, 0xff, 0x00,
    0x40, 0x40, 0xc0, 0xc0, 0xc0, 0x80, 0x40, 0x40, 0x01, 0x80, 0x40, 0x40, 0xfe, 0xc0, 0x40, 0x40,
    0xc0, 0xc0, 0xc0, 0x40, 0x80, 0x40, 0x00, 0x00, 0x00, 0x06, 0x00, 0x00, 0x00, 0x00, 0x01, 0x40,
    0x02, 0x00, 0x00, 0x03, 0x00, 0x07, 0x00, 0x0b, 0x00, 0x0f, 0x00, 0x13, 0x00, 0x17, 0x00, 0x00,
    0x13, 0x35, 0x33, 0x15, 0x13, 0x15, 0x23, 0x35, 0x33, 0x35, 0x33, 0x15, 0x21, 0x23, 0x35, 0x3b,
    0x01, 0x23, 0x35, 0x33, 0x27, 0x35, 0x33, 0x15, 0x80, 0x40, 0x40, 0xc0, 0xc0, 0x40, 0xff, 0x00,
    0x40, 0x40, 0xc0, 0xc0, 0xc0, 0x40, 0x40, 0x01, 0x80, 0x40, 0x40, 0xfe, 0xc0, 0x40, 0x40, 0xc0,
    0xc0, 0xc0, 0x40, 0x80, 0x40, 0x40, 0x00, 0x00, 0x00, 0x07, 0x00, 0x00, 0x00, 0x00, 0x01, 0x40,
    0x02, 0x00, 0x00, 0x03, 0x00, 0x07, 0x00, 0x0b, 0x00, 0x0f, 0x00, 0x13, 0x00, 0x17, 0x00, 0x1b,
    0x00, 0x00, 0x13, 0x35, 0x33, 0x15, 0x23, 0x35, 0x33, 0x15, 0x13, 0x15, 0x23, 0x35, 0x33, 0x35,
    0x33, 0x15, 0x21, 0x23, 0x35, 0x3b, 0x01, 0x23, 0x35, 0x33, 0x27, 0x35, 0x33, 0x15, 0xc0, 0x40,
    0xc0, 0x40, 0x80, 0xc0, 0xc0, 0x40, 0xff, 0x00, 0x40, 0x40, 0xc0, 0xc0, 0xc0, 0x80, 0x40, 0x01,
    0x80, 0x40, 0x40, 0x40, 0x40, 0xfe, 0xc0, 0x40, 0x40, 0xc0, 0xc0, 0xc0, 0x40, 0x80, 0x40, 0x40,
    0x00, 0x08, 0x00, 0x00, 0x00, 0x00, 0x01, 0x40, 0x02, 0x00, 0x00, 0x03, 0x00, 0x07, 0x00, 0x0b,
    0x00, 0x0f, 0x00, 0x13, 0x00, 0x17, 0x00, 0x1b, 0x00, 0x1f, 0x00, 0x00, 0x11, 0x35, 0x33, 0x15,
    0x13, 0x15, 0x23, 0x35, 0x33, 0x35, 0x33, 0x15, 0x21, 0x23, 0x35, 0x3b, 0x01, 0x23, 0x35, 0x33,
    0x35, 0x15, 0x23, 0x35, 0x33, 0x35, 0x33, 0x15, 0x21, 0x35, 0x33, 0x15, 0x40, 0xc0, 0xc0, 0xc0,
    0x40, 0xff, 0x00, 0x40, 0x40, 0xc0, 0xc0, 0xc0, 0x80, 0x80, 0x40, 0xff, 0x00, 0x40, 0x01, 0x80,
    0x40, 0x40, 0xfe, 0xc0, 0x40, 0x40, 0xc0, 0xc0, 0xc0, 0x40, 0x80, 0x40, 0x40, 0x40, 0x40, 0x40,
    0x40, 0x00, 0x00, 0x00, 0x00, 0x06, 0x00, 0x00, 0x00, 0x00, 0x01, 0x40, 0x01, 0xc0, 0x00, 0x03,
    0x00, 0x07, 0x00, 0x0b, 0x00, 0x0f, 0x00, 0x13, 0x00, 0x17, 0x00, 0x00, 0x13, 0x35, 0x33, 0x15,
    0x23, 0x35, 0x33, 0x15, 0x13, 0x15, 0x23, 0x35, 0x33, 0x35, 0x33, 0x15, 0x21, 0x23, 0x35, 0x3b,
    0x01, 0x23, 0x35, 0x33, 0xc0, 0x40, 0xc0, 0x40, 0x80, 0xc0, 0xc0, 0x40, 0xff, 0x00, 0x40, 0x40,
    0xc0, 0xc0, 0xc0, 0x01, 0x80, 0x40, 0x40, 0x40, 0x40, 0xfe, 0xc0, 0x40, 0x40, 0xc0, 0xc0, 0xc0,
    0x40, 0x00, 0x00, 0x00, 0x00, 0x03, 0x00, 0x00, 0x00, 0x40, 0x01, 0x40, 0x01, 0x80, 0x00, 0x03,
    0x00, 0x07, 0x00, 0x0b, 0x00, 0x00, 0x37, 0x35, 0x33, 0x15, 0x03, 0x35, 0x33, 0x15, 0x17, 0x15,
    0x21, 0x35, 0x80, 0x40, 0x40, 0x40, 0x80, 0xfe, 0xc0, 0x40, 0x40, 0x40, 0x01, 0x00, 0x40, 0x40,
    0x40, 0x40, 0x40, 0x00, 0x00, 0x09, 0x00, 0x00, 0x00, 0x00, 0x01, 0x40, 0x01, 0x40, 0x00, 0x03,
    0x00, 0x07, 0x00, 0x0b, 0x00, 0x0f, 0x00, 0x13, 0x00, 0x17, 0x00, 0x1b, 0x00, 0x1f, 0x00, 0x23,
    0x00, 0x00, 0x31, 0x35, 0x33, 0x15, 0x37, 0x15, 0x23, 0x35, 0x33, 0x35, 0x33, 0x15, 0x21, 0x35,
    0x33, 0x15, 0x3d, 0x01, 0x33, 0x15, 0x2b, 0x01, 0x35, 0x33, 0x17, 0x35, 0x33, 0x15, 0x3d, 0x01,
    0x33, 0x15, 0x2b, 0x01, 0x35, 0x33, 0x40, 0xc0, 0x80, 0x80, 0x40, 0xff, 0x00, 0x40, 0x40, 0x80,
    0x40, 0x40, 0x80, 0x40, 0x40, 0x80, 0x80, 0x80, 0x40, 0x40, 0x40, 0x40, 0x40, 0x80, 0x80, 0x40,
    0x40, 0x40, 0x40, 0x40, 0x80, 0x40, 0x40, 0x40, 0x40, 0x40, 0x40, 0x40, 0x00, 0x04, 0x00, 0x00,
    0x00, 0x00, 0x01, 0x80, 0x02, 0x00, 0x00, 0x0d, 0x00, 0x11, 0x00, 0x15, 0x00, 0x1d, 0x00, 0x00,
    0x37, 0x35, 0x33, 0x35, 0x23, 0x35, 0x33, 0x15, 0x23, 0x15, 0x33, 0x15, 0x23, 0x35, 0x03, 0x35,
    0x33, 0x15, 0x27, 0x23, 0x35, 0x33, 0x13, 0x15, 0x23, 0x11, 0x23, 0x35, 0x33, 0x11, 0xc0, 0x40,
    0x40, 0xc0, 0x40, 0x40, 0x80, 0x80, 0x40, 0x40, 0x40, 0x40, 0x40, 0x80, 0x40, 0x80, 0x40, 0x40,
    0x80, 0x40, 0x40, 0xc0, 0x40, 0x40, 0x01, 0x40, 0x40, 0x40, 0x40, 0x40, 0xfe, 0x40, 0x40, 0x01,
    0x00, 0x40, 0xff, 0x00, 0x00, 0x04, 0x00, 0x00, 0x00, 0x00, 0x01, 0x80, 0x02, 0x00, 0x00, 0x0d,
    0x00, 0x11, 0x00, 0x15, 0x00, 0x1d, 0x00, 0x00, 0x37, 0x35, 0x33, 0x35, 0x23, 0x35, 0x33, 0x15,
    0x23, 0x15, 0x33, 0x15, 0x23, 0x35, 0x03, 0x35, 0x33, 0x15, 0x3d, 0x01, 0x33, 0x15, 0x03, 0x15,
    0x23, 0x11, 0x23, 0x35, 0x33, 0x11, 0xc0, 0x40, 0x40, 0xc0, 0x40, 0x40, 0x80, 0x80, 0x40, 0x40,
    0x40, 0x80, 0x40, 0x80, 0x40, 0x40, 0x80, 0x40, 0x40, 0xc0, 0x40, 0x40, 0x01, 0x40, 0x40, 0x40,
    0x40, 0x40, 0x40, 0xfe, 0x80, 0x40, 0x01, 0x00, 0x40, 0xff, 0x00, 0x00, 0x00, 0x05, 0x00, 0x00,
    0x00, 0x00, 0x01, 0x80, 0x02, 0x00, 0x00, 0x0d, 0x00, 0x11, 0x00, 0x15, 0x00, 0x19, 0x00, 0x21,
    0x00, 0x00, 0x37, 0x35, 0x33, 0x35, 0x23, 0x35, 0x33, 0x15, 0x23, 0x15, 0x33, 0x15, 0x23, 0x35,
    0x03, 0x35, 0x33, 0x15, 0x23, 0x35, 0x33, 0x15, 0x3d, 0x01, 0x33, 0x15, 0x11, 0x15, 0x23, 0x11,
    0x23, 0x35, 0x33, 0x11, 0xc0, 0x40, 0x40, 0xc0, 0x40, 0x40, 0x80, 0x40, 0x40, 0xc0, 0x40, 0x40,
    0x80, 0x40, 0x80, 0x40, 0x40, 0x80, 0x40, 0x40, 0xc0, 0x40, 0x40, 0x01, 0x40, 0x40, 0x40, 0x40,
    0x40, 0x40, 0x40, 0x40, 0xfe, 0x80, 0x40, 0x01, 0x00, 0x40, 0xff, 0x00, 0x00, 0x04, 0x00, 0x00,
    0x00, 0x00, 0x01, 0x80, 0x01, 0xc0, 0x00, 0x0d, 0x00, 0x11, 0x00, 0x15, 0x00, 0x1d, 0x00, 0x00,
    0x37, 0x35, 0x33, 0x35, 0x23, 0x35, 0x33, 0x15, 0x23, 0x15, 0x33, 0x15, 0x23, 0x35, 0x03, 0x35,
    0x33, 0x15, 0x23, 0x35, 0x33, 0x15, 0x13, 0x15, 0x23, 0x11, 0x23, 0x35, 0x33, 0x11, 0xc0, 0x40,
    0x40, 0xc0, 0x40, 0x40, 0x80, 0x40, 0x40, 0xc0, 0x40, 0x40, 0x80, 0x40, 0x80, 0x40, 0x40, 0x80,
    0x40, 0x40, 0xc0, 0x40, 0x40, 0x01, 0x40, 0x40, 0x40, 0x40, 0x40, 0xfe, 0xc0, 0x40, 0x01, 0x00,
    0x40, 0xff, 0x00, 0x00, 0x00, 0x06, 0x00, 0x00, 0xff, 0x80, 0x01, 0x40, 0x02, 0x00, 0x00, 0x03,
    0x00, 0x07, 0x00, 0x0b, 0x00, 0x11, 0x00, 0x17, 0x00, 0x1b, 0x00, 0x00, 0x13, 0x35, 0x33, 0x15,
    0x03, 0x15, 0x23, 0x35, 0x33, 0x35, 0x33, 0x15, 0x35, 0x11, 0x33, 0x15, 0x23, 0x15, 0x2b, 0x01,
    0x35, 0x23, 0x35, 0x33, 0x37, 0x35, 0x33, 0x15, 0x80, 0x40, 0x40, 0x80, 0x80, 0x40, 0x80, 0x40,
    0x80, 0x40, 0x40, 0x80, 0x40, 0x40, 0x01, 0x80, 0x40, 0x40, 0xfe, 0x40, 0x40, 0x40, 0x80, 0x80,
    0x80, 0x01, 0x00, 0x40, 0xc0, 0xc0, 0x40, 0x80, 0x40, 0x40, 0x00, 0x00, 0x00, 0x04, 0x00, 0x00,
    0xff, 0x80, 0x01, 0x80, 0x01, 0xc0, 0x00, 0x11, 0x00, 0x15, 0x00, 0x19, 0x00, 0x1d, 0x00, 0x00,
    0x37, 0x23, 0x15, 0x33, 0x15, 0x23, 0x35, 0x33, 0x11, 0x23, 0x35, 0x33, 0x15, 0x33, 0x15, 0x23,
    0x15, 0x33, 0x17, 0x35, 0x33, 0x15, 0x27, 0x23, 0x35, 0x33, 0x03, 0x33, 0x15, 0x23, 0xc0, 0x40,
    0x40, 0xc0, 0x40, 0x40, 0x80, 0x40, 0x40, 0x40, 0x80, 0x40, 0x40, 0x80, 0x80, 0x80, 0x80, 0x80,
    0x40, 0x80, 0x40, 0x40, 0x01, 0xc0, 0x40, 0xc0, 0x40, 0x40, 0x40, 0xc0, 0xc0, 0xc0, 0x40, 0xff,
    0x00, 0x40, 0x00, 0x00, 0x00, 0x06, 0x00, 0x00, 0xff, 0x80, 0x01, 0x40, 0x01, 0xc0, 0x00, 0x03,
    0x00, 0x07, 0x00, 0x0b, 0x00, 0x0f, 0x00, 0x15, 0x00, 0x1b, 0x00, 0x00, 0x13, 0x35, 0x33, 0x15,
    0x23, 0x35, 0x33, 0x15, 0x11, 0x15, 0x23, 0x35, 0x33, 0x35, 0x33, 0x15, 0x35, 0x11, 0x33, 0x15,
    0x23, 0x15, 0x2b, 0x01, 0x35, 0x23, 0x35, 0x33, 0xc0, 0x40, 0xc0, 0x40, 0x80, 0x80, 0x40, 0x80,
    0x40, 0x80, 0x40, 0x40, 0x80, 0x01, 0x80, 0x40, 0x40, 0x40, 0x40, 0xfe, 0x40, 0x40, 0x40, 0x80,
    0x80, 0x80, 0x01, 0x00, 0x40, 0xc0, 0xc0, 0x40, 0x00, 0x03, 0x00, 0x00, 0x00, 0x00, 0x01, 0xc0,
    0x02, 0x40, 0x00, 0x17, 0x00, 0x1b, 0x00, 0x1f, 0x00, 0x00, 0x21, 0x35, 0x33, 0x35, 0x23, 0x15,
    0x33, 0x15, 0x23, 0x35, 0x33, 0x35, 0x33, 0x35, 0x33, 0x15, 0x33, 0x35, 0x33, 0x15, 0x33, 0x15,
    0x33, 0x15, 0x01, 0x35, 0x33, 0x15, 0x37, 0x15, 0x23, 0x35, 0x01, 0x00, 0x40, 0xc0, 0x40, 0xc0,
    0x40, 0x40, 0x40, 0x40, 0x40, 0x40, 0x40, 0xff, 0x00, 0x40, 0x40, 0xc0, 0x40, 0x40, 0x40, 0x40,
    0x40, 0x80, 0xc0, 0xc0, 0xc0, 0xc0, 0x80, 0x40, 0x01, 0x80, 0x40, 0x40, 0xc0, 0x40, 0x40, 0x00,
    0x00, 0x04, 0x00, 0x00, 0x00, 0x00, 0x01, 0x80, 0x01, 0xc0, 0x00, 0x0b, 0x00, 0x0f, 0x00, 0x13,
    0x00, 0x17, 0x00, 0x00, 0x33, 0x35, 0x23, 0x35, 0x33, 0x35, 0x33, 0x35, 0x33, 0x15, 0x33, 0x15,
    0x27, 0x35, 0x23, 0x15, 0x37, 0x23, 0x35, 0x33, 0x35, 0x15, 0x23, 0x35, 0x40, 0x40, 0x40, 0xc0,
    0x40, 0x40, 0x80, 0xc0, 0xc0, 0xc0, 0xc0, 0xc0, 0x40, 0x40, 0x40, 0x40, 0xc0, 0x40, 0x40, 0x40,
    0x40, 0xc0, 0x40, 0x80, 0x40, 0x40, 0x00, 0x00, 0x00, 0x05, 0x00, 0x00, 0x00, 0x00, 0x01, 0xc0,
    0x02, 0x80, 0x00, 0x17, 0x00, 0x1b, 0x00, 0x1f, 0x00, 0x23, 0x00, 0x27, 0x00, 0x00, 0x21, 0x35,
    0x33, 0x35, 0x23, 0x15, 0x33, 0x15, 0x23, 0x35, 0x33, 0x35, 0x33, 0x35, 0x33, 0x15, 0x33, 0x35,
    0x33, 0x15, 0x33, 0x15, 0x33, 0x15, 0x01, 0x35, 0x33, 0x15, 0x37, 0x15, 0x23, 0x35, 0x33, 0x35,
    0x33, 0x15, 0x21, 0x23, 0x35, 0x33, 0x01, 0x00, 0x40, 0xc0, 0x40, 0xc0, 0x40, 0x40, 0x40, 0x40,
    0x40, 0x40, 0x40, 0xff, 0x00, 0x40, 0x40, 0xc0, 0xc0, 0x40, 0xff, 0x00, 0x40, 0x40, 0x40, 0x40,
    0x40, 0x40, 0x40, 0x80, 0xc0, 0xc0, 0xc0, 0xc0, 0x80, 0x40, 0x01, 0x80, 0x40, 0x40, 0xc0, 0x40,
    0x40, 0x40, 0x40, 0x40, 0x00, 0x06, 0x00, 0x00, 0x00, 0x00, 0x01, 0x80, 0x02, 0x00, 0x00, 0x0b,
    0x00, 0x0f, 0x00, 0x13, 0x00, 0x17, 0x00, 0x1b, 0x00, 0x1f, 0x00, 0x00, 0x33, 0x35, 0x23, 0x35,
    0x33, 0x35, 0x33, 0x35, 0x33, 0x15, 0x33, 0x15, 0x27, 0x35, 0x23, 0x15, 0x37, 0x23, 0x35, 0x33,
    0x35, 0x15, 0x23, 0x35, 0x33, 0x35, 0x33, 0x15, 0x2b, 0x01, 0x35, 0x33, 0x40, 0x40, 0x40, 0xc0,
    0x40, 0x40, 0x80, 0xc0, 0xc0, 0xc0, 0xc0, 0x80, 0x80, 0x40, 0xc0, 0x40, 0x40, 0x40, 0x40, 0x40,
    0x40, 0xc0, 0x40, 0x40, 0x40, 0x40, 0xc0, 0x40, 0x80, 0x40, 0x40, 0x40, 0x40, 0x40, 0x00, 0x00,
    0x00, 0x02, 0x00, 0x00, 0xff, 0x80, 0x01, 0xc0, 0x01, 0xc0, 0x00, 0x1d, 0x00, 0x21, 0x00, 0x00,
    0x05, 0x35, 0x23, 0x35, 0x33, 0x35, 0x23, 0x15, 0x33, 0x15, 0x23, 0x35, 0x33, 0x35, 0x33, 0x35,
    0x33, 0x15, 0x33, 0x35, 0x33, 0x15, 0x33, 0x15, 0x33, 0x15, 0x23, 0x15, 0x33, 0x15, 0x01, 0x35,
    0x33, 0x15, 0x01, 0x40, 0x40, 0x40, 0xc0, 0x40, 0xc0, 0x40, 0x40, 0x40, 0x40, 0x40, 0x40, 0x40,
    0x40, 0x40, 0xff, 0x00, 0x40, 0x80, 0x80, 0x40, 0x40, 0x40, 0x40, 0x40, 0x80, 0xc0, 0xc0, 0xc0,
    0xc0, 0x80, 0x40, 0x40, 0x40, 0x02, 0x00, 0x40, 0x40, 0x00, 0x00, 0x00, 0x00, 0x03, 0x00, 0x00,
    0xff, 0x80, 0x01, 0x80, 0x01, 0x40, 0x00, 0x11, 0x00, 0x15, 0x00, 0x19, 0x00, 0x00, 0x05, 0x35,
    0x23, 0x35, 0x23, 0x35, 0x33, 0x35, 0x33, 0x35, 0x33, 0x15, 0x33, 0x15, 0x23, 0x15, 0x33, 0x15,
    0x27, 0x35, 0x23, 0x15, 0x37, 0x23, 0x35, 0x33, 0x01, 0x00, 0xc0, 0x40, 0x40, 0xc0, 0x40, 0x40,
    0x40, 0x40, 0x80, 0xc0, 0xc0, 0xc0, 0xc0, 0x80, 0x80, 0x40, 0x40, 0x40, 0x40, 0xc0, 0x40, 0x40,
    0x40, 0xc0, 0x40, 0x40, 0xc0, 0x40, 0x00, 0x00, 0x00, 0x09, 0x00, 0x00, 0x00, 0x00, 0x01, 0xc0,
    0x02, 0x80, 0x00, 0x07, 0x00, 0x0b, 0x00, 0x0f, 0x00, 0x13, 0x00, 0x17, 0x00, 0x1b, 0x00, 0x1f,
    0x00, 0x23, 0x00, 0x27, 0x00, 0x00, 0x01, 0x35, 0x23, 0x35, 0x33, 0x35, 0x33, 0x15, 0x01, 0x35,
    0x33, 0x15, 0x13, 0x15, 0x21, 0x35, 0x21, 0x35, 0x33, 0x15, 0x21, 0x23, 0x35, 0x33, 0x2b, 0x01,
    0x35, 0x33, 0x31, 0x35, 0x33, 0x15, 0x37, 0x23, 0x35, 0x33, 0x27, 0x35, 0x33, 0x15, 0x01, 0x80,
    0x40, 0x40, 0x40, 0xff, 0x00, 0x40, 0x80, 0xff, 0x00, 0x01, 0x00, 0x40, 0xfe, 0xc0, 0x40, 0x40,
    0x40, 0x40, 0x40, 0x40, 0xc0, 0xc0, 0xc0, 0x40, 0x40, 0x01, 0x00, 0x40, 0x40, 0x40, 0xc0, 0x01,
    0x00, 0x40, 0x40, 0xfe, 0x40, 0x40, 0x40, 0x40, 0x40, 0x40, 0xc0, 0x40, 0x40, 0x40, 0x40, 0x80,
    0x40, 0x40, 0x00, 0x00, 0x00, 0x06, 0x00, 0x00, 0x00, 0x00, 0x01, 0x40, 0x02, 0x00, 0x00, 0x03,
    0x00, 0x07, 0x00, 0x0b, 0x00, 0x0f, 0x00, 0x13, 0x00, 0x17, 0x00, 0x00, 0x25, 0x35, 0x33, 0x15,
    0x27, 0x35, 0x33, 0x15, 0x13, 0x15, 0x23, 0x35, 0x31, 0x23, 0x35, 0x3b, 0x01, 0x23, 0x35, 0x33,
    0x27, 0x35, 0x33, 0x15, 0x01, 0x00, 0x40, 0xc0, 0x40, 0x40, 0xc0, 0x40, 0x40, 0xc0, 0xc0, 0xc0,
    0x40, 0x40, 0xc0, 0x40, 0x40, 0xc0, 0x40, 0x40, 0xfe, 0xc0, 0x40, 0x40, 0xc0, 0x40, 0x80, 0x40,
    0x40, 0x00, 0x00, 0x00, 0x00, 0x0a, 0x00, 0x00, 0x00, 0x00, 0x01, 0xc0, 0x02, 0x80, 0x00, 0x07,
    0x00, 0x0b, 0x00, 0x0f, 0x00, 0x13, 0x00, 0x17, 0x00, 0x1b, 0x00, 0x1f, 0x00, 0x23, 0x00, 0x27,
    0x00, 0x2b, 0x00, 0x00, 0x01, 0x35, 0x23, 0x35, 0x33, 0x35, 0x33, 0x15, 0x03, 0x35, 0x33, 0x15,
    0x23, 0x35, 0x33, 0x15, 0x13, 0x15, 0x21, 0x35, 0x21, 0x35, 0x33, 0x15, 0x21, 0x23, 0x35, 0x33,
    0x2b, 0x01, 0x35, 0x33, 0x31, 0x35, 0x33, 0x15, 0x37, 0x23, 0x35, 0x33, 0x27, 0x35, 0x33, 0x15,
    0x01, 0x80, 0x40, 0x40, 0x40, 0xc0, 0x40, 0xc0, 0x40, 0xc0, 0xff, 0x00, 0x01, 0x00, 0x40, 0xfe,
    0xc0, 0x40, 0x40, 0x40, 0x40, 0x40, 0x40, 0xc0, 0xc0, 0xc0, 0x80, 0x40, 0x01, 0x00, 0x40, 0x40,
    0x40, 0xc0, 0x01, 0x00, 0x40, 0x40, 0x40, 0x40, 0xfe, 0x40, 0x40, 0x40, 0x40, 0x40, 0x40, 0xc0,
    0x40, 0x40, 0x40, 0x40, 0x80, 0x40, 0x40, 0x00, 0x00, 0x07, 0x00, 0x00, 0x00, 0x00, 0x01, 0x40,
    0x02, 0x00, 0x00, 0x03, 0x00, 0x07, 0x00, 0x0b, 0x00, 0x0f, 0x00, 0x13, 0x00, 0x17, 0x00, 0x1b,
    0x00, 0x00, 0x25, 0x35, 0x33, 0x15, 0x27, 0x35, 0x33, 0x15, 0x23, 0x35, 0x33, 0x15, 0x13, 0x15,
    0x23, 0x35, 0x31, 0x23, 0x35, 0x3b, 0x01, 0x23, 0x35, 0x33, 0x27, 0x35, 0x33, 0x15, 0x01, 0x00,
    0x40, 0x80, 0x40, 0xc0, 0x40, 0x80, 0xc0, 0x40, 0x40, 0xc0, 0xc0, 0xc0, 0x80, 0x40, 0xc0, 0x40,
    0x40, 0xc0, 0x40, 0x40, 0x40, 0x40, 0xfe, 0xc0, 0x40, 0x40, 0xc0, 0x40, 0x80, 0x40, 0x40, 0x00,
    0x00, 0x08, 0x00, 0x00, 0x00, 0x00, 0x01, 0xc0, 0x02, 0x40, 0x00, 0x07, 0x00, 0x0b, 0x00, 0x0f,
    0x00, 0x13, 0x00, 0x17, 0x00, 0x1b, 0x00, 0x1f, 0x00, 0x23, 0x00, 0x00, 0x01, 0x35, 0x23, 0x35,
    0x33, 0x35, 0x33, 0x15, 0x01, 0x35, 0x33, 0x15, 0x13, 0x15, 0x21, 0x35, 0x21, 0x35, 0x33, 0x15,
    0x21, 0x23, 0x35, 0x33, 0x2b, 0x01, 0x35, 0x33, 0x31, 0x35, 0x33, 0x15, 0x37, 0x23, 0x35, 0x33,
    0x01, 0x80, 0x40, 0x40, 0x40, 0xff, 0x00, 0x40, 0x80, 0xff, 0x00, 0x01, 0x00, 0x40, 0xfe, 0xc0,
    0x40, 0x40, 0x40, 0x40, 0x40, 0x40, 0xc0, 0xc0, 0xc0, 0x01, 0x00, 0x40, 0x40, 0x40, 0xc0, 0x01,
    0x00, 0x40, 0x40, 0xfe, 0x40, 0x40, 0x40, 0x40, 0x40, 0x40, 0xc0, 0x40, 0x40, 0x40, 0x40, 0x00,
    0x00, 0x05, 0x00, 0x00, 0x00, 0x00, 0x01, 0x40, 0x01, 0xc0, 0x00, 0x03, 0x00, 0x07, 0x00, 0x0b,
    0x00, 0x0f, 0x00, 0x13, 0x00, 0x00, 0x25, 0x35, 0x33, 0x15, 0x27, 0x35, 0x33, 0x15, 0x13, 0x15,
    0x23, 0x35, 0x31, 0x23, 0x35, 0x3b, 0x01, 0x23, 0x35, 0x33, 0x01, 0x00, 0x40, 0xc0, 0x40, 0x40,
    0xc0, 0x40, 0x40, 0xc0, 0xc0, 0xc0, 0xc0, 0x40, 0x40, 0xc0, 0x40, 0x40, 0xfe, 0xc0, 0x40, 0x40,
    0xc0, 0x40, 0x00, 0x00, 0x00, 0x0a, 0x00, 0x00, 0x00, 0x00, 0x01, 0xc0, 0x02, 0x80, 0x00, 0x07,
    0x00, 0x0b, 0x00, 0x0f, 0x00, 0x13, 0x00, 0x17, 0x00, 0x1b, 0x00, 0x1f, 0x00, 0x23, 0x00, 0x27,
    0x00, 0x2b, 0x00, 0x00, 0x01, 0x35, 0x23, 0x35, 0x33, 0x35, 0x33, 0x15, 0x01, 0x35, 0x33, 0x15,
    0x13, 0x15, 0x21, 0x35, 0x21, 0x35, 0x33, 0x15, 0x21, 0x23, 0x35, 0x33, 0x2b, 0x01, 0x35, 0x33,
    0x31, 0x35, 0x33, 0x15, 0x37, 0x23, 0x35, 0x33, 0x27, 0x35, 0x33, 0x15, 0x2b, 0x01, 0x35, 0x33,
    0x01, 0x80, 0x40, 0x40, 0x40, 0xff, 0x00, 0x40, 0x80, 0xff, 0x00, 0x01, 0x00, 0x40, 0xfe, 0xc0,
    0x40, 0x40, 0x40, 0x40, 0x40, 0x40, 0xc0, 0xc0, 0xc0, 0x40, 0x40, 0x80, 0x40, 0x40, 0x01, 0x00,
    0x40, 0x40, 0x40, 0xc0, 0x01, 0x00, 0x40, 0x40, 0xfe, 0x40, 0x40, 0x40, 0x40, 0x40, 0x40, 0xc0,
    0x40, 0x40, 0x40, 0x40, 0x80, 0x40, 0x40, 0x40, 0x00, 0x07, 0x00, 0x00, 0x00, 0x00, 0x01, 0x40,
    0x02, 0x00, 0x00, 0x03, 0x00, 0x07, 0x00, 0x0b, 0x00, 0x0f, 0x00, 0x13, 0x00, 0x17, 0x00, 0x1b,
    0x00, 0x00, 0x25, 0x35, 0x33, 0x15, 0x27, 0x35, 0x33, 0x15, 0x13, 0x15, 0x23, 0x35, 0x31, 0x23,
    0x35, 0x3b, 0x01, 0x23, 0x35, 0x33, 0x27, 0x35, 0x33, 0x15, 0x2b, 0x01, 0x35, 0x33, 0x01, 0x00,
    0x40, 0xc0, 0x40, 0x40, 0xc0, 0x40, 0x40, 0xc0, 0xc0, 0xc0, 0x40, 0x40, 0x80, 0x40, 0x40, 0xc0,
    0x40, 0x40, 0xc0, 0x40, 0x40, 0xfe, 0xc0, 0x40, 0x40, 0xc0, 0x40, 0x80, 0x40, 0x40, 0x40, 0x00,
    0x00, 0x05, 0x00, 0x00, 0x00, 0x00, 0x01, 0xc0, 0x02, 0x80, 0x00, 0x03, 0x00, 0x0b, 0x00, 0x1b,
    0x00, 0x1f, 0x00, 0x23, 0x00, 0x00, 0x13, 0x35, 0x33, 0x15, 0x13, 0x35, 0x33, 0x35, 0x23, 0x35,
    0x23, 0x11, 0x07, 0x35, 0x33, 0x11, 0x23, 0x35, 0x21, 0x15, 0x33, 0x15, 0x33, 0x15, 0x23, 0x15,
    0x23, 0x15, 0x03, 0x35, 0x33, 0x15, 0x2b, 0x01, 0x35, 0x33, 0xc0, 0x40, 0x40, 0x40, 0x40, 0xc0,
    0x80, 0x40, 0x40, 0x01, 0x40, 0x40, 0x40, 0x40, 0x40, 0x40, 0x40, 0x80, 0x40, 0x40, 0x02, 0x00,
    0x40, 0x40, 0xfe, 0x40, 0x40, 0xc0, 0x40, 0xfe, 0xc0, 0x40, 0x40, 0x01, 0x40, 0x40, 0x40, 0x40,
    0xc0, 0x40, 0x40, 0x02, 0x40, 0x40, 0x40, 0x40, 0x00, 0x05, 0x00, 0x00, 0x00, 0x00, 0x01, 0xc0,
    0x02, 0x00, 0x00, 0x0f, 0x00, 0x13, 0x00, 0x17, 0x00, 0x1b, 0x00, 0x1f, 0x00, 0x00, 0x37, 0x35,
    0x33, 0x35, 0x23, 0x35, 0x33, 0x35, 0x23, 0x35, 0x33, 0x11, 0x33, 0x15, 0x23, 0x35, 0x13, 0x35,
    0x33, 0x15, 0x01, 0x23, 0x35, 0x3b, 0x01, 0x23, 0x35, 0x33, 0x11, 0x15, 0x23, 0x35, 0xc0, 0x40,
    0x40, 0x40, 0x40, 0x80, 0x40, 0x80, 0x80, 0x40, 0xfe, 0x80, 0x40, 0x40, 0x80, 0x80, 0x80, 0x80,
    0x40, 0x40, 0x40, 0x40, 0x80, 0x40, 0xfe, 0x80, 0x40, 0x40, 0x01, 0x40, 0x80, 0x80, 0xfe, 0xc0,
    0xc0, 0x40, 0xff, 0x00, 0x40, 0x40, 0x00, 0x00, 0x00, 0x02, 0x00, 0x00, 0x00, 0x00, 0x01, 0xc0,
    0x01, 0xc0, 0x00, 0x0b, 0x00, 0x1f, 0x00, 0x00, 0x25, 0x35, 0x33, 0x35, 0x23, 0x35, 0x23, 0x15,
    0x33, 0x15, 0x23, 0x15, 0x07, 0x35, 0x33, 0x35, 0x23, 0x35, 0x33, 0x35, 0x23, 0x35, 0x21, 0x15,
    0x33, 0x15, 0x33, 0x15, 0x23, 0x15, 0x23, 0x15, 0x01, 0x40, 0x40, 0x40, 0xc0, 0x80, 0x80, 0x80,
    0x40, 0x40, 0x40, 0x40, 0x01, 0x40, 0x40, 0x40, 0x40, 0x40, 0x40, 0x40, 0xc0, 0x40, 0x80, 0x40,
    0x80, 0x40, 0x40, 0x80, 0x40, 0x80, 0x40, 0x40, 0x40, 0xc0, 0x40, 0x40, 0x00, 0x03, 0x00, 0x00,
    0x00, 0x00, 0x01, 0x80, 0x01, 0xc0, 0x00, 0x07, 0x00, 0x1d, 0x00, 0x21, 0x00, 0x00, 0x37, 0x35,
    0x33, 0x35, 0x23, 0x35, 0x23, 0x15, 0x13, 0x35, 0x33, 0x35, 0x33, 0x15, 0x33, 0x15, 0x23, 0x11,
    0x33, 0x15, 0x23, 0x35, 0x23, 0x15, 0x23, 0x35, 0x23, 0x35, 0x33, 0x35, 0x33, 0x15, 0x33, 0x35,
    0xc0, 0x40, 0x40, 0x80, 0x80, 0x40, 0x40, 0x40, 0x40, 0x40, 0x80, 0x40, 0x80, 0x40, 0x40, 0x80,
    0x40, 0x40, 0x40, 0x40, 0x40, 0xc0, 0x01, 0x00, 0x40, 0x40, 0x40, 0x40, 0xff, 0x00, 0x40, 0x40,
    0x40, 0x40, 0xc0, 0x40, 0x40, 0x40, 0x00, 0x00, 0x00, 0x02, 0x00, 0x00, 0x00, 0x00, 0x01, 0x80,
    0x02, 0x40, 0x00, 0x17, 0x00, 0x1b, 0x00, 0x00, 0x37, 0x35, 0x23, 0x15, 0x33, 0x35, 0x33, 0x15,
    0x21, 0x35, 0x33, 0x11, 0x23, 0x35, 0x21, 0x15, 0x23, 0x35, 0x23, 0x15, 0x33, 0x35, 0x33, 0x15,
    0x13, 0x15, 0x23, 0x35, 0xc0, 0x40, 0xc0, 0x40, 0xfe, 0x80, 0x40, 0x40, 0x01, 0x80, 0x40, 0xc0,
    0x40, 0x40, 0x40, 0xc0, 0x80, 0x40, 0x80, 0x40, 0x80, 0x40, 0x01, 0x40, 0x40, 0x80, 0x40, 0x80,
    0x40, 0xc0, 0x01, 0xc0, 0x40, 0x40, 0x00, 0x00, 0x00, 0x04, 0x00, 0x00, 0x00, 0x00, 0x01, 0x40,
    0x01, 0xc0, 0x00, 0x03, 0x00, 0x0d, 0x00, 0x11, 0x00, 0x15, 0x00, 0x00, 0x25, 0x15, 0x23, 0x35,
    0x31, 0x23, 0x35, 0x33, 0x15, 0x33, 0x35, 0x33, 0x15, 0x21, 0x37, 0x23, 0x35, 0x33, 0x35, 0x15,
    0x23, 0x35, 0x01, 0x00, 0xc0, 0x40, 0x40, 0xc0, 0x40, 0xff, 0x00, 0xc0, 0xc0, 0xc0, 0xc0, 0x40,
    0x40, 0x40, 0xc0, 0x40, 0x40, 0x80, 0x80, 0x40, 0x80, 0x40, 0x40, 0x00, 0x00, 0x04, 0x00, 0x00,
    0x00, 0x00, 0x01, 0x80, 0x02, 0x80, 0x00, 0x17, 0x00, 0x1b, 0x00, 0x1f, 0x00, 0x23, 0x00, 0x00,
    0x37, 0x35, 0x23, 0x15, 0x33, 0x35, 0x33, 0x15, 0x21, 0x35, 0x33, 0x11, 0x23, 0x35, 0x21, 0x15,
    0x23, 0x35, 0x23, 0x15, 0x33, 0x35, 0x33, 0x15, 0x11, 0x15, 0x23, 0x35, 0x33, 0x35, 0x33, 0x15,
    0x2b, 0x01, 0x35, 0x33, 0xc0, 0x40, 0xc0, 0x40, 0xfe, 0x80, 0x40, 0x40, 0x01, 0x80, 0x40, 0xc0,
    0x40, 0x40, 0x80, 0x80, 0x40, 0xc0, 0x40, 0x40, 0x80, 0x40, 0x80, 0x40, 0x80, 0x40, 0x01, 0x40,
    0x40, 0x80, 0x40, 0x80, 0x40, 0xc0, 0x01, 0xc0, 0x40, 0x40, 0x40, 0x40, 0x40, 0x00, 0x00, 0x00,
    0x00, 0x06, 0x00, 0x00, 0x00, 0x00, 0x01, 0x40, 0x02, 0x00, 0x00, 0x03, 0x00, 0x0d, 0x00, 0x11,
    0x00, 0x15, 0x00, 0x19, 0x00, 0x1d, 0x00, 0x00, 0x25, 0x15, 0x23, 0x35, 0x31, 0x23, 0x35, 0x33,
    0x15, 0x33, 0x35, 0x33, 0x15, 0x21, 0x37, 0x23, 0x35, 0x33, 0x35, 0x15, 0x23, 0x35, 0x33, 0x35,
    0x33, 0x15, 0x2b, 0x01, 0x35, 0x33, 0x01, 0x00, 0xc0, 0x40, 0x40, 0xc0, 0x40, 0xff, 0x00, 0xc0,
    0xc0, 0xc0, 0x80, 0x80, 0x40, 0xc0, 0x40, 0x40, 0x40, 0x40, 0x40, 0xc0, 0x40, 0x40, 0x80, 0x80,
    0x40, 0x80, 0x40, 0x40, 0x40, 0x40, 0x40, 0x00, 0x00, 0x02, 0x00, 0x00, 0x00, 0x00, 0x01, 0x80,
    0x02, 0x40, 0x00, 0x17, 0x00, 0x1b, 0x00, 0x00, 0x37, 0x35, 0x23, 0x15, 0x33, 0x35, 0x33, 0x15,
    0x21, 0x35, 0x33, 0x11, 0x23, 0x35, 0x21, 0x15, 0x23, 0x35, 0x23, 0x15, 0x33, 0x35, 0x33, 0x15,
    0x03, 0x35, 0x33, 0x15, 0xc0, 0x40, 0xc0, 0x40, 0xfe, 0x80, 0x40, 0x40, 0x01, 0x80, 0x40, 0xc0,
    0x40, 0x40, 0x40, 0x40, 0x80, 0x40, 0x80, 0x40, 0x80, 0x40, 0x01, 0x40, 0x40, 0x80, 0x40, 0x80,
    0x40, 0xc0, 0x01, 0x80, 0x40, 0x40, 0x00, 0x00, 0x00, 0x04, 0x00, 0x00, 0x00, 0x00, 0x01, 0x40,
    0x01, 0xc0, 0x00, 0x03, 0x00, 0x07, 0x00, 0x11, 0x00, 0x15, 0x00, 0x00, 0x13, 0x35, 0x33, 0x15,
    0x13, 0x15, 0x23, 0x35, 0x31, 0x23, 0x35, 0x33, 0x15, 0x33, 0x35, 0x33, 0x15, 0x21, 0x37, 0x23,
    0x35, 0x33, 0x80, 0x40, 0x40, 0xc0, 0x40, 0x40, 0xc0, 0x40, 0xff, 0x00, 0xc0, 0xc0, 0xc0, 0x01,
    0x80, 0x40, 0x40, 0xfe, 0xc0, 0x40, 0x40, 0xc0, 0x40, 0x40, 0x80, 0x80, 0x40, 0x00, 0x00, 0x00,
    0x00, 0x01, 0x00, 0x00, 0xff, 0x80, 0x01, 0x80, 0x01, 0xc0, 0x00, 0x1d, 0x00, 0x00, 0x37, 0x35,
    0x23, 0x15, 0x33, 0x35, 0x33, 0x15, 0x23, 0x15, 0x33, 0x15, 0x23, 0x35, 0x21, 0x35, 0x33, 0x11,
    0x23, 0x35, 0x21, 0x15, 0x23, 0x35, 0x23, 0x15, 0x33, 0x35, 0x33, 0x15, 0xc0, 0x40, 0xc0, 0x40,
    0x40, 0x40, 0x80, 0xff, 0x00, 0x40, 0x40, 0x01, 0x80, 0x40, 0xc0, 0x40, 0x40, 0x80, 0x40, 0x80,
    0x40, 0x80, 0x40, 0x40, 0x80, 0x40, 0x01, 0x40, 0x40, 0x80, 0x40, 0x80, 0x40, 0xc0, 0x00, 0x00,
    0x00, 0x03, 0x00, 0x00, 0xff, 0x80, 0x01, 0x40, 0x01, 0x40, 0x00, 0x09, 0x00, 0x13, 0x00, 0x17,
    0x00, 0x00, 0x17, 0x35, 0x23, 0x35, 0x33, 0x15, 0x23, 0x15, 0x33, 0x15, 0x27, 0x23, 0x35, 0x33,
    0x15, 0x33, 0x35, 0x33, 0x15, 0x21, 0x37, 0x23, 0x35, 0x33, 0x80, 0x40, 0xc0, 0x40, 0x40, 0xc0,
    0x40, 0x40, 0xc0, 0x40, 0xff, 0x00, 0xc0, 0xc0, 0xc0, 0x80, 0x80, 0x40, 0x40, 0x40, 0x40, 0xc0,
    0xc0, 0x40, 0x40, 0x80, 0x80, 0x40, 0x00, 0x00, 0x00, 0x04, 0x00, 0x00, 0x00, 0x00, 0x01, 0x80,
    0x02, 0x80, 0x00, 0x17, 0x00, 0x1b, 0x00, 0x1f, 0x00, 0x23, 0x00, 0x00, 0x37, 0x35, 0x23, 0x15,
    0x33, 0x35, 0x33, 0x15, 0x21, 0x35, 0x33, 0x11, 0x23, 0x35, 0x21, 0x15, 0x23, 0x35, 0x23, 0x15,
    0x33, 0x35, 0x33, 0x15, 0x03, 0x35, 0x33, 0x15, 0x3d, 0x01, 0x33, 0x15, 0x2b, 0x01, 0x35, 0x33,
    0xc0, 0x40, 0xc0, 0x40, 0xfe, 0x80, 0x40, 0x40, 0x01, 0x80, 0x40, 0xc0, 0x40, 0x40, 0x40, 0x40,
    0x40, 0x80, 0x40, 0x40, 0x80, 0x40, 0x80, 0x40, 0x80, 0x40, 0x01, 0x40, 0x40, 0x80, 0x40, 0x80,
    0x40, 0xc0, 0x01, 0x80, 0x40, 0x40, 0x40, 0x40, 0x40, 0x40, 0x00, 0x00, 0x00, 0x06, 0x00, 0x00,
    0x00, 0x00, 0x01, 0x40, 0x02, 0x00, 0x00, 0x03, 0x00, 0x07, 0x00, 0x11, 0x00, 0x15, 0x00, 0x19,
    0x00, 0x1d, 0x00, 0x00, 0x13, 0x35, 0x33, 0x15, 0x13, 0x15, 0x23, 0x35, 0x31, 0x23, 0x35, 0x33,
    0x15, 0x33, 0x35, 0x33, 0x15, 0x21, 0x37, 0x23, 0x35, 0x33, 0x27, 0x35, 0x33, 0x15, 0x2b, 0x01,
    0x35, 0x33, 0x80, 0x40, 0x40, 0xc0, 0x40, 0x40, 0xc0, 0x40, 0xff, 0x00, 0xc0, 0xc0, 0xc0, 0x40,
    0x40, 0x80, 0x40, 0x40, 0x01, 0x80, 0x40, 0x40, 0xfe, 0xc0, 0x40, 0x40, 0xc0, 0x40, 0x40, 0x80,
    0x80, 0x40, 0x80, 0x40, 0x40, 0x40, 0x00, 0x00, 0x00, 0x0a, 0x00, 0x00, 0x00, 0x00, 0x01, 0xc0,
    0x02, 0x80, 0x00, 0x09, 0x00, 0x0d, 0x00, 0x11, 0x00, 0x15, 0x00, 0x19, 0x00, 0x1f, 0x00, 0x23,
    0x00, 0x27, 0x00, 0x2b, 0x00, 0x2f, 0x00, 0x00, 0x25, 0x35, 0x33, 0x35, 0x23, 0x35, 0x21, 0x11,
    0x23, 0x35, 0x03, 0x35, 0x33, 0x15, 0x23, 0x35, 0x33, 0x15, 0x03, 0x23, 0x35, 0x33, 0x2b, 0x01,
    0x35, 0x33, 0x21, 0x35, 0x33, 0x35, 0x33, 0x15, 0x21, 0x35, 0x33, 0x15, 0x37, 0x23, 0x35, 0x33,
    0x27, 0x35, 0x33, 0x15, 0x13, 0x15, 0x23, 0x35, 0x01, 0x40, 0x40, 0xc0, 0x01, 0x00, 0x40, 0x80,
    0x40, 0xc0, 0x40, 0x40, 0x40, 0x40, 0x40, 0x40, 0x40, 0x01, 0x00, 0x40, 0x40, 0xfe, 0x80, 0x40,
    0xc0, 0xc0, 0xc0, 0x80, 0x40, 0x40, 0xc0, 0x40, 0x40, 0x40, 0x40, 0xff, 0x00, 0x40, 0x01, 0xc0,
    0x40, 0x40, 0x40, 0x40, 0xfe, 0x40, 0x40, 0xc0, 0x40, 0x40, 0x80, 0x40, 0x40, 0x40, 0x40, 0x80,
    0x40, 0x40, 0xfe, 0x00, 0x40, 0x40, 0x00, 0x00, 0x00, 0x09, 0x00, 0x00, 0xff, 0x80, 0x01, 0x80,
    0x02, 0x00, 0x00, 0x03, 0x00, 0x07, 0x00, 0x0b, 0x00, 0x0f, 0x00, 0x13, 0x00, 0x17, 0x00, 0x1b,
    0x00, 0x29, 0x00, 0x2d, 0x00, 0x00, 0x33, 0x35, 0x33, 0x15, 0x11, 0x35, 0x33, 0x15, 0x23, 0x35,
    0x33, 0x15, 0x13, 0x15, 0x23, 0x3d, 0x01, 0x23, 0x35, 0x3b, 0x01, 0x23, 0x35, 0x33, 0x27, 0x35,
    0x33, 0x15, 0x11, 0x35, 0x33, 0x35, 0x23, 0x35, 0x33, 0x35, 0x33, 0x15, 0x23, 0x11, 0x23, 0x35,
    0x07, 0x15, 0x23, 0x35, 0x40, 0x80, 0x40, 0xc0, 0x40, 0x80, 0xc0, 0x40, 0x40, 0x80, 0x80, 0x80,
    0x40, 0x40, 0x40, 0x40, 0x40, 0x80, 0x40, 0x40, 0xc0, 0x40, 0x40, 0x40, 0x01, 0x80, 0x40, 0x40,
    0x40, 0x40, 0xfe, 0x40, 0x40, 0x40, 0x80, 0xc0, 0x40, 0x80, 0x40, 0x40, 0xfe, 0x80, 0x40, 0x40,
    0x40, 0x40, 0x40, 0xfe, 0xc0, 0x80, 0x40, 0x40, 0x40, 0x00, 0x00, 0x00, 0x00, 0x0a, 0x00, 0x00,
    0x00, 0x00, 0x01, 0xc0, 0x02, 0x80, 0x00, 0x09, 0x00, 0x0d, 0x00, 0x11, 0x00, 0x17, 0x00, 0x1b,
    0x00, 0x1f, 0x00, 0x23, 0x00, 0x27, 0x00, 0x2b, 0x00, 0x2f, 0x00, 0x00, 0x25, 0x35, 0x33, 0x35,
    0x23, 0x35, 0x21, 0x11, 0x23, 0x35, 0x21, 0x23, 0x35, 0x33, 0x2b, 0x01, 0x35, 0x33, 0x21, 0x35,
    0x33, 0x35, 0x33, 0x15, 0x21, 0x35, 0x33, 0x15, 0x37, 0x23, 0x35, 0x33, 0x35, 0x15, 0x23, 0x35,
    0x33, 0x35, 0x33, 0x15, 0x2b, 0x01, 0x35, 0x33, 0x13, 0x15, 0x23, 0x35, 0x01, 0x40, 0x40, 0xc0,
    0x01, 0x00, 0x40, 0xff, 0x00, 0x40, 0x40, 0x40, 0x40, 0x40, 0x01, 0x00, 0x40, 0x40, 0xfe, 0x80,
    0x40, 0xc0, 0xc0, 0xc0, 0x80, 0x80, 0x40, 0xc0, 0x40, 0x40, 0x80, 0xc0, 0x40, 0x40, 0x40, 0x40,
    0xff, 0x00, 0x40, 0x40, 0xc0, 0x40, 0x40, 0x80, 0x40, 0x40, 0x40, 0x40, 0x80, 0x40, 0x40, 0x40,
    0x40, 0x40, 0xfd, 0xc0, 0x40, 0x40, 0x00, 0x00, 0x00, 0x09, 0x00, 0x00, 0xff, 0x80, 0x01, 0x80,
    0x02, 0x00, 0x00, 0x03, 0x00, 0x07, 0x00, 0x0b, 0x00, 0x0f, 0x00, 0x13, 0x00, 0x17, 0x00, 0x1b,
    0x00, 0x29, 0x00, 0x2d, 0x00, 0x00, 0x33, 0x35, 0x33, 0x15, 0x17, 0x15, 0x23, 0x3d, 0x01, 0x23,
    0x35, 0x3b, 0x01, 0x23, 0x35, 0x33, 0x37, 0x15, 0x23, 0x35, 0x33, 0x35, 0x33, 0x15, 0x2b, 0x01,
    0x35, 0x33, 0x13, 0x35, 0x33, 0x35, 0x23, 0x35, 0x33, 0x35, 0x33, 0x15, 0x23, 0x11, 0x23, 0x35,
    0x07, 0x15, 0x23, 0x35, 0x40, 0x80, 0x40, 0xc0, 0x40, 0x40, 0x80, 0x80, 0x80, 0x40, 0x80, 0x80,
    0x40, 0xc0, 0x40, 0x40, 0x40, 0x40, 0x40, 0x40, 0x80, 0x40, 0x40, 0xc0, 0x40, 0x40, 0x40, 0x40,
    0x40, 0x40, 0x80, 0xc0, 0x40, 0x80, 0x40, 0x40, 0x40, 0x40, 0x40, 0xfe, 0x40, 0x40, 0x40, 0x40,
    0x40, 0x40, 0xfe, 0xc0, 0x80, 0x40, 0x40, 0x40, 0x00, 0x08, 0x00, 0x00, 0x00, 0x00, 0x01, 0xc0,
    0x02, 0x40, 0x00, 0x09, 0x00, 0x0d, 0x00, 0x11, 0x00, 0x15, 0x00, 0x1b, 0x00, 0x1f, 0x00, 0x23,
    0x00, 0x27, 0x00, 0x00, 0x25, 0x35, 0x33, 0x35, 0x23, 0x35, 0x21, 0x11, 0x23, 0x35, 0x03, 0x35,
    0x33, 0x15, 0x03, 0x23, 0x35, 0x33, 0x2b, 0x01, 0x35, 0x33, 0x21, 0x35, 0x33, 0x35, 0x33, 0x15,
    0x21, 0x35, 0x33, 0x15, 0x37, 0x23, 0x35, 0x33, 0x11, 0x15, 0x23, 0x35, 0x01, 0x40, 0x40, 0xc0,
    0x01, 0x00, 0x40, 0xc0, 0x40, 0x80, 0x40, 0x40, 0x40, 0x40, 0x40, 0x01, 0x00, 0x40, 0x40, 0xfe,
    0x80, 0x40, 0xc0, 0xc0, 0xc0, 0xc0, 0x40, 0x40, 0x40, 0x40, 0xff, 0x00, 0x40, 0x01, 0xc0, 0x40,
    0x40, 0xfe, 0x40, 0x40, 0xc0, 0x40, 0x40, 0x80, 0x40, 0x40, 0x40, 0x40, 0xfe, 0x80, 0x40, 0x40,
    0x00, 0x07, 0x00, 0x00, 0xff, 0x80, 0x01, 0x80, 0x01, 0xc0, 0x00, 0x03, 0x00, 0x07, 0x00, 0x0b,
    0x00, 0x0f, 0x00, 0x13, 0x00, 0x21, 0x00, 0x25, 0x00, 0x00, 0x33, 0x35, 0x33, 0x15, 0x03, 0x35,
    0x33, 0x15, 0x13, 0x15, 0x23, 0x3d, 0x01, 0x23, 0x35, 0x3b, 0x01, 0x23, 0x35, 0x33, 0x11, 0x35,
    0x33, 0x35, 0x23, 0x35, 0x33, 0x35, 0x33, 0x15, 0x23, 0x11, 0x23, 0x35, 0x07, 0x15, 0x23, 0x35,
    0x40, 0x80, 0x40, 0x40, 0x40, 0xc0, 0x40, 0x40, 0x80, 0x80, 0x80, 0x40, 0x40, 0x40, 0x80, 0x40,
    0x40, 0xc0, 0x40, 0x40, 0x40, 0x01, 0x80, 0x40, 0x40, 0xfe, 0x40, 0x40, 0x40, 0x80, 0xc0, 0x40,
    0xff, 0x00, 0x40, 0x40, 0x40, 0x40, 0x40, 0xfe, 0xc0, 0x80, 0x40, 0x40, 0x40, 0x00, 0x00, 0x00,
    0x00, 0x09, 0x00, 0x00, 0xff, 0x40, 0x01, 0xc0, 0x01, 0xc0, 0x00, 0x09, 0x00, 0x0d, 0x00, 0x11,
    0x00, 0x15, 0x00, 0x19, 0x00, 0x1f, 0x00, 0x23, 0x00, 0x27, 0x00, 0x2b, 0x00, 0x00, 0x25, 0x35,
    0x33, 0x35, 0x23, 0x35, 0x21, 0x11, 0x23, 0x35, 0x01, 0x35, 0x33, 0x15, 0x3d, 0x01, 0x33, 0x15,
    0x27, 0x23, 0x35, 0x33, 0x2b, 0x01, 0x35, 0x33, 0x21, 0x35, 0x33, 0x35, 0x33, 0x15, 0x21, 0x35,
    0x33, 0x15, 0x37, 0x23, 0x35, 0x33, 0x11, 0x15, 0x23, 0x35, 0x01, 0x40, 0x40, 0xc0, 0x01, 0x00,
    0x40, 0xff, 0x00, 0x40, 0x40, 0x80, 0x40, 0x40, 0x40, 0x40, 0x40, 0x01, 0x00, 0x40, 0x40, 0xfe,
    0x80, 0x40, 0xc0, 0xc0, 0xc0, 0xc0, 0x40, 0x40, 0x40, 0x40, 0xff, 0x00, 0x40, 0xff, 0x00, 0x40,
    0x40, 0x40, 0x40, 0x40, 0xc0, 0x40, 0xc0, 0x40, 0x40, 0x80, 0x40, 0x40, 0x40, 0x40, 0xfe, 0x80,
    0x40, 0x40, 0x00, 0x00, 0x00, 0x08, 0x00, 0x00, 0xff, 0x80, 0x01, 0x80, 0x02, 0x00, 0x00, 0x03,
    0x00, 0x07, 0x00, 0x0b, 0x00, 0x0f, 0x00, 0x13, 0x00, 0x17, 0x00, 0x25, 0x00, 0x29, 0x00, 0x00,
    0x33, 0x35, 0x33, 0x15, 0x03, 0x35, 0x33, 0x15, 0x13, 0x15, 0x23, 0x3d, 0x01, 0x23, 0x35, 0x3b,
    0x01, 0x23, 0x35, 0x33, 0x3d, 0x01, 0x33, 0x15, 0x03, 0x35, 0x33, 0x35, 0x23, 0x35, 0x33, 0x35,
    0x33, 0x15, 0x23, 0x11, 0x23, 0x35, 0x07, 0x15, 0x23, 0x35, 0x40, 0x80, 0x40, 0x40, 0x40, 0xc0,
    0x40, 0x40, 0x80, 0x80, 0x80, 0x40, 0x40, 0x40, 0x40, 0x40, 0x80, 0x40, 0x40, 0xc0, 0x40, 0x40,
    0x40, 0x01, 0x80, 0x40, 0x40, 0xfe, 0x40, 0x40, 0x40, 0x80, 0xc0, 0x40, 0x80, 0x40, 0x40, 0xfe,
    0x80, 0x40, 0x40, 0x40, 0x40, 0x40, 0xfe, 0xc0, 0x80, 0x40, 0x40, 0x40, 0x00, 0x04, 0x00, 0x00,
    0x00, 0x00, 0x01, 0xc0, 0x02, 0x80, 0x00, 0x03, 0x00, 0x07, 0x00, 0x23, 0x00, 0x27, 0x00, 0x00,
    0x01, 0x35, 0x33, 0x15, 0x23, 0x35, 0x33, 0x15, 0x13, 0x35, 0x33, 0x35, 0x23, 0x15, 0x33, 0x15,
    0x23, 0x35, 0x33, 0x11, 0x23, 0x35, 0x33, 0x15, 0x23, 0x15, 0x33, 0x35, 0x23, 0x35, 0x33, 0x15,
    0x23, 0x11, 0x33, 0x15, 0x01, 0x35, 0x33, 0x15, 0x01, 0x00, 0x40, 0xc0, 0x40, 0x40, 0x40, 0xc0,
    0x40, 0xc0, 0x40, 0x40, 0xc0, 0x40, 0xc0, 0x40, 0xc0, 0x40, 0x40, 0xff, 0x00, 0x40, 0x02, 0x00,
    0x40, 0x40, 0x40, 0x40, 0xfe, 0x00, 0x40, 0x80, 0x80, 0x40, 0x40, 0x01, 0x40, 0x40, 0x40, 0x80,
    0x80, 0x40, 0x40, 0xfe, 0xc0, 0x40, 0x02, 0x40, 0x40, 0x40, 0x00, 0x00, 0x00, 0x06, 0x00, 0x00,
    0x00, 0x00, 0x01, 0x80, 0x02, 0x80, 0x00, 0x03, 0x00, 0x07, 0x00, 0x0f, 0x00, 0x1b, 0x00, 0x1f,
    0x00, 0x23, 0x00, 0x00, 0x13, 0x35, 0x33, 0x15, 0x23, 0x35, 0x33, 0x15, 0x13, 0x35, 0x33, 0x35,
    0x33, 0x15, 0x33, 0x15, 0x21, 0x35, 0x33, 0x11, 0x23, 0x35, 0x33, 0x15, 0x33, 0x15, 0x23, 0x15,
    0x13, 0x35, 0x33, 0x15, 0x03, 0x35, 0x33, 0x15, 0xc0, 0x40, 0xc0, 0x40, 0x40, 0x40, 0x40, 0x40,
    0xfe, 0x80, 0x40, 0x40, 0x80, 0x40, 0x40, 0x40, 0x40, 0x80, 0x40, 0x02, 0x00, 0x40, 0x40, 0x40,
    0x40, 0xfe, 0x00, 0x40, 0xc0, 0xc0, 0x40, 0x40, 0x01, 0x40, 0x40, 0xc0, 0x40, 0xc0, 0x01, 0x00,
    0x40, 0x40, 0x01, 0x40, 0x40, 0x40, 0x00, 0x00, 0x00, 0x01, 0x00, 0x00, 0x00, 0x00, 0x01, 0xc0,
    0x01, 0xc0, 0x00, 0x23, 0x00, 0x00, 0x21, 0x35, 0x33, 0x35, 0x23, 0x15, 0x33, 0x15, 0x23, 0x35,
    0x33, 0x35, 0x23, 0x35, 0x33, 0x35, 0x23, 0x35, 0x33, 0x15, 0x23, 0x15, 0x33, 0x35, 0x23, 0x35,
    0x33, 0x15, 0x23, 0x15, 0x33, 0x15, 0x23, 0x15, 0x33, 0x15, 0x01, 0x00, 0x40, 0xc0, 0x40, 0xc0,
    0x40, 0x40, 0x40, 0x40, 0xc0, 0x40, 0xc0, 0x40, 0xc0, 0x40, 0x40, 0x40, 0x40, 0x40, 0x80, 0x80,
    0x40, 0x40, 0xc0, 0x40, 0x40, 0x40, 0x40, 0x40, 0x40, 0x40, 0x40, 0x40, 0x40, 0xc0, 0x40, 0x00,
    0x00, 0x03, 0x00, 0x00, 0x00, 0x00, 0x01, 0x80, 0x01, 0xc0, 0x00, 0x11, 0x00, 0x19, 0x00, 0x1d,
    0x00, 0x00, 0x13, 0x23, 0x15, 0x33, 0x15, 0x23, 0x15, 0x23, 0x35, 0x33, 0x11, 0x23, 0x35, 0x33,
    0x35, 0x33, 0x15, 0x33, 0x11, 0x35, 0x33, 0x35, 0x33, 0x15, 0x33, 0x15, 0x03, 0x33, 0x15, 0x23,
    0xc0, 0x40, 0x40, 0x40, 0x80, 0x40, 0x40, 0x40, 0x40, 0x40, 0x40, 0x40, 0x40, 0xc0, 0x40, 0x40,
    0x01, 0x40, 0x40, 0x40, 0xc0, 0x40, 0x01, 0x00, 0x40, 0x40, 0x40, 0xfe, 0x80, 0x40, 0xc0, 0xc0,
    0x40, 0x01, 0x40, 0x40, 0x00, 0x05, 0x00, 0x00, 0x00, 0x00, 0x01, 0x00, 0x02, 0x80, 0x00, 0x03,
    0x00, 0x07, 0x00, 0x13, 0x00, 0x17, 0x00, 0x1b, 0x00, 0x00, 0x13, 0x35, 0x33, 0x15, 0x23, 0x35,
    0x33, 0x15, 0x03, 0x35, 0x33, 0x11, 0x23, 0x35, 0x33, 0x15, 0x23, 0x11, 0x33, 0x15, 0x11, 0x35,
    0x33, 0x15, 0x23, 0x35, 0x33, 0x15, 0x80, 0x40, 0xc0, 0x40, 0x40, 0x40, 0x40, 0xc0, 0x40, 0x40,
    0x40, 0xc0, 0x40, 0x02, 0x00, 0x40, 0x40, 0x40, 0x40, 0xfe, 0x00, 0x40, 0x01, 0x40, 0x40, 0x40,
    0xfe, 0xc0, 0x40, 0x02, 0x40, 0x40, 0x40, 0x40, 0x40, 0x00, 0x00, 0x00, 0x00, 0x05, 0x00, 0x00,
    0x00, 0x00, 0x01, 0x00, 0x02, 0x00, 0x00, 0x03, 0x00, 0x07, 0x00, 0x11, 0x00, 0x15, 0x00, 0x19,
    0x00, 0x00, 0x13, 0x35, 0x33, 0x15, 0x23, 0x35, 0x33, 0x15, 0x03, 0x35, 0x33, 0x35, 0x23, 0x35,
    0x33, 0x11, 0x33, 0x15, 0x11, 0x35, 0x33, 0x15, 0x23, 0x35, 0x33, 0x15, 0x80, 0x40, 0xc0, 0x40,
    0x40, 0x40, 0x40, 0x80, 0x40, 0x40, 0xc0, 0x40, 0x01, 0x80, 0x40, 0x40, 0x40, 0x40, 0xfe, 0x80,
    0x40, 0xc0, 0x40, 0xff, 0x00, 0x40, 0x01, 0xc0, 0x40, 0x40, 0x40, 0x40, 0x00, 0x02, 0x00, 0x00,
    0x00, 0x00, 0x00, 0xc0, 0x02, 0x40, 0x00, 0x0b, 0x00, 0x0f, 0x00, 0x00, 0x31, 0x35, 0x33, 0x11,
    0x23, 0x35, 0x33, 0x15, 0x23, 0x11, 0x33, 0x15, 0x11, 0x15, 0x23, 0x35, 0x40, 0x40, 0xc0, 0x40,
    0x40, 0xc0, 0x40, 0x01, 0x40, 0x40, 0x40, 0xfe, 0xc0, 0x40, 0x02, 0x40, 0x40, 0x40, 0x00, 0x00,
    0x00, 0x02, 0x00, 0x00, 0x00, 0x00, 0x00, 0xc0, 0x01, 0xc0, 0x00, 0x09, 0x00, 0x0d, 0x00, 0x00,
    0x31, 0x35, 0x33, 0x35, 0x23, 0x35, 0x33, 0x11, 0x33, 0x15, 0x11, 0x15, 0x23, 0x35, 0x40, 0x40,
    0x80, 0x40, 0xc0, 0x40, 0xc0, 0x40, 0xff, 0x00, 0x40, 0x01, 0xc0, 0x40, 0x40, 0x00, 0x00, 0x00,
    0x00, 0x04, 0x00, 0x00, 0x00, 0x00, 0x01, 0x00, 0x02, 0x80, 0x00, 0x0b, 0x00, 0x0f, 0x00, 0x13,
    0x00, 0x17, 0x00, 0x00, 0x31, 0x35, 0x33, 0x11, 0x23, 0x35, 0x33, 0x15, 0x23, 0x11, 0x33, 0x15,
    0x11, 0x15, 0x23, 0x35, 0x33, 0x35, 0x33, 0x15, 0x2b, 0x01, 0x35, 0x33, 0x40, 0x40, 0xc0, 0x40,
    0x40, 0x80, 0x80, 0x40, 0xc0, 0x40, 0x40, 0x40, 0x01, 0x40, 0x40, 0x40, 0xfe, 0xc0, 0x40, 0x02,
    0x40, 0x40, 0x40, 0x40, 0x40, 0x40, 0x00, 0x00, 0x00, 0x04, 0xff, 0xc0, 0x00, 0x00, 0x00, 0xc0,
    0x02, 0x00, 0x00, 0x09, 0x00, 0x0d, 0x00, 0x11, 0x00, 0x15, 0x00, 0x00, 0x31, 0x35, 0x33, 0x35,
    0x23, 0x35, 0x33, 0x11, 0x33, 0x15, 0x03, 0x15, 0x23, 0x35, 0x33, 0x35, 0x33, 0x15, 0x2b, 0x01,
    0x35, 0x33, 0x40, 0x40, 0x80, 0x40, 0x40, 0x80, 0x80, 0x40, 0xc0, 0x40, 0x40, 0x40, 0xc0, 0x40,
    0xff, 0x00, 0x40, 0x01, 0xc0, 0x40, 0x40, 0x40, 0x40, 0x40, 0x00, 0x00, 0x00, 0x01, 0x00, 0x00,
    0xff, 0x80, 0x00, 0xc0, 0x01, 0xc0, 0x00, 0x11, 0x00, 0x00, 0x17, 0x35, 0x23, 0x35, 0x33, 0x11,
    0x23, 0x35, 0x33, 0x15, 0x23, 0x11, 0x33, 0x15, 0x23, 0x15, 0x33, 0x15, 0x40, 0x40, 0x40, 0x40,
    0xc0, 0x40, 0x40, 0x40, 0x40, 0x80, 0x80, 0x40, 0x01, 0x40, 0x40, 0x40, 0xfe, 0xc0, 0x40, 0x40,
    0x40, 0x00, 0x00, 0x00, 0x00, 0x02, 0x00, 0x00, 0xff, 0x80, 0x00, 0xc0, 0x01, 0xc0, 0x00, 0x03,
    0x00, 0x13, 0x00, 0x00, 0x13, 0x35, 0x33, 0x15, 0x03, 0x35, 0x23, 0x35, 0x33, 0x35, 0x23, 0x35,
    0x33, 0x11, 0x33, 0x15, 0x23, 0x15, 0x33, 0x15, 0x40, 0x40, 0x40, 0x40, 0x40, 0x40, 0x80, 0x40,
    0x40, 0x40, 0x01, 0x80, 0x40, 0x40, 0xfe, 0x00, 0x80, 0x40, 0xc0, 0x40, 0xff, 0x00, 0x40, 0x40,
    0x40, 0x00, 0x00, 0x00, 0x00, 0x02, 0x00, 0x00, 0x00, 0x00, 0x00, 0xc0, 0x02, 0x40, 0x00, 0x03,
    0x00, 0x0f, 0x00, 0x00, 0x13, 0x35, 0x33, 0x15, 0x03, 0x35, 0x33, 0x11, 0x23, 0x35, 0x33, 0x15,
    0x23, 0x11, 0x33, 0x15, 0x40, 0x40, 0x80, 0x40, 0x40, 0xc0, 0x40, 0x40, 0x02, 0x00, 0x40, 0x40,
    0xfe, 0x00, 0x40, 0x01, 0x40, 0x40, 0x40, 0xfe, 0xc0, 0x40, 0x00, 0x00, 0x00, 0x01, 0x00, 0x00,
    0x00, 0x00, 0x00, 0xc0, 0x01, 0x40, 0x00, 0x09, 0x00, 0x00, 0x31, 0x35, 0x33, 0x35, 0x23, 0x35,
    0x33, 0x11, 0x33, 0x15, 0x40, 0x40, 0x80, 0x40, 0x40, 0xc0, 0x40, 0xff, 0x00, 0x40, 0x00, 0x00,
    0x00, 0x04, 0x00, 0x00, 0x00, 0x00, 0x02, 0x40, 0x01, 0xc0, 0x00, 0x03, 0x00, 0x0f, 0x00, 0x17,
    0x00, 0x1b, 0x00, 0x00, 0x25, 0x15, 0x23, 0x35, 0x05, 0x35, 0x33, 0x11, 0x23, 0x35, 0x33, 0x15,
    0x23, 0x11, 0x33, 0x15, 0x25, 0x11, 0x23, 0x35, 0x33, 0x15, 0x23, 0x11, 0x2b, 0x01, 0x35, 0x33,
    0x01, 0xc0, 0x80, 0xfe, 0xc0, 0x40, 0x40, 0xc0, 0x40, 0x40, 0x01, 0x00, 0x40, 0xc0, 0x40, 0xc0,
    0x40, 0x40, 0x40, 0x40, 0x40, 0x40, 0x40, 0x01, 0x40, 0x40, 0x40, 0xfe, 0xc0, 0x40, 0x40, 0x01,
    0x40, 0x40, 0x40, 0xfe, 0xc0, 0x40, 0x00, 0x00, 0x00, 0x05, 0x00, 0x00, 0xff, 0x80, 0x01, 0x40,
    0x01, 0xc0, 0x00, 0x03, 0x00, 0x07, 0x00, 0x0b, 0x00, 0x11, 0x00, 0x1b, 0x00, 0x00, 0x17, 0x35,
    0x33, 0x15, 0x11, 0x35, 0x33, 0x15, 0x21, 0x35, 0x33, 0x15, 0x13, 0x11, 0x23, 0x35, 0x33, 0x11,
    0x25, 0x35, 0x33, 0x35, 0x23, 0x35, 0x33, 0x11, 0x33, 0x15, 0xc0, 0x40, 0x40, 0xff, 0x00, 0x40,
    0x80, 0x40, 0x80, 0xfe, 0xc0, 0x40, 0x40, 0x80, 0x40, 0x80, 0x40, 0x40, 0x02, 0x00, 0x40, 0x40,
    0x40, 0x40, 0xfe, 0x40, 0x01, 0x40, 0x40, 0xfe, 0x80, 0x40, 0x40, 0xc0, 0x40, 0xff, 0x00, 0x40,
    0x00, 0x06, 0x00, 0x00, 0x00, 0x00, 0x01, 0x80, 0x02, 0x80, 0x00, 0x03, 0x00, 0x07, 0x00, 0x0b,
    0x00, 0x13, 0x00, 0x17, 0x00, 0x1b, 0x00, 0x00, 0x01, 0x35, 0x33, 0x15, 0x23, 0x35, 0x33, 0x15,
    0x11, 0x15, 0x23, 0x35, 0x33, 0x11, 0x23, 0x35, 0x33, 0x15, 0x23, 0x11, 0x21, 0x23, 0x35, 0x33,
    0x13, 0x35, 0x33, 0x15, 0x01, 0x40, 0x40, 0xc0, 0x40, 0xc0, 0xc0, 0x40, 0xc0, 0x40, 0xff, 0x00,
    0x40, 0x40, 0xc0, 0x40, 0x02, 0x00, 0x40, 0x40, 0x40, 0x40, 0xfe, 0x40, 0x40, 0x40, 0x01, 0x40,
    0x40, 0x40, 0xfe, 0xc0, 0x40, 0x01, 0xc0, 0x40, 0x40, 0x00, 0x00, 0x00, 0x00, 0x05, 0x00, 0x00,
    0xff, 0x80, 0x00, 0xc0, 0x02, 0x00, 0x00, 0x03, 0x00, 0x07, 0x00, 0x0b, 0x00, 0x11, 0x00, 0x15,
    0x00, 0x00, 0x15, 0x35, 0x33, 0x15, 0x13, 0x35, 0x33, 0x15, 0x23, 0x35, 0x33, 0x15, 0x19, 0x01,
    0x23, 0x35, 0x33, 0x11, 0x03, 0x35, 0x33, 0x15, 0x40, 0x40, 0x40, 0xc0, 0x40, 0x40, 0x80, 0x40,
    0x40, 0x80, 0x40, 0x40, 0x02, 0x00, 0x40, 0x40, 0x40, 0x40, 0xfe, 0x40, 0x01, 0x40, 0x40, 0xfe,
    0x80, 0x02, 0x00, 0x40, 0x40, 0x00, 0x00, 0x00, 0x00, 0x07, 0x00, 0x00, 0xff, 0x40, 0x01, 0x80,
    0x01, 0xc0, 0x00, 0x0f, 0x00, 0x13, 0x00, 0x17, 0x00, 0x1d, 0x00, 0x21, 0x00, 0x27, 0x00, 0x2b,
    0x00, 0x00, 0x37, 0x23, 0x15, 0x33, 0x15, 0x23, 0x35, 0x33, 0x11, 0x23, 0x35, 0x33, 0x15, 0x23,
    0x15, 0x33, 0x03, 0x35, 0x33, 0x15, 0x3d, 0x01, 0x33, 0x15, 0x3d, 0x01, 0x33, 0x15, 0x33, 0x15,
    0x03, 0x35, 0x33, 0x15, 0x3d, 0x01, 0x33, 0x15, 0x23, 0x15, 0x07, 0x33, 0x15, 0x23, 0xc0, 0x40,
    0x40, 0xc0, 0x40, 0x40, 0xc0, 0x40, 0x40, 0x40, 0x40, 0x40, 0x40, 0x40, 0xc0, 0x40, 0x80, 0x40,
    0x80, 0x40, 0x40, 0xc0, 0x80, 0x40, 0x40, 0x01, 0x40, 0x40, 0x40, 0x80, 0xfe, 0x40, 0x40, 0x40,
    0x40, 0x40, 0x40, 0x80, 0x80, 0x40, 0x40, 0x01, 0x00, 0x40, 0x40, 0x40, 0x80, 0x40, 0x40, 0x80,
    0x40, 0x00, 0x00, 0x00, 0x00, 0x05, 0x00, 0x00, 0xff, 0x40, 0x01, 0x80, 0x01, 0xc0, 0x00, 0x03,
    0x00, 0x07, 0x00, 0x0d, 0x00, 0x1d, 0x00, 0x21, 0x00, 0x00, 0x17, 0x35, 0x33, 0x15, 0x3d, 0x01,
    0x33, 0x15, 0x3d, 0x01, 0x33, 0x15, 0x33, 0x15, 0x21, 0x35, 0x33, 0x11, 0x23, 0x35, 0x33, 0x11,
    0x33, 0x35, 0x33, 0x15, 0x23, 0x15, 0x33, 0x15, 0x13, 0x15, 0x23, 0x35, 0x80, 0x40, 0x40, 0x40,
    0x40, 0xfe, 0x80, 0x40, 0x40, 0x80, 0x40, 0x40, 0x80, 0x40, 0xc0, 0x80, 0xc0, 0x40, 0x40, 0x40,
    0x40, 0x40, 0x80, 0x80, 0x40, 0x40, 0x40, 0x01, 0x40, 0x40, 0xff, 0x00, 0x40, 0x80, 0x40, 0x40,
    0x01, 0x40, 0x40, 0x40, 0x00, 0x03, 0x00, 0x00, 0x00, 0x00, 0x01, 0x80, 0x01, 0x40, 0x00, 0x05,
    0x00, 0x15, 0x00, 0x19, 0x00, 0x00, 0x21, 0x35, 0x33, 0x15, 0x33, 0x15, 0x21, 0x35, 0x33, 0x35,
    0x23, 0x35, 0x33, 0x15, 0x33, 0x35, 0x33, 0x15, 0x23, 0x15, 0x33, 0x15, 0x13, 0x15, 0x23, 0x35,
    0x01, 0x00, 0x40, 0x40, 0xfe, 0x80, 0x40, 0x40, 0x80, 0x40, 0x40, 0x80, 0x40, 0xc0, 0x80, 0x80,
    0x40, 0x40, 0x40, 0xc0, 0x40, 0x80, 0x40, 0x80, 0x40, 0x40, 0x01, 0x40, 0x40, 0x40, 0x00, 0x00,
    0x00, 0x03, 0x00, 0x00, 0x00, 0x00, 0x01, 0x80, 0x02, 0x80, 0x00, 0x03, 0x00, 0x11, 0x00, 0x15,
    0x00, 0x00, 0x13, 0x35, 0x33, 0x15, 0x03, 0x35, 0x33, 0x11, 0x23, 0x35, 0x33, 0x15, 0x23, 0x11,
    0x33, 0x35, 0x33, 0x15, 0x01, 0x35, 0x33, 0x15, 0x40, 0x40, 0x80, 0x40, 0x40, 0xc0, 0x40, 0xc0,
    0x40, 0xff, 0x00, 0x40, 0x02, 0x00, 0x40, 0x40, 0xfe, 0x00, 0x40, 0x01, 0x40, 0x40, 0x40, 0xfe,
    0xc0, 0x40, 0x80, 0x02, 0x40, 0x40, 0x40, 0x00, 0x00, 0x03, 0x00, 0x00, 0x00, 0x00, 0x00, 0xc0,
    0x02, 0x80, 0x00, 0x03, 0x00, 0x0d, 0x00, 0x11, 0x00, 0x00, 0x13, 0x35, 0x33, 0x15, 0x03, 0x35,
    0x33, 0x11, 0x23, 0x35, 0x33, 0x11, 0x33, 0x15, 0x03, 0x35, 0x33, 0x15, 0x40, 0x40, 0x80, 0x40,
    0x40, 0x80, 0x40, 0x40, 0x40, 0x02, 0x00, 0x40, 0x40, 0xfe, 0x00, 0x40, 0x01, 0x40, 0x40, 0xfe,
    0x80, 0x40, 0x02, 0x40, 0x40, 0x40, 0x00, 0x00, 0x00, 0x03, 0x00, 0x00, 0xff, 0x40, 0x01, 0x80,
    0x01, 0xc0, 0x00, 0x03, 0x00, 0x07, 0x00, 0x15, 0x00, 0x00, 0x17, 0x35, 0x33, 0x15, 0x3d, 0x01,
    0x33, 0x15, 0x27, 0x35, 0x33, 0x11, 0x23, 0x35, 0x33, 0x15, 0x23, 0x11, 0x33, 0x35, 0x33, 0x15,
    0x40, 0x40, 0x40, 0xc0, 0x40, 0x40, 0xc0, 0x40, 0xc0, 0x40, 0xc0, 0x40, 0x40, 0x40, 0x40, 0x40,
    0x80, 0x40, 0x01, 0x40, 0x40, 0x40, 0xfe, 0xc0, 0x40, 0x80, 0x00, 0x00, 0x00, 0x03, 0x00, 0x00,
    0xff, 0x40, 0x00, 0xc0, 0x01, 0xc0, 0x00, 0x03, 0x00, 0x07, 0x00, 0x11, 0x00, 0x00, 0x15, 0x35,
    0x33, 0x15, 0x3d, 0x01, 0x33, 0x15, 0x27, 0x35, 0x33, 0x11, 0x23, 0x35, 0x33, 0x11, 0x33, 0x15,
    0x40, 0x40, 0x80, 0x40, 0x40, 0x80, 0x40, 0xc0, 0x40, 0x40, 0x40, 0x40, 0x40, 0x80, 0x40, 0x01,
    0x40, 0x40, 0xfe, 0x80, 0x40, 0x00, 0x00, 0x00, 0x00, 0x02, 0x00, 0x00, 0x00, 0x00, 0x01, 0x80,
    0x01, 0xc0, 0x00, 0x03, 0x00, 0x11, 0x00, 0x00, 0x01, 0x35, 0x33, 0x15, 0x01, 0x35, 0x33, 0x11,
    0x23, 0x35, 0x33, 0x15, 0x23, 0x11, 0x33, 0x35, 0x33, 0x15, 0x01, 0x00, 0x40, 0xfe, 0xc0, 0x40,
    0x40, 0xc0, 0x40, 0xc0, 0x40, 0x01, 0x40, 0x80, 0x80, 0xfe, 0xc0, 0x40, 0x01, 0x40, 0x40, 0x40,
    0xfe, 0xc0, 0x40, 0x80, 0x00, 0x02, 0x00, 0x00, 0x00, 0x00, 0x01, 0x00, 0x02, 0x00, 0x00, 0x03,
    0x00, 0x0d, 0x00, 0x00, 0x13, 0x35, 0x33, 0x15, 0x01, 0x35, 0x33, 0x11, 0x23, 0x35, 0x33, 0x11,
    0x33, 0x15, 0xc0, 0x40, 0xff, 0x00, 0x40, 0x40, 0x80, 0x40, 0x01, 0x80, 0x80, 0x80, 0xfe, 0x80,
    0x40, 0x01, 0x40, 0x40, 0xfe, 0x80, 0x40, 0x00, 0x00, 0x02, 0x00, 0x00, 0x00, 0x00, 0x01, 0x80,
    0x01, 0xc0, 0x00, 0x03, 0x00, 0x11, 0x00, 0x00, 0x37, 0x35, 0x33, 0x15, 0x05, 0x35, 0x33, 0x11,
    0x23, 0x35, 0x33, 0x15, 0x23, 0x11, 0x33, 0x35, 0x33, 0x15, 0xc0, 0x40, 0xff, 0x00, 0x40, 0x40,
    0xc0, 0x40, 0xc0, 0x40, 0xc0, 0x40, 0x40, 0xc0, 0x40, 0x01, 0x40, 0x40, 0x40, 0xfe, 0xc0, 0x40,
    0x80, 0x00, 0x00, 0x00, 0x00, 0x02, 0x00, 0x00, 0x00, 0x00, 0x01, 0x00, 0x01, 0xc0, 0x00, 0x03,
    0x00, 0x0d, 0x00, 0x00, 0x37, 0x35, 0x33, 0x15, 0x05, 0x35, 0x33, 0x11, 0x23, 0x35, 0x33, 0x11,
    0x33, 0x15, 0xc0, 0x40, 0xff, 0x00, 0x40, 0x40, 0x80, 0x40, 0xc0, 0x40, 0x40, 0xc0, 0x40, 0x01,
    0x40, 0x40, 0xfe, 0x80, 0x40, 0x00, 0x00, 0x00, 0x00, 0x02, 0x00, 0x00, 0x00, 0x00, 0x01, 0x80,
    0x01, 0xc0, 0x00, 0x15, 0x00, 0x19, 0x00, 0x00, 0x31, 0x35, 0x33, 0x35, 0x23, 0x35, 0x33, 0x35,
    0x23, 0x35, 0x33, 0x15, 0x23, 0x15, 0x33, 0x15, 0x23, 0x15, 0x33, 0x35, 0x33, 0x15, 0x03, 0x35,
    0x33, 0x15, 0x40, 0x40, 0x40, 0x40, 0xc0, 0x40, 0x40, 0x40, 0xc0, 0x40, 0xc0, 0x40, 0x40, 0x40,
    0x40, 0xc0, 0x40, 0x40, 0x80, 0x40, 0x80, 0x40, 0x80, 0x01, 0x00, 0x40, 0x40, 0x00, 0x00, 0x00,
    0x00, 0x01, 0x00, 0x00, 0x00, 0x00, 0x00, 0xc0, 0x01, 0xc0, 0x00, 0x11, 0x00, 0x00, 0x31, 0x35,
    0x33, 0x35, 0x23, 0x35, 0x33, 0x35, 0x23, 0x35, 0x33, 0x15, 0x33, 0x15, 0x23, 0x15, 0x33, 0x15,
    0x40, 0x40, 0x40, 0x40, 0x80, 0x40, 0x40, 0x40, 0x40, 0x40, 0x40, 0xc0, 0x40, 0xc0, 0x40, 0x80,
    0x40, 0x00, 0x00, 0x00, 0x00, 0x05, 0x00, 0x00, 0x00, 0x00, 0x01, 0xc0, 0x02, 0x80, 0x00, 0x0d,
    0x00, 0x19, 0x00, 0x1d, 0x00, 0x21, 0x00, 0x25, 0x00, 0x00, 0x13, 0x23, 0x15, 0x33, 0x15, 0x23,
    0x35, 0x33, 0x11, 0x23, 0x35, 0x33, 0x15, 0x33, 0x13, 0x35, 0x23, 0x35, 0x33, 0x35, 0x23, 0x35,
    0x33, 0x15, 0x23, 0x11, 0x03, 0x35, 0x33, 0x15, 0x3d, 0x01, 0x33, 0x15, 0x03, 0x33, 0x15, 0x23,
    0xc0, 0x40, 0x40, 0xc0, 0x40, 0x40, 0x80, 0x40, 0x80, 0x40, 0x40, 0x40, 0xc0, 0x40, 0xc0, 0x40,
    0x40, 0x80, 0x40, 0x40, 0x01, 0x00, 0xc0, 0x40, 0x40, 0x01, 0x40, 0x40, 0x40, 0xfe, 0x80, 0x40,
    0x80, 0xc0, 0x40, 0x40, 0xfe, 0x80, 0x02, 0x00, 0x40, 0x40, 0x40, 0x40, 0x40, 0xfe, 0xc0, 0x40,
    0x00, 0x05, 0x00, 0x00, 0x00, 0x00, 0x01, 0x80, 0x02, 0x00, 0x00, 0x03, 0x00, 0x0b, 0x00, 0x17,
    0x00, 0x1b, 0x00, 0x1f, 0x00, 0x00, 0x13, 0x35, 0x33, 0x15, 0x11, 0x35, 0x33, 0x35, 0x33, 0x15,
    0x33, 0x15, 0x21, 0x35, 0x33, 0x35, 0x23, 0x35, 0x33, 0x15, 0x33, 0x15, 0x23, 0x15, 0x13, 0x35,
    0x33, 0x15, 0x27, 0x35, 0x33, 0x15, 0x80, 0x40, 0x40, 0x40, 0x40, 0xfe, 0x80, 0x40, 0x40, 0x80,
    0x40, 0x40, 0x40, 0x40, 0x40, 0x40, 0x01, 0x80, 0x40, 0x40, 0xfe, 0x80, 0x40, 0xc0, 0xc0, 0x40,
    0x40, 0xc0, 0x40, 0x40, 0x40, 0xc0, 0x01, 0x00, 0x40, 0x40, 0xc0, 0x40, 0x40, 0x00, 0x00, 0x00,
    0x00, 0x05, 0x00, 0x00, 0xff, 0x40, 0x01, 0xc0, 0x01, 0xc0, 0x00, 0x0d, 0x00, 0x11, 0x00, 0x1d,
    0x00, 0x21, 0x00, 0x25, 0x00, 0x00, 0x13, 0x23, 0x15, 0x33, 0x15, 0x23, 0x35, 0x33, 0x11, 0x23,
    0x35, 0x33, 0x15, 0x33, 0x03, 0x35, 0x33, 0x15, 0x37, 0x35, 0x23, 0x35, 0x33, 0x35, 0x23, 0x35,
    0x33, 0x15, 0x23, 0x11, 0x07, 0x35, 0x33, 0x15, 0x03, 0x33, 0x15, 0x23, 0xc0, 0x40, 0x40, 0xc0,
    0x40, 0x40, 0x80, 0x40, 0x40, 0x40, 0x80, 0x40, 0x40, 0x40, 0xc0, 0x40, 0xc0, 0x40, 0x40, 0x40,
    0x40, 0x01, 0x00, 0xc0, 0x40, 0x40, 0x01, 0x40, 0x40, 0x40, 0xfd, 0xc0, 0x40, 0x40, 0xc0, 0x40,
    0x80, 0xc0, 0x40, 0x40, 0xfe, 0x80, 0x80, 0x40, 0x40, 0x01, 0x80, 0x40, 0x00, 0x05, 0x00, 0x00,
    0xff, 0x40, 0x01, 0x80, 0x01, 0x40, 0x00, 0x03, 0x00, 0x07, 0x00, 0x0f, 0x00, 0x1b, 0x00, 0x1f,
    0x00, 0x00, 0x17, 0x35, 0x33, 0x15, 0x3d, 0x01, 0x33, 0x15, 0x3d, 0x01, 0x33, 0x35, 0x33, 0x15,
    0x33, 0x15, 0x21, 0x35, 0x33, 0x35, 0x23, 0x35, 0x33, 0x15, 0x33, 0x15, 0x23, 0x15, 0x13, 0x35,
    0x33, 0x15, 0x40, 0x40, 0x40, 0x40, 0x40, 0x40, 0xfe, 0x80, 0x40, 0x40, 0x80, 0x40, 0x40, 0x40,
    0x40, 0xc0, 0x40, 0x40, 0x40, 0x40, 0x40, 0x80, 0x40, 0xc0, 0xc0, 0x40, 0x40, 0xc0, 0x40, 0x40,
    0x40, 0xc0, 0x01, 0x00, 0x40, 0x40, 0x00, 0x00, 0x00, 0x06, 0x00, 0x00, 0x00, 0x00, 0x01, 0xc0,
    0x02, 0x80, 0x00, 0x0d, 0x00, 0x19, 0x00, 0x1d, 0x00, 0x21, 0x00, 0x25, 0x00, 0x29, 0x00, 0x00,
    0x13, 0x23, 0x15, 0x33, 0x15, 0x23, 0x35, 0x33, 0x11, 0x23, 0x35, 0x33, 0x15, 0x33, 0x13, 0x35,
    0x23, 0x35, 0x33, 0x35, 0x23, 0x35, 0x33, 0x15, 0x23, 0x11, 0x03, 0x35, 0x33, 0x15, 0x3d, 0x01,
    0x33, 0x15, 0x2b, 0x01, 0x35, 0x33, 0x11, 0x33, 0x15, 0x23, 0xc0, 0x40, 0x40, 0xc0, 0x40, 0x40,
    0x80, 0x40, 0x80, 0x40, 0x40, 0x40, 0xc0, 0x40, 0xc0, 0x40, 0x40, 0x80, 0x40, 0x40, 0x40, 0x40,
    0x01, 0x00, 0xc0, 0x40, 0x40, 0x01, 0x40, 0x40, 0x40, 0xfe, 0x80, 0x40, 0x80, 0xc0, 0x40, 0x40,
    0xfe, 0x80, 0x02, 0x00, 0x40, 0x40, 0x40, 0x40, 0x40, 0x40, 0xfe, 0x80, 0x40, 0x00, 0x00, 0x00,
    0x00, 0x06, 0x00, 0x00, 0x00, 0x00, 0x01, 0x80, 0x02, 0x00, 0x00, 0x03, 0x00, 0x0b, 0x00, 0x17,
    0x00, 0x1b, 0x00, 0x1f, 0x00, 0x23, 0x00, 0x00, 0x13, 0x35, 0x33, 0x15, 0x11, 0x35, 0x33, 0x35,
    0x33, 0x15, 0x33, 0x15, 0x21, 0x35, 0x33, 0x35, 0x23, 0x35, 0x33, 0x15, 0x33, 0x15, 0x23, 0x15,
    0x13, 0x35, 0x33, 0x15, 0x27, 0x35, 0x33, 0x15, 0x2b, 0x01, 0x35, 0x33, 0x80, 0x40, 0x40, 0x40,
    0x40, 0xfe, 0x80, 0x40, 0x40, 0x80, 0x40, 0x40, 0x40, 0x40, 0x40, 0x40, 0x80, 0x40, 0x40, 0x01,
    0x80, 0x40, 0x40, 0xfe, 0x80, 0x40, 0xc0, 0xc0, 0x40, 0x40, 0xc0, 0x40, 0x40, 0x40, 0xc0, 0x01,
    0x00, 0x40, 0x40, 0xc0, 0x40, 0x40, 0x40, 0x00, 0x00, 0x04, 0x00, 0x00, 0x00, 0x00, 0x02, 0x00,
    0x01, 0xc0, 0x00, 0x03, 0x00, 0x0b, 0x00, 0x17, 0x00, 0x1b, 0x00, 0x00, 0x11, 0x35, 0x33, 0x15,
    0x01, 0x35, 0x33, 0x35, 0x33, 0x15, 0x33, 0x15, 0x21, 0x35, 0x33, 0x35, 0x23, 0x35, 0x33, 0x15,
    0x33, 0x15, 0x23, 0x15, 0x13, 0x35, 0x33, 0x15, 0x40, 0x01, 0x00, 0x40, 0x40, 0x40, 0xfe, 0x80,
    0x40, 0x40, 0x80, 0x40, 0x40, 0x40, 0x40, 0x01, 0x40, 0x80, 0x80, 0xfe, 0xc0, 0x40, 0xc0, 0xc0,
    0x40, 0x40, 0xc0, 0x40, 0x40, 0x40, 0xc0, 0x01, 0x00, 0x40, 0x40, 0x00, 0x00, 0x04, 0x00, 0x00,
    0x00, 0x00, 0x01, 0x80, 0x01, 0xc0, 0x00, 0x03, 0x00, 0x11, 0x00, 0x15, 0x00, 0x19, 0x00, 0x00,
    0x21, 0x35, 0x33, 0x15, 0x21, 0x35, 0x33, 0x11, 0x23, 0x35, 0x33, 0x15, 0x33, 0x15, 0x23, 0x11,
    0x33, 0x15, 0x37, 0x11, 0x33, 0x11, 0x03, 0x23, 0x35, 0x33, 0x01, 0x00, 0x40, 0xfe, 0xc0, 0x40,
    0x40, 0x80, 0x40, 0x40, 0x40, 0x80, 0x40, 0x40, 0x80, 0x80, 0x40, 0x40, 0x40, 0x01, 0x40, 0x40,
    0x40, 0x40, 0xff, 0x00, 0x40, 0x40, 0x01, 0x40, 0xfe, 0xc0, 0x01, 0x40, 0x40, 0x00, 0x00, 0x00,
    0x00, 0x04, 0x00, 0x00, 0xff, 0x80, 0x01, 0x40, 0x01, 0x40, 0x00, 0x03, 0x00, 0x07, 0x00, 0x15,
    0x00, 0x19, 0x00, 0x00, 0x17, 0x35, 0x33, 0x15, 0x35, 0x11, 0x33, 0x11, 0x25, 0x35, 0x33, 0x35,
    0x23, 0x35, 0x33, 0x15, 0x33, 0x15, 0x23, 0x15, 0x33, 0x15, 0x11, 0x35, 0x33, 0x15, 0xc0, 0x40,
    0x40, 0xfe, 0xc0, 0x40, 0x40, 0x80, 0x40, 0x40, 0x40, 0x40, 0x80, 0x40, 0x40, 0x40, 0x01, 0x40,
    0xfe, 0xc0, 0x40, 0x40, 0xc0, 0x40, 0x40, 0x40, 0x80, 0x40, 0x01, 0x00, 0x40, 0x40, 0x00, 0x00,
    0x00, 0x09, 0x00, 0x00, 0x00, 0x00, 0x01, 0xc0, 0x02, 0x40, 0x00, 0x03, 0x00, 0x07, 0x00, 0x0b,
    0x00, 0x0f, 0x00, 0x13, 0x00, 0x17, 0x00, 0x1b, 0x00, 0x1f, 0x00, 0x23, 0x00, 0x00, 0x25, 0x15,
    0x23, 0x35, 0x33, 0x35, 0x33, 0x15, 0x21, 0x23, 0x35, 0x33, 0x21, 0x35, 0x33, 0x15, 0x21, 0x23,
    0x35, 0x33, 0x21, 0x23, 0x35, 0x33, 0x05, 0x35, 0x33, 0x15, 0x37, 0x23, 0x35, 0x33, 0x35, 0x15,
    0x23, 0x35, 0x01, 0x40, 0xc0, 0xc0, 0x40, 0xff, 0x00, 0x40, 0x40, 0x01, 0x00, 0x40, 0xfe, 0x80,
    0x40, 0x40, 0x01, 0x40, 0x40, 0x40, 0xfe, 0xc0, 0x40, 0xc0, 0xc0, 0xc0, 0xc0, 0x40, 0x40, 0x40,
    0x40, 0x40, 0x40, 0xc0, 0xc0, 0xc0, 0x40, 0x40, 0x40, 0x40, 0x40, 0x40, 0x80, 0x40, 0x40, 0x00,
    0x00, 0x05, 0x00, 0x00, 0x00, 0x00, 0x01, 0x40, 0x01, 0xc0, 0x00, 0x03, 0x00, 0x07, 0x00, 0x0b,
    0x00, 0x0f, 0x00, 0x13, 0x00, 0x00, 0x25, 0x15, 0x23, 0x35, 0x33, 0x35, 0x33, 0x15, 0x21, 0x23,
    0x35, 0x3b, 0x01, 0x23, 0x35, 0x33, 0x35, 0x15, 0x23, 0x35, 0x01, 0x00, 0xc0, 0xc0, 0x40, 0xff,
    0x00, 0x40, 0x40, 0xc0, 0xc0, 0xc0, 0xc0, 0x40, 0x40, 0x40, 0xc0, 0xc0, 0xc0, 0x40, 0x80, 0x40,
    0x40, 0x00, 0x00, 0x00, 0x00, 0x0b, 0x00, 0x00, 0x00, 0x00, 0x01, 0xc0, 0x02, 0x80, 0x00, 0x03,
    0x00, 0x07, 0x00, 0x0b, 0x00, 0x0f, 0x00, 0x13, 0x00, 0x17, 0x00, 0x1b, 0x00, 0x1f, 0x00, 0x23,
    0x00, 0x27, 0x00, 0x2b, 0x00, 0x00, 0x25, 0x15, 0x23, 0x35, 0x33, 0x35, 0x33, 0x15, 0x21, 0x23,
    0x35, 0x33, 0x21, 0x35, 0x33, 0x15, 0x21, 0x23, 0x35, 0x33, 0x21, 0x23, 0x35, 0x33, 0x05, 0x35,
    0x33, 0x15, 0x37, 0x23, 0x35, 0x33, 0x35, 0x15, 0x23, 0x35, 0x33, 0x35, 0x33, 0x15, 0x21, 0x23,
    0x35, 0x33, 0x01, 0x40, 0xc0, 0xc0, 0x40, 0xff, 0x00, 0x40, 0x40, 0x01, 0x00, 0x40, 0xfe, 0x80,
    0x40, 0x40, 0x01, 0x40, 0x40, 0x40, 0xfe, 0xc0, 0x40, 0xc0, 0xc0, 0xc0, 0xc0, 0xc0, 0x40, 0xff,
    0x00, 0x40, 0x40, 0x40, 0x40, 0x40, 0x40, 0x40, 0x40, 0xc0, 0xc0, 0xc0, 0x40, 0x40, 0x40, 0x40,
    0x40, 0x40, 0x80, 0x40, 0x40, 0x40, 0x40, 0x40, 0x00, 0x07, 0x00, 0x00, 0x00, 0x00, 0x01, 0x40,
    0x02, 0x00, 0x00, 0x03, 0x00, 0x07, 0x00, 0x0b, 0x00, 0x0f, 0x00, 0x13, 0x00, 0x17, 0x00, 0x1b,
    0x00, 0x00, 0x25, 0x15, 0x23, 0x35, 0x33, 0x35, 0x33, 0x15, 0x21, 0x23, 0x35, 0x3b, 0x01, 0x23,
    0x35, 0x33, 0x35, 0x15, 0x23, 0x35, 0x33, 0x35, 0x33, 0x15, 0x21, 0x23, 0x35, 0x33, 0x01, 0x00,
    0xc0, 0xc0, 0x40, 0xff, 0x00, 0x40, 0x40, 0xc0, 0xc0, 0xc0, 0xc0, 0xc0, 0x40, 0xff, 0x00, 0x40,
    0x40, 0x40, 0x40, 0x40, 0xc0, 0xc0, 0xc0, 0x40, 0x80, 0x40, 0x40, 0x40, 0x40, 0x40, 0x00, 0x00,
    0x00, 0x0c, 0x00, 0x00, 0x00, 0x00, 0x01, 0xc0, 0x02, 0x80, 0x00, 0x03, 0x00, 0x07, 0x00, 0x0b,
    0x00, 0x0f, 0x00, 0x13, 0x00, 0x17, 0x00, 0x1b, 0x00, 0x1f, 0x00, 0x23, 0x00, 0x27, 0x00, 0x2b,
    0x00, 0x2f, 0x00, 0x00, 0x01, 0x35, 0x33, 0x15, 0x21, 0x35, 0x33, 0x15, 0x13, 0x15, 0x23, 0x35,
    0x33, 0x35, 0x33, 0x15, 0x21, 0x23, 0x35, 0x33, 0x21, 0x35, 0x33, 0x15, 0x21, 0x23, 0x35, 0x33,
    0x21, 0x23, 0x35, 0x33, 0x05, 0x35, 0x33, 0x15, 0x37, 0x23, 0x35, 0x33, 0x37, 0x35, 0x33, 0x15,
    0x21, 0x35, 0x33, 0x15, 0x01, 0x40, 0x40, 0xff, 0x00, 0x40, 0x80, 0xc0, 0xc0, 0x40, 0xff, 0x00,
    0x40, 0x40, 0x01, 0x00, 0x40, 0xfe, 0x80, 0x40, 0x40, 0x01, 0x40, 0x40, 0x40, 0xfe, 0xc0, 0x40,
    0xc0, 0xc0, 0xc0, 0x40, 0x40, 0xff, 0x00, 0x40, 0x02, 0x00, 0x40, 0x40, 0x40, 0x40, 0xfe, 0x40,
    0x40, 0x40, 0x40, 0x40, 0x40, 0xc0, 0xc0, 0xc0, 0x40, 0x40, 0x40, 0x40, 0x40, 0x40, 0x80, 0x40,
    0x40, 0x40, 0x40, 0x00, 0x00, 0x08, 0x00, 0x00, 0x00, 0x00, 0x01, 0x40, 0x02, 0x00, 0x00, 0x03,
    0x00, 0x07, 0x00, 0x0b, 0x00, 0x0f, 0x00, 0x13, 0x00, 0x17, 0x00, 0x1b, 0x00, 0x1f, 0x00, 0x00,
    0x13, 0x35, 0x33, 0x15, 0x21, 0x35, 0x33, 0x15, 0x13, 0x15, 0x23, 0x35, 0x33, 0x35, 0x33, 0x15,
    0x21, 0x23, 0x35, 0x3b, 0x01, 0x23, 0x35, 0x33, 0x3d, 0x01, 0x33, 0x15, 0x21, 0x35, 0x33, 0x15,
    0xc0, 0x40, 0xff, 0x00, 0x40, 0xc0, 0xc0, 0xc0, 0x40, 0xff, 0x00, 0x40, 0x40, 0xc0, 0xc0, 0xc0,
    0x40, 0xff, 0x00, 0x40, 0x01, 0x80, 0x40, 0x40, 0x40, 0x40, 0xfe, 0xc0, 0x40, 0x40, 0xc0, 0xc0,
    0xc0, 0x40, 0x80, 0x40, 0x40, 0x40, 0x40, 0x00, 0x00, 0x02, 0x00, 0x00, 0x00, 0x00, 0x02, 0x40,
    0x01, 0xc0, 0x00, 0x1b, 0x00, 0x23, 0x00, 0x00, 0x25, 0x35, 0x23, 0x15, 0x33, 0x35, 0x33, 0x15,
    0x21, 0x35, 0x23, 0x35, 0x23, 0x35, 0x33, 0x35, 0x33, 0x35, 0x21, 0x15, 0x23, 0x35, 0x23, 0x15,
    0x33, 0x35, 0x33, 0x15, 0x07, 0x11, 0x23, 0x15, 0x23, 0x15, 0x33, 0x15, 0x01, 0x80, 0x40, 0xc0,
    0x40, 0xfe, 0x40, 0x40, 0x40, 0x40, 0x40, 0x01, 0xc0, 0x40, 0xc0, 0x40, 0x40, 0xc0, 0x80, 0x40,
    0x40, 0x80, 0x40, 0x80, 0x40, 0x80, 0x40, 0x40, 0xc0, 0x40, 0x40, 0x80, 0x40, 0x80, 0x40, 0xc0,
    0x40, 0x01, 0x40, 0x40, 0xc0, 0x40, 0x00, 0x00, 0x00, 0x06, 0x00, 0x00, 0x00, 0x00, 0x02, 0x40,
    0x01, 0x40, 0x00, 0x03, 0x00, 0x07, 0x00, 0x11, 0x00, 0x15, 0x00, 0x19, 0x00, 0x1d, 0x00, 0x00,
    0x25, 0x15, 0x23, 0x35, 0x23, 0x15, 0x23, 0x35, 0x33, 0x35, 0x33, 0x15, 0x33, 0x35, 0x33, 0x15,
    0x21, 0x15, 0x21, 0x23, 0x35, 0x33, 0x21, 0x23, 0x35, 0x33, 0x05, 0x23, 0x35, 0x33, 0x02, 0x00,
    0xc0, 0x40, 0xc0, 0xc0, 0x40, 0xc0, 0x40, 0xff, 0x00, 0xff, 0x00, 0x40, 0x40, 0x01, 0xc0, 0xc0,
    0xc0, 0xff, 0x00, 0xc0, 0xc0, 0x40, 0x40, 0x40, 0x40, 0x40, 0xc0, 0x40, 0x40, 0x80, 0x40, 0xc0,
    0x40, 0x40, 0x40, 0x00, 0x00, 0x05, 0x00, 0x00, 0x00, 0x00, 0x01, 0xc0, 0x02, 0x80, 0x00, 0x11,
    0x00, 0x15, 0x00, 0x1b, 0x00, 0x1f, 0x00, 0x23, 0x00, 0x00, 0x01, 0x23, 0x15, 0x33, 0x15, 0x23,
    0x35, 0x23, 0x15, 0x33, 0x15, 0x23, 0x35, 0x33, 0x11, 0x23, 0x35, 0x21, 0x27, 0x35, 0x33, 0x15,
    0x13, 0x35, 0x33, 0x15, 0x33, 0x15, 0x03, 0x35, 0x33, 0x1d, 0x01, 0x33, 0x15, 0x23, 0x01, 0x40,
    0xc0, 0xc0, 0x40, 0x80, 0x40, 0xc0, 0x40, 0x40, 0x01, 0x40, 0x80, 0x40, 0x40, 0x40, 0x40, 0xc0,
    0x40, 0x40, 0x40, 0x01, 0x80, 0x80, 0x80, 0x40, 0x80, 0x40, 0x40, 0x01, 0x40, 0x40, 0x40, 0x40,
    0x40, 0xfe, 0x00, 0x80, 0x40, 0x40, 0x02, 0x40, 0x40, 0x40, 0xc0, 0x80, 0x00, 0x04, 0x00, 0x00,
    0x00, 0x00, 0x01, 0x40, 0x02, 0x00, 0x00, 0x05, 0x00, 0x09, 0x00, 0x0d, 0x00, 0x1b, 0x00, 0x00,
    0x13, 0x35, 0x33, 0x15, 0x23, 0x35, 0x27, 0x35, 0x33, 0x15, 0x3d, 0x01, 0x33, 0x15, 0x07, 0x15,
    0x23, 0x15, 0x33, 0x15, 0x23, 0x35, 0x33, 0x35, 0x23, 0x35, 0x33, 0x15, 0xc0, 0x80, 0x40, 0x80,
    0x40, 0x40, 0x40, 0x40, 0x40, 0xc0, 0x40, 0x40, 0x80, 0x01, 0x00, 0x40, 0x80, 0x40, 0x80, 0x40,
    0x40, 0x40, 0x40, 0x40, 0xc0, 0x40, 0x80, 0x40, 0x40, 0xc0, 0x40, 0x40, 0x00, 0x05, 0x00, 0x00,
    0xff, 0x40, 0x01, 0xc0, 0x01, 0xc0, 0x00, 0x11, 0x00, 0x15, 0x00, 0x19, 0x00, 0x1f, 0x00, 0x23,
    0x00, 0x00, 0x01, 0x23, 0x15, 0x33, 0x15, 0x23, 0x35, 0x23, 0x15, 0x33, 0x15, 0x23, 0x35, 0x33,
    0x11, 0x23, 0x35, 0x21, 0x03, 0x35, 0x33, 0x15, 0x3d, 0x01, 0x33, 0x15, 0x37, 0x35, 0x33, 0x15,
    0x33, 0x15, 0x03, 0x33, 0x15, 0x23, 0x01, 0x40, 0xc0, 0xc0, 0x40, 0x80, 0x40, 0xc0, 0x40, 0x40,
    0x01, 0x40, 0xc0, 0x40, 0x40, 0x40, 0x40, 0x40, 0x80, 0x40, 0x40, 0x01, 0x80, 0x80, 0x80, 0x40,
    0x80, 0x40, 0x40, 0x01, 0x40, 0x40, 0xfd, 0x80, 0x40, 0x40, 0x40, 0x40, 0x40, 0x80, 0x80, 0x40,
    0x40, 0x01, 0x80, 0x80, 0x00, 0x04, 0x00, 0x00, 0xff, 0x40, 0x01, 0x40, 0x01, 0x40, 0x00, 0x05,
    0x00, 0x09, 0x00, 0x0d, 0x00, 0x1b, 0x00, 0x00, 0x13, 0x35, 0x33, 0x15, 0x23, 0x35, 0x01, 0x35,
    0x33, 0x15, 0x3d, 0x01, 0x33, 0x15, 0x13, 0x15, 0x23, 0x15, 0x33, 0x15, 0x23, 0x35, 0x33, 0x35,
    0x23, 0x35, 0x33, 0x15, 0xc0, 0x80, 0x40, 0xff, 0x00, 0x40, 0x40, 0x40, 0x40, 0x40, 0xc0, 0x40,
    0x40, 0x80, 0x01, 0x00, 0x40, 0x80, 0x40, 0xfe, 0x40, 0x40, 0x40, 0x40, 0x40, 0x40, 0x01, 0x80,
    0x40, 0x80, 0x40, 0x40, 0xc0, 0x40, 0x40, 0x00, 0x00, 0x06, 0x00, 0x00, 0x00, 0x00, 0x01, 0xc0,
    0x02, 0x80, 0x00, 0x11, 0x00, 0x15, 0x00, 0x1b, 0x00, 0x1f, 0x00, 0x23, 0x00, 0x27, 0x00, 0x00,
    0x01, 0x23, 0x15, 0x33, 0x15, 0x23, 0x35, 0x23, 0x15, 0x33, 0x15, 0x23, 0x35, 0x33, 0x11, 0x23,
    0x35, 0x21, 0x27, 0x35, 0x33, 0x15, 0x13, 0x35, 0x33, 0x15, 0x33, 0x15, 0x03, 0x35, 0x33, 0x15,
    0x2b, 0x01, 0x35, 0x33, 0x13, 0x33, 0x15, 0x23, 0x01, 0x40, 0xc0, 0xc0, 0x40, 0x80, 0x40, 0xc0,
    0x40, 0x40, 0x01, 0x40, 0x80, 0x40, 0x40, 0x40, 0x40, 0xc0, 0x40, 0x80, 0x40, 0x40, 0x80, 0x40,
    0x40, 0x01, 0x80, 0x80, 0x80, 0x40, 0x80, 0x40, 0x40, 0x01, 0x40, 0x40, 0x40, 0x40, 0x40, 0xfe,
    0x00, 0x80, 0x40, 0x40, 0x02, 0x40, 0x40, 0x40, 0x40, 0xff, 0x00, 0x80, 0x00, 0x05, 0x00, 0x00,
    0x00, 0x00, 0x01, 0x40, 0x02, 0x00, 0x00, 0x05, 0x00, 0x09, 0x00, 0x0d, 0x00, 0x11, 0x00, 0x1f,
    0x00, 0x00, 0x13, 0x35, 0x33, 0x15, 0x23, 0x35, 0x27, 0x35, 0x33, 0x15, 0x3d, 0x01, 0x33, 0x15,
    0x2b, 0x01, 0x35, 0x33, 0x13, 0x15, 0x23, 0x15, 0x33, 0x15, 0x23, 0x35, 0x33, 0x35, 0x23, 0x35,
    0x33, 0x15, 0xc0, 0x80, 0x40, 0x80, 0x40, 0x40, 0x80, 0x40, 0x40, 0x40, 0x40, 0x40, 0xc0, 0x40,
    0x40, 0x80, 0x01, 0x00, 0x40, 0x80, 0x40, 0x80, 0x40, 0x40, 0x40, 0x40, 0x40, 0x40, 0xff, 0x00,
    0x40, 0x80, 0x40, 0x40, 0xc0, 0x40, 0x40, 0x00, 0x00, 0x09, 0x00, 0x00, 0x00, 0x00, 0x01, 0x80,
    0x02, 0x80, 0x00, 0x03, 0x00, 0x07, 0x00, 0x0b, 0x00, 0x0f, 0x00, 0x13, 0x00, 0x17, 0x00, 0x1d,
    0x00, 0x21, 0x00, 0x25, 0x00, 0x00, 0x13, 0x35, 0x33, 0x15, 0x13, 0x15, 0x21, 0x35, 0x21, 0x35,
    0x33, 0x15, 0x21, 0x23, 0x35, 0x33, 0x25, 0x21, 0x35, 0x29, 0x01, 0x23, 0x35, 0x33, 0x17, 0x35,
    0x33, 0x35, 0x33, 0x15, 0x27, 0x23, 0x35, 0x33, 0x3d, 0x01, 0x33, 0x15, 0xc0, 0x40, 0x40, 0xff,
    0x00, 0x01, 0x00, 0x40, 0xfe, 0xc0, 0x40, 0x40, 0x01, 0x00, 0xff, 0x00, 0x01, 0x00, 0xff, 0x00,
    0x40, 0x40, 0xc0, 0x40, 0x40, 0x80, 0xc0, 0xc0, 0x40, 0x02, 0x00, 0x40, 0x40, 0xfe, 0x40, 0x40,
    0x40, 0x80, 0x80, 0x40, 0x40, 0x40, 0x80, 0x40, 0x40, 0x40, 0x80, 0x40, 0x40, 0x80, 0x40, 0x40,
    0x00, 0x07, 0x00, 0x00, 0x00, 0x00, 0x01, 0x40, 0x02, 0x00, 0x00, 0x03, 0x00, 0x07, 0x00, 0x0b,
    0x00, 0x0f, 0x00, 0x13, 0x00, 0x17, 0x00, 0x1b, 0x00, 0x00, 0x13, 0x35, 0x33, 0x15, 0x13, 0x15,
    0x21, 0x35, 0x21, 0x35, 0x33, 0x15, 0x27, 0x23, 0x35, 0x33, 0x2b, 0x01, 0x35, 0x33, 0x37, 0x15,
    0x23, 0x35, 0x37, 0x35, 0x33, 0x15, 0x80, 0x40, 0x40, 0xff, 0x00, 0x01, 0x00, 0x40, 0x40, 0xc0,
    0xc0, 0xc0, 0x40, 0x40, 0xc0, 0xc0, 0x80, 0x40, 0x01, 0x80, 0x40, 0x40, 0xfe, 0xc0, 0x40, 0x40,
    0x40, 0x40, 0x40, 0x40, 0x40, 0x40, 0x40, 0x40, 0x80, 0x40, 0x40, 0x00, 0x00, 0x0a, 0x00, 0x00,
    0x00, 0x00, 0x01, 0x80, 0x02, 0x80, 0x00, 0x03, 0x00, 0x07, 0x00, 0x0b, 0x00, 0x0f, 0x00, 0x13,
    0x00, 0x17, 0x00, 0x1b, 0x00, 0x21, 0x00, 0x25, 0x00, 0x29, 0x00, 0x00, 0x01, 0x35, 0x33, 0x15,
    0x23, 0x35, 0x33, 0x15, 0x13, 0x15, 0x21, 0x35, 0x21, 0x35, 0x33, 0x15, 0x21, 0x23, 0x35, 0x33,
    0x25, 0x21, 0x35, 0x29, 0x01, 0x23, 0x35, 0x33, 0x17, 0x35, 0x33, 0x35, 0x33, 0x15, 0x27, 0x23,
    0x35, 0x33, 0x27, 0x35, 0x33, 0x15, 0x01, 0x00, 0x40, 0xc0, 0x40, 0x80, 0xff, 0x00, 0x01, 0x00,
    0x40, 0xfe, 0xc0, 0x40, 0x40, 0x01, 0x00, 0xff, 0x00, 0x01, 0x00, 0xff, 0x00, 0x40, 0x40, 0xc0,
    0x40, 0x40, 0x80, 0xc0, 0xc0, 0x40, 0x40, 0x02, 0x00, 0x40, 0x40, 0x40, 0x40, 0xfe, 0x40, 0x40,
    0x40, 0x80, 0x80, 0x40, 0x40, 0x40, 0x80, 0x40, 0x40, 0x40, 0x80, 0x40, 0x40, 0x80, 0x40, 0x40,
    0x00, 0x08, 0x00, 0x00, 0x00, 0x00, 0x01, 0x40, 0x02, 0x00, 0x00, 0x03, 0x00, 0x07, 0x00, 0x0b,
    0x00, 0x0f, 0x00, 0x13, 0x00, 0x17, 0x00, 0x1b, 0x00, 0x1f, 0x00, 0x00, 0x13, 0x35, 0x33, 0x15,
    0x23, 0x35, 0x33, 0x15, 0x13, 0x15, 0x21, 0x35, 0x21, 0x35, 0x33, 0x15, 0x27, 0x23, 0x35, 0x33,
    0x2b, 0x01, 0x35, 0x33, 0x37, 0x15, 0x23, 0x35, 0x37, 0x35, 0x33, 0x15, 0xc0, 0x40, 0xc0, 0x40,
    0x80, 0xff, 0x00, 0x01, 0x00, 0x40, 0x40, 0xc0, 0xc0, 0xc0, 0x40, 0x40, 0xc0, 0xc0, 0x40, 0x40,
    0x01, 0x80, 0x40, 0x40, 0x40, 0x40, 0xfe, 0xc0, 0x40, 0x40, 0x40, 0x40, 0x40, 0x40, 0x40, 0x40,
    0x40, 0x40, 0x80, 0x40, 0x40, 0x00, 0x00, 0x00, 0x00, 0x09, 0x00, 0x00, 0xff, 0x40, 0x01, 0x80,
    0x01, 0xc0, 0x00, 0x03, 0x00, 0x07, 0x00, 0x0f, 0x00, 0x13, 0x00, 0x17, 0x00, 0x1b, 0x00, 0x1f,
    0x00, 0x25, 0x00, 0x29, 0x00, 0x00, 0x17, 0x35, 0x33, 0x15, 0x3d, 0x01, 0x33, 0x15, 0x27, 0x23,
    0x35, 0x23, 0x35, 0x21, 0x15, 0x23, 0x37, 0x35, 0x33, 0x15, 0x21, 0x23, 0x35, 0x33, 0x25, 0x21,
    0x35, 0x29, 0x01, 0x23, 0x35, 0x33, 0x17, 0x35, 0x33, 0x35, 0x33, 0x15, 0x27, 0x23, 0x35, 0x33,
    0xc0, 0x40, 0x40, 0x40, 0x40, 0x80, 0x01, 0x00, 0x40, 0x40, 0x40, 0xfe, 0xc0, 0x40, 0x40, 0x01,
    0x00, 0xff, 0x00, 0x01, 0x00, 0xff, 0x00, 0x40, 0x40, 0xc0, 0x40, 0x40, 0x80, 0xc0, 0xc0, 0xc0,
    0x40, 0x40, 0x40, 0x40, 0x40, 0x40, 0x40, 0x40, 0x40, 0x40, 0x80, 0x80, 0x40, 0x40, 0x40, 0x80,
    0x40, 0x40, 0x40, 0x80, 0x40, 0x40, 0x00, 0x00, 0x00, 0x07, 0x00, 0x00, 0xff, 0x40, 0x01, 0x40,
    0x01, 0x40, 0x00, 0x03, 0x00, 0x07, 0x00, 0x0f, 0x00, 0x13, 0x00, 0x17, 0x00, 0x1b, 0x00, 0x1f,
    0x00, 0x00, 0x17, 0x35, 0x33, 0x15, 0x3d, 0x01, 0x33, 0x15, 0x27, 0x23, 0x35, 0x23, 0x35, 0x21,
    0x15, 0x23, 0x37, 0x35, 0x33, 0x15, 0x27, 0x23, 0x35, 0x33, 0x2b, 0x01, 0x35, 0x33, 0x37, 0x15,
    0x23, 0x35, 0x80, 0x40, 0x40, 0x40, 0x40, 0x80, 0x01, 0x00, 0x40, 0x40, 0x40, 0x40, 0xc0, 0xc0,
    0xc0, 0x40, 0x40, 0xc0, 0xc0, 0xc0, 0x40, 0x40, 0x40, 0x40, 0x40, 0x40, 0x40, 0x40, 0x40, 0x40,
    0x40, 0x40, 0x40, 0x40, 0x40, 0x40, 0x40, 0x40, 0x00, 0x0a, 0x00, 0x00, 0x00, 0x00, 0x01, 0x80,
    0x02, 0x80, 0x00, 0x03, 0x00, 0x07, 0x00, 0x0b, 0x00, 0x0f, 0x00, 0x13, 0x00, 0x17, 0x00, 0x1d,
    0x00, 0x21, 0x00, 0x25, 0x00, 0x29, 0x00, 0x00, 0x13, 0x35, 0x33, 0x15, 0x13, 0x15, 0x21, 0x35,
    0x21, 0x35, 0x33, 0x15, 0x21, 0x23, 0x35, 0x33, 0x25, 0x21, 0x35, 0x29, 0x01, 0x23, 0x35, 0x33,
    0x17, 0x35, 0x33, 0x35, 0x33, 0x15, 0x27, 0x23, 0x35, 0x33, 0x3d, 0x01, 0x33, 0x15, 0x2b, 0x01,
    0x35, 0x33, 0xc0, 0x40, 0x40, 0xff, 0x00, 0x01, 0x00, 0x40, 0xfe, 0xc0, 0x40, 0x40, 0x01, 0x00,
    0xff, 0x00, 0x01, 0x00, 0xff, 0x00, 0x40, 0x40, 0xc0, 0x40, 0x40, 0x80, 0xc0, 0xc0, 0x40, 0x80,
    0x40, 0x40, 0x02, 0x00, 0x40, 0x40, 0xfe, 0x40, 0x40, 0x40, 0x80, 0x80, 0x40, 0x40, 0x40, 0x80,
    0x40, 0x40, 0x40, 0x80, 0x40, 0x40, 0x80, 0x40, 0x40, 0x40, 0x00, 0x00, 0x00, 0x08, 0x00, 0x00,
    0x00, 0x00, 0x01, 0x40, 0x02, 0x00, 0x00, 0x03, 0x00, 0x07, 0x00, 0x0b, 0x00, 0x0f, 0x00, 0x13,
    0x00, 0x17, 0x00, 0x1b, 0x00, 0x1f, 0x00, 0x00, 0x13, 0x35, 0x33, 0x15, 0x13, 0x15, 0x21, 0x35,
    0x21, 0x35, 0x33, 0x15, 0x27, 0x23, 0x35, 0x33, 0x2b, 0x01, 0x35, 0x33, 0x37, 0x15, 0x23, 0x35,
    0x37, 0x35, 0x33, 0x15, 0x2b, 0x01, 0x35, 0x33, 0x80, 0x40, 0x40, 0xff, 0x00, 0x01, 0x00, 0x40,
    0x40, 0xc0, 0xc0, 0xc0, 0x40, 0x40, 0xc0, 0xc0, 0x80, 0x40, 0x80, 0x40, 0x40, 0x01, 0x80, 0x40,
    0x40, 0xfe, 0xc0, 0x40, 0x40, 0x40, 0x40, 0x40, 0x40, 0x40, 0x40, 0x40, 0x40, 0x80, 0x40, 0x40,
    0x40, 0x00, 0x00, 0x00, 0x00, 0x03, 0x00, 0x00, 0xff, 0x40, 0x01, 0xc0, 0x01, 0xc0, 0x00, 0x13,
    0x00, 0x17, 0x00, 0x1b, 0x00, 0x00, 0x05, 0x23, 0x35, 0x23, 0x35, 0x33, 0x11, 0x23, 0x15, 0x23,
    0x35, 0x21, 0x15, 0x23, 0x35, 0x23, 0x11, 0x33, 0x15, 0x23, 0x07, 0x35, 0x33, 0x15, 0x35, 0x33,
    0x15, 0x23, 0x01, 0x00, 0x40, 0x40, 0x40, 0x80, 0x40, 0x01, 0xc0, 0x40, 0x80, 0x40, 0x40, 0x40,
    0x40, 0x40, 0x40, 0x40, 0x40, 0x40, 0x01, 0x40, 0x40, 0x80, 0x80, 0x40, 0xfe, 0xc0, 0x40, 0xc0,
    0x40, 0x40, 0x80, 0x40, 0x00, 0x04, 0x00, 0x00, 0xff, 0x40, 0x01, 0x00, 0x01, 0xc0, 0x00, 0x03,
    0x00, 0x07, 0x00, 0x0d, 0x00, 0x19, 0x00, 0x00, 0x17, 0x35, 0x33, 0x15, 0x3d, 0x01, 0x33, 0x15,
    0x27, 0x23, 0x35, 0x33, 0x15, 0x23, 0x27, 0x23, 0x35, 0x23, 0x35, 0x33, 0x35, 0x33, 0x15, 0x33,
    0x15, 0x23, 0x80, 0x40, 0x40, 0x40, 0x40, 0x80, 0x40, 0x40, 0x40, 0x40, 0x40, 0x40, 0x80, 0x80,
    0xc0, 0x40, 0x40, 0x40, 0x40, 0x40, 0x40, 0x80, 0x40, 0x40, 0xc0, 0x40, 0x80, 0x80, 0x40, 0x00,
    0x00, 0x04, 0x00, 0x00, 0x00, 0x00, 0x01, 0xc0, 0x02, 0x80, 0x00, 0x0f, 0x00, 0x13, 0x00, 0x17,
    0x00, 0x1b, 0x00, 0x00, 0x01, 0x35, 0x23, 0x11, 0x33, 0x15, 0x23, 0x35, 0x33, 0x11, 0x23, 0x15,
    0x23, 0x35, 0x21, 0x15, 0x25, 0x35, 0x33, 0x15, 0x3d, 0x01, 0x33, 0x15, 0x2b, 0x01, 0x35, 0x33,
    0x01, 0x80, 0x80, 0x40, 0xc0, 0x40, 0x80, 0x40, 0x01, 0xc0, 0xff, 0x00, 0x40, 0x40, 0x80, 0x40,
    0x40, 0x01, 0x40, 0x40, 0xfe, 0xc0, 0x40, 0x40, 0x01, 0x40, 0x40, 0x80, 0x80, 0xc0, 0x40, 0x40,
    0x40, 0x40, 0x40, 0x40, 0x00, 0x03, 0x00, 0x00, 0x00, 0x00, 0x01, 0x00, 0x02, 0x00, 0x00, 0x03,
    0x00, 0x07, 0x00, 0x13, 0x00, 0x00, 0x13, 0x35, 0x33, 0x15, 0x11, 0x15, 0x23, 0x35, 0x31, 0x23,
    0x35, 0x23, 0x35, 0x33, 0x35, 0x33, 0x15, 0x33, 0x15, 0x23, 0xc0, 0x40, 0x80, 0x40, 0x40, 0x40,
    0x40, 0x80, 0x80, 0x01, 0x80, 0x80, 0x80, 0xfe, 0xc0, 0x40, 0x40, 0xc0, 0x40, 0x80, 0x80, 0x40,
    0x00, 0x01, 0x00, 0x00, 0x00, 0x00, 0x01, 0xc0, 0x01, 0xc0, 0x00, 0x17, 0x00, 0x00, 0x01, 0x35,
    0x23, 0x15, 0x33, 0x15, 0x23, 0x15, 0x33, 0x15, 0x23, 0x35, 0x33, 0x35, 0x23, 0x35, 0x33, 0x35,
    0x23, 0x15, 0x23, 0x35, 0x21, 0x15, 0x01, 0x80, 0x80, 0x80, 0x80, 0x40, 0xc0, 0x40, 0x80, 0x80,
    0x80, 0x40, 0x01, 0xc0, 0x01, 0x40, 0x40, 0x80, 0x40, 0x80, 0x40, 0x40, 0x80, 0x40, 0x80, 0x40,
    0x80, 0x80, 0x00, 0x00, 0x00, 0x02, 0x00, 0x00, 0x00, 0x00, 0x01, 0x00, 0x01, 0xc0, 0x00, 0x03,
    0x00, 0x17, 0x00, 0x00, 0x25, 0x15, 0x23, 0x35, 0x31, 0x23, 0x35, 0x23, 0x35, 0x33, 0x35, 0x23,
    0x35, 0x33, 0x35, 0x33, 0x15, 0x33, 0x15, 0x23, 0x15, 0x33, 0x15, 0x23, 0x01, 0x00, 0x80, 0x40,
    0x40, 0x40, 0x40, 0x40, 0x40, 0x80, 0x80, 0x40, 0x40, 0x40, 0x40, 0x40, 0x40, 0x40, 0x40, 0x40,
    0x80, 0x80, 0x40, 0x40, 0x40, 0x00, 0x00, 0x00, 0x00, 0x07, 0x00, 0x00, 0x00, 0x00, 0x01, 0xc0,
    0x02, 0x80, 0x00, 0x03, 0x00, 0x07, 0x00, 0x0f, 0x00, 0x17, 0x00, 0x1b, 0x00, 0x1f, 0x00, 0x23,
    0x00, 0x00, 0x13, 0x35, 0x33, 0x15, 0x13, 0x15, 0x23, 0x35, 0x33, 0x11, 0x23, 0x35, 0x33, 0x15,
    0x23, 0x11, 0x21, 0x23, 0x11, 0x23, 0x35, 0x33, 0x15, 0x23, 0x37, 0x15, 0x23, 0x35, 0x33, 0x35,
    0x33, 0x15, 0x21, 0x35, 0x33, 0x15, 0x40, 0x40, 0xc0, 0xc0, 0xc0, 0x40, 0xc0, 0x40, 0xff, 0x00,
    0x40, 0x40, 0xc0, 0x40, 0xc0, 0x80, 0x80, 0x40, 0xff, 0x00, 0x40, 0x02, 0x00, 0x40, 0x40, 0xfe,
    0x40, 0x40, 0x40, 0x01, 0x40, 0x40, 0x40, 0xfe, 0xc0, 0x01, 0x40, 0x40, 0x40, 0xc0, 0x40, 0x40,
    0x40, 0x40, 0x40, 0x40, 0x00, 0x06, 0x00, 0x00, 0x00, 0x00, 0x01, 0x80, 0x02, 0x00, 0x00, 0x0d,
    0x00, 0x11, 0x00, 0x15, 0x00, 0x19, 0x00, 0x1d, 0x00, 0x25, 0x00, 0x00, 0x37, 0x35, 0x33, 0x35,
    0x23, 0x35, 0x33, 0x15, 0x23, 0x15, 0x33, 0x15, 0x23, 0x35, 0x01, 0x35, 0x33, 0x15, 0x37, 0x15,
    0x23, 0x35, 0x33, 0x35, 0x33, 0x15, 0x21, 0x35, 0x33, 0x15, 0x13, 0x15, 0x23, 0x11, 0x23, 0x35,
    0x33, 0x11, 0xc0, 0x40, 0x40, 0xc0, 0x40, 0x40, 0x80, 0xff, 0x00, 0x40, 0xc0, 0x80, 0x80, 0x40,
    0xff, 0x00, 0x40, 0x40, 0x80, 0x40, 0x80, 0x40, 0x40, 0x80, 0x40, 0x40, 0xc0, 0x40, 0x40, 0x01,
    0x40, 0x40, 0x40, 0x40, 0x40, 0x40, 0x40, 0x40, 0x40, 0x40, 0xfe, 0x80, 0x40, 0x01, 0x00, 0x40,
    0xff, 0x00, 0x00, 0x00, 0x00, 0x04, 0x00, 0x00, 0x00, 0x00, 0x01, 0xc0, 0x02, 0x40, 0x00, 0x03,
    0x00, 0x0b, 0x00, 0x13, 0x00, 0x17, 0x00, 0x00, 0x25, 0x15, 0x23, 0x35, 0x33, 0x11, 0x23, 0x35,
    0x33, 0x15, 0x23, 0x11, 0x21, 0x23, 0x11, 0x23, 0x35, 0x33, 0x15, 0x23, 0x37, 0x15, 0x23, 0x35,
    0x01, 0x40, 0xc0, 0xc0, 0x40, 0xc0, 0x40, 0xff, 0x00, 0x40, 0x40, 0xc0, 0x40, 0xc0, 0xc0, 0x40,
    0x40, 0x40, 0x01, 0x40, 0x40, 0x40, 0xfe, 0xc0, 0x01, 0x40, 0x40, 0x40, 0xc0, 0x40, 0x40, 0x00,
    0x00, 0x03, 0x00, 0x00, 0x00, 0x00, 0x01, 0x80, 0x01, 0xc0, 0x00, 0x0d, 0x00, 0x11, 0x00, 0x19,
    0x00, 0x00, 0x37, 0x35, 0x33, 0x35, 0x23, 0x35, 0x33, 0x15, 0x23, 0x15, 0x33, 0x15, 0x23, 0x35,
    0x11, 0x15, 0x23, 0x35, 0x13, 0x15, 0x23, 0x11, 0x23, 0x35, 0x33, 0x11, 0xc0, 0x40, 0x40, 0xc0,
    0x40, 0x40, 0x80, 0xc0, 0x80, 0x80, 0x40, 0x80, 0x40, 0x40, 0x80, 0x40, 0x40, 0xc0, 0x40, 0x40,
    0x01, 0x80, 0x40, 0x40, 0xfe, 0x80, 0x40, 0x01, 0x00, 0x40, 0xff, 0x00, 0x00, 0x06, 0x00, 0x00,
    0x00, 0x00, 0x01, 0xc0, 0x02, 0x80, 0x00, 0x03, 0x00, 0x0b, 0x00, 0x13, 0x00, 0x17, 0x00, 0x1b,
    0x00, 0x1f, 0x00, 0x00, 0x25, 0x15, 0x23, 0x35, 0x33, 0x11, 0x23, 0x35, 0x33, 0x15, 0x23, 0x11,
    0x21, 0x23, 0x11, 0x23, 0x35, 0x33, 0x15, 0x23, 0x37, 0x15, 0x23, 0x35, 0x33, 0x35, 0x33, 0x15,
    0x21, 0x23, 0x35, 0x33, 0x01, 0x40, 0xc0, 0xc0, 0x40, 0xc0, 0x40, 0xff, 0x00, 0x40, 0x40, 0xc0,
    0x40, 0xc0, 0xc0, 0xc0, 0x40, 0xff, 0x00, 0x40, 0x40, 0x40, 0x40, 0x40, 0x01, 0x40, 0x40, 0x40,
    0xfe, 0xc0, 0x01, 0x40, 0x40, 0x40, 0xc0, 0x40, 0x40, 0x40, 0x40, 0x40, 0x00, 0x05, 0x00, 0x00,
    0x00, 0x00, 0x01, 0x80, 0x02, 0x00, 0x00, 0x0d, 0x00, 0x11, 0x00, 0x15, 0x00, 0x19, 0x00, 0x21,
    0x00, 0x00, 0x37, 0x35, 0x33, 0x35, 0x23, 0x35, 0x33, 0x15, 0x23, 0x15, 0x33, 0x15, 0x23, 0x35,
    0x11, 0x15, 0x23, 0x35, 0x33, 0x35, 0x33, 0x15, 0x2b, 0x01, 0x35, 0x33, 0x13, 0x15, 0x23, 0x11,
    0x23, 0x35, 0x33, 0x11, 0xc0, 0x40, 0x40, 0xc0, 0x40, 0x40, 0x80, 0x80, 0x80, 0x40, 0xc0, 0x40,
    0x40, 0x40, 0x80, 0x40, 0x80, 0x40, 0x40, 0x80, 0x40, 0x40, 0xc0, 0x40, 0x40, 0x01, 0x80, 0x40,
    0x40, 0x40, 0x40, 0x40, 0xfe, 0x40, 0x40, 0x01, 0x00, 0x40, 0xff, 0x00, 0x00, 0x07, 0x00, 0x00,
    0x00, 0x00, 0x01, 0xc0, 0x02, 0x80, 0x00, 0x03, 0x00, 0x0b, 0x00, 0x13, 0x00, 0x17, 0x00, 0x1b,
    0x00, 0x1f, 0x00, 0x23, 0x00, 0x00, 0x25, 0x15, 0x23, 0x35, 0x33, 0x11, 0x23, 0x35, 0x33, 0x15,
    0x23, 0x11, 0x21, 0x23, 0x11, 0x23, 0x35, 0x33, 0x15, 0x23, 0x37, 0x35, 0x33, 0x15, 0x3d, 0x01,
    0x33, 0x15, 0x2b, 0x01, 0x35, 0x33, 0x31, 0x35, 0x33, 0x15, 0x01, 0x40, 0xc0, 0xc0, 0x40, 0xc0,
    0x40, 0xff, 0x00, 0x40, 0x40, 0xc0, 0x40, 0x40, 0x40, 0x40, 0x80, 0x40, 0x40, 0x40, 0x40, 0x40,
    0x40, 0x01, 0x40, 0x40, 0x40, 0xfe, 0xc0, 0x01, 0x40, 0x40, 0x40, 0x40, 0x40, 0x40, 0x40, 0x40,
    0x40, 0x40, 0x40, 0x40, 0x00, 0x06, 0x00, 0x00, 0x00, 0x00, 0x01, 0x80, 0x02, 0x40, 0x00, 0x0d,
    0x00, 0x11, 0x00, 0x15, 0x00, 0x19, 0x00, 0x1d, 0x00, 0x25, 0x00, 0x00, 0x37, 0x35, 0x33, 0x35,
    0x23, 0x35, 0x33, 0x15, 0x23, 0x15, 0x33, 0x15, 0x23, 0x35, 0x03, 0x35, 0x33, 0x15, 0x3d, 0x01,
    0x33, 0x15, 0x2b, 0x01, 0x35, 0x33, 0x31, 0x35, 0x33, 0x15, 0x11, 0x15, 0x23, 0x11, 0x23, 0x35,
    0x33, 0x11, 0xc0, 0x40, 0x40, 0xc0, 0x40, 0x40, 0x80, 0x80, 0x40, 0x40, 0x80, 0x40, 0x40, 0x40,
    0x80, 0x40, 0x80, 0x40, 0x40, 0x80, 0x40, 0x40, 0xc0, 0x40, 0x40, 0x01, 0x40, 0x40, 0x40, 0x40,
    0x40, 0x40, 0x40, 0x40, 0x40, 0xfe, 0x40, 0x40, 0x01, 0x00, 0x40, 0xff, 0x00, 0x00, 0x00, 0x00,
    0x00, 0x07, 0x00, 0x00, 0x00, 0x00, 0x01, 0xc0, 0x02, 0x80, 0x00, 0x03, 0x00, 0x07, 0x00, 0x0b,
    0x00, 0x13, 0x00, 0x1b, 0x00, 0x1f, 0x00, 0x23, 0x00, 0x00, 0x01, 0x35, 0x33, 0x15, 0x21, 0x35,
    0x33, 0x15, 0x13, 0x15, 0x23, 0x35, 0x33, 0x11, 0x23, 0x35, 0x33, 0x15, 0x23, 0x11, 0x21, 0x23,
    0x11, 0x23, 0x35, 0x33, 0x15, 0x23, 0x37, 0x35, 0x33, 0x15, 0x21, 0x35, 0x33, 0x15, 0x01, 0x00,
    0x40, 0xff, 0x00, 0x40, 0xc0, 0xc0, 0xc0, 0x40, 0xc0, 0x40, 0xff, 0x00, 0x40, 0x40, 0xc0, 0x40,
    0xc0, 0x40, 0xff, 0x00, 0x40, 0x02, 0x00, 0x40, 0x40, 0x40, 0x40, 0xfe, 0x40, 0x40, 0x40, 0x01,
    0x40, 0x40, 0x40, 0xfe, 0xc0, 0x01, 0x40, 0x40, 0x40, 0xc0, 0x40, 0x40, 0x40, 0x40, 0x00, 0x00,
    0x00, 0x06, 0x00, 0x00, 0x00, 0x00, 0x01, 0x80, 0x02, 0x00, 0x00, 0x0d, 0x00, 0x11, 0x00, 0x15,
    0x00, 0x19, 0x00, 0x1d, 0x00, 0x25, 0x00, 0x00, 0x37, 0x35, 0x33, 0x35, 0x23, 0x35, 0x33, 0x15,
    0x23, 0x15, 0x33, 0x15, 0x23, 0x35, 0x11, 0x35, 0x33, 0x15, 0x21, 0x35, 0x33, 0x15, 0x37, 0x35,
    0x33, 0x15, 0x21, 0x35, 0x33, 0x15, 0x11, 0x15, 0x23, 0x11, 0x23, 0x35, 0x33, 0x11, 0xc0, 0x40,
    0x40, 0xc0, 0x40, 0x40, 0x80, 0x40, 0xff, 0x00, 0x40, 0xc0, 0x40, 0xff, 0x00, 0x40, 0x80, 0x40,
    0x80, 0x40, 0x40, 0x80, 0x40, 0x40, 0xc0, 0x40, 0x40, 0x01, 0x40, 0x40, 0x40, 0x40, 0x40, 0x40,
    0x40, 0x40, 0x40, 0x40, 0xfe, 0x80, 0x40, 0x01, 0x00, 0x40, 0xff, 0x00, 0x00, 0x03, 0x00, 0x00,
    0xff, 0x80, 0x01, 0xc0, 0x01, 0xc0, 0x00, 0x09, 0x00, 0x11, 0x00, 0x19, 0x00, 0x00, 0x17, 0x35,
    0x23, 0x35, 0x33, 0x15, 0x23, 0x15, 0x33, 0x15, 0x35, 0x11, 0x23, 0x35, 0x33, 0x15, 0x23, 0x11,
    0x21, 0x23, 0x11, 0x23, 0x35, 0x33, 0x15, 0x23, 0xc0, 0x40, 0xc0, 0x40, 0x40, 0x40, 0xc0, 0x40,
    0xff, 0x00, 0x40, 0x40, 0xc0, 0x40, 0x80, 0x80, 0x40, 0x40, 0x40, 0x40, 0xc0, 0x01, 0x40, 0x40,
    0x40, 0xfe, 0xc0, 0x01, 0x40, 0x40, 0x40, 0x00, 0x00, 0x02, 0x00, 0x00, 0xff, 0x80, 0x01, 0x80,
    0x01, 0x40, 0x00, 0x11, 0x00, 0x19, 0x00, 0x00, 0x37, 0x35, 0x33, 0x35, 0x23, 0x35, 0x33, 0x15,
    0x23, 0x15, 0x33, 0x15, 0x23, 0x15, 0x33, 0x15, 0x23, 0x35, 0x23, 0x15, 0x23, 0x11, 0x23, 0x35,
    0x33, 0x11, 0xc0, 0x40, 0x40, 0xc0, 0x40, 0x40, 0x40, 0x40, 0x80, 0x40, 0x80, 0x40, 0x80, 0x40,
    0x40, 0x80, 0x40, 0x40, 0xc0, 0x40, 0x40, 0x40, 0xc0, 0x40, 0x01, 0x00, 0x40, 0xff, 0x00, 0x00,
    0x00, 0x0a, 0x00, 0x00, 0x00, 0x00, 0x02, 0x40, 0x02, 0x80, 0x00, 0x03, 0x00, 0x07, 0x00, 0x0b,
    0x00, 0x0f, 0x00, 0x17, 0x00, 0x1b, 0x00, 0x1f, 0x00, 0x27, 0x00, 0x2b, 0x00, 0x2f, 0x00, 0x00,
    0x21, 0x35, 0x33, 0x15, 0x21, 0x35, 0x33, 0x15, 0x13, 0x35, 0x33, 0x15, 0x23, 0x35, 0x33, 0x15,
    0x13, 0x11, 0x23, 0x35, 0x33, 0x15, 0x23, 0x11, 0x2b, 0x01, 0x35, 0x33, 0x07, 0x35, 0x33, 0x15,
    0x2b, 0x01, 0x11, 0x23, 0x35, 0x33, 0x15, 0x23, 0x17, 0x35, 0x33, 0x15, 0x03, 0x35, 0x33, 0x15,
    0x01, 0x80, 0x40, 0xfe, 0xc0, 0x40, 0x80, 0x40, 0xc0, 0x40, 0xc0, 0x40, 0xc0, 0x40, 0x80, 0x40,
    0x40, 0xc0, 0x40, 0x80, 0x40, 0x40, 0xc0, 0x40, 0x80, 0x40, 0x40, 0x40, 0x80, 0x80, 0x80, 0x80,
    0x02, 0x00, 0x40, 0x40, 0x40, 0x40, 0xfe, 0x80, 0x01, 0x00, 0x40, 0x40, 0xff, 0x00, 0xc0, 0xc0,
    0xc0, 0xc0, 0x01, 0x00, 0x40, 0x40, 0x40, 0x80, 0x80, 0x01, 0x00, 0x40, 0x40, 0x00, 0x00, 0x00,
    0x00, 0x08, 0x00, 0x00, 0x00, 0x00, 0x01, 0xc0, 0x02, 0x00, 0x00, 0x03, 0x00, 0x07, 0x00, 0x0b,
    0x00, 0x0f, 0x00, 0x15, 0x00, 0x19, 0x00, 0x1f, 0x00, 0x23, 0x00, 0x00, 0x21, 0x35, 0x33, 0x15,
    0x23, 0x35, 0x33, 0x15, 0x13, 0x35, 0x33, 0x15, 0x23, 0x35, 0x33, 0x15, 0x13, 0x35, 0x33, 0x15,
    0x23, 0x15, 0x23, 0x35, 0x33, 0x15, 0x2b, 0x01, 0x35, 0x23, 0x35, 0x33, 0x37, 0x35, 0x33, 0x15,
    0x01, 0x00, 0x40, 0xc0, 0x40, 0x40, 0x40, 0xc0, 0x40, 0x80, 0x80, 0x40, 0xc0, 0x40, 0x80, 0x40,
    0x40, 0x80, 0x40, 0x40, 0x80, 0x80, 0x80, 0x80, 0x01, 0x80, 0x40, 0x40, 0x40, 0x40, 0xff, 0x00,
    0xc0, 0x40, 0x80, 0xc0, 0xc0, 0x80, 0x40, 0x80, 0x40, 0x40, 0x00, 0x00, 0x00, 0x08, 0x00, 0x00,
    0x00, 0x00, 0x01, 0xc0, 0x02, 0x80, 0x00, 0x03, 0x00, 0x07, 0x00, 0x0f, 0x00, 0x13, 0x00, 0x17,
    0x00, 0x1f, 0x00, 0x27, 0x00, 0x2b, 0x00, 0x00, 0x01, 0x35, 0x33, 0x15, 0x23, 0x35, 0x33, 0x15,
    0x03, 0x35, 0x33, 0x35, 0x33, 0x15, 0x33, 0x15, 0x03, 0x35, 0x33, 0x15, 0x2b, 0x01, 0x35, 0x3b,
    0x01, 0x35, 0x23, 0x35, 0x33, 0x15, 0x23, 0x15, 0x21, 0x23, 0x35, 0x23, 0x35, 0x33, 0x15, 0x23,
    0x37, 0x35, 0x33, 0x15, 0x01, 0x00, 0x40, 0xc0, 0x40, 0x40, 0x40, 0x40, 0x40, 0x40, 0x40, 0x80,
    0x40, 0x40, 0x80, 0x40, 0xc0, 0x40, 0xff, 0x00, 0x40, 0x40, 0xc0, 0x40, 0x40, 0x40, 0x02, 0x00,
    0x40, 0x40, 0x40, 0x40, 0xfe, 0x00, 0x40, 0xc0, 0xc0, 0x40, 0x01, 0x00, 0x40, 0x40, 0x40, 0x40,
    0x40, 0x40, 0x40, 0x40, 0x40, 0x40, 0xc0, 0x40, 0x40, 0x00, 0x00, 0x00, 0x00, 0x07, 0x00, 0x00,
    0xff, 0x80, 0x01, 0x40, 0x02, 0x00, 0x00, 0x03, 0x00, 0x07, 0x00, 0x0b, 0x00, 0x0f, 0x00, 0x15,
    0x00, 0x1b, 0x00, 0x1f, 0x00, 0x00, 0x13, 0x35, 0x33, 0x15, 0x23, 0x35, 0x33, 0x15, 0x11, 0x15,
    0x23, 0x35, 0x33, 0x35, 0x33, 0x15, 0x35, 0x11, 0x33, 0x15, 0x23, 0x15, 0x2b, 0x01, 0x35, 0x23,
    0x35, 0x33, 0x3d, 0x01, 0x33, 0x15, 0xc0, 0x40, 0xc0, 0x40, 0x80, 0x80, 0x40, 0x80, 0x40, 0x80,
    0x40, 0x40, 0x80, 0x40, 0x01, 0x80, 0x40, 0x40, 0x40, 0x40, 0xfe, 0x40, 0x40, 0x40, 0x80, 0x80,
    0x80, 0x01, 0x00, 0x40, 0xc0, 0xc0, 0x40, 0x80, 0x40, 0x40, 0x00, 0x00, 0x00, 0x07, 0x00, 0x00,
    0x00, 0x00, 0x01, 0xc0, 0x02, 0x40, 0x00, 0x03, 0x00, 0x07, 0x00, 0x0f, 0x00, 0x13, 0x00, 0x17,
    0x00, 0x1f, 0x00, 0x27, 0x00, 0x00, 0x01, 0x35, 0x33, 0x15, 0x23, 0x35, 0x33, 0x15, 0x03, 0x35,
    0x33, 0x35, 0x33, 0x15, 0x33, 0x15, 0x03, 0x35, 0x33, 0x15, 0x2b, 0x01, 0x35, 0x3b, 0x01, 0x35,
    0x23, 0x35, 0x33, 0x15, 0x23, 0x15, 0x21, 0x23, 0x35, 0x23, 0x35, 0x33, 0x15, 0x23, 0x01, 0x00,
    0x40, 0xc0, 0x40, 0x40, 0x40, 0x40, 0x40, 0x40, 0x40, 0x80, 0x40, 0x40, 0x80, 0x40, 0xc0, 0x40,
    0xff, 0x00, 0x40, 0x40, 0xc0, 0x40, 0x02, 0x00, 0x40, 0x40, 0x40, 0x40, 0xfe, 0x00, 0x40, 0xc0,
    0xc0, 0x40, 0x01, 0x00, 0x40, 0x40, 0x40, 0x40, 0x40, 0x40, 0x40, 0x40, 0x40, 0x40, 0x00, 0x00,
    0x00, 0x07, 0x00, 0x00, 0x00, 0x00, 0x01, 0x40, 0x02, 0x80, 0x00, 0x03, 0x00, 0x07, 0x00, 0x0b,
    0x00, 0x13, 0x00, 0x17, 0x00, 0x1b, 0x00, 0x23, 0x00, 0x00, 0x37, 0x35, 0x33, 0x15, 0x11, 0x35,
    0x33, 0x15, 0x3d, 0x01, 0x33, 0x15, 0x11, 0x35, 0x23, 0x15, 0x23, 0x35, 0x21, 0x15, 0x07, 0x35,
    0x33, 0x15, 0x07, 0x35, 0x33, 0x15, 0x07, 0x15, 0x33, 0x35, 0x33, 0x15, 0x21, 0x35, 0x40, 0x40,
    0x40, 0x40, 0xc0, 0x40, 0x01, 0x40, 0x80, 0x40, 0x80, 0x40, 0x80, 0xc0, 0x40, 0xfe, 0xc0, 0x80,
    0x40, 0x40, 0x01, 0x80, 0x40, 0x40, 0x40, 0x40, 0x40, 0xff, 0x00, 0x40, 0x40, 0x80, 0x80, 0x40,
    0x40, 0x40, 0x40, 0x40, 0x40, 0x40, 0x40, 0x40, 0x80, 0x80, 0x00, 0x00, 0x00, 0x05, 0x00, 0x00,
    0x00, 0x00, 0x01, 0x40, 0x02, 0x00, 0x00, 0x03, 0x00, 0x07, 0x00, 0x0b, 0x00, 0x15, 0x00, 0x1f,
    0x00, 0x00, 0x37, 0x35, 0x33, 0x15, 0x03, 0x35, 0x33, 0x15, 0x3d, 0x01, 0x33, 0x15, 0x03, 0x35,
    0x23, 0x15, 0x23, 0x35, 0x21, 0x15, 0x23, 0x15, 0x07, 0x15, 0x33, 0x35, 0x33, 0x15, 0x21, 0x35,
    0x33, 0x35, 0x80, 0x40, 0x40, 0x40, 0x40, 0x40, 0x80, 0x40, 0x01, 0x40, 0x40, 0x80, 0x80, 0x40,
    0xfe, 0xc0, 0x40, 0x80, 0x40, 0x40, 0x01, 0x00, 0x40, 0x40, 0x40, 0x40, 0x40, 0xff, 0x00, 0x40,
    0x40, 0x80, 0x40, 0x40, 0x40, 0x40, 0x40, 0x80, 0x40, 0x40, 0x00, 0x00, 0x00, 0x06, 0x00, 0x00,
    0x00, 0x00, 0x01, 0x40, 0x02, 0x40, 0x00, 0x03, 0x00, 0x07, 0x00, 0x0f, 0x00, 0x13, 0x00, 0x17,
    0x00, 0x1f, 0x00, 0x00, 0x37, 0x35, 0x33, 0x15, 0x11, 0x35, 0x33, 0x15, 0x17, 0x35, 0x23, 0x15,
    0x23, 0x35, 0x21, 0x15, 0x07, 0x35, 0x33, 0x15, 0x07, 0x35, 0x33, 0x15, 0x07, 0x15, 0x33, 0x35,
    0x33, 0x15, 0x21, 0x35, 0x40, 0x40, 0x40, 0x40, 0xc0, 0x40, 0x01, 0x40, 0x80, 0x40, 0x80, 0x40,
    0x80, 0xc0, 0x40, 0xfe, 0xc0, 0x80, 0x40, 0x40, 0x01, 0x80, 0x40, 0x40, 0xc0, 0x40, 0x40, 0x80,
    0x80, 0x40, 0x40, 0x40, 0x40, 0x40, 0x40, 0x40, 0x40, 0x40, 0x80, 0x80, 0x00, 0x04, 0x00, 0x00,
    0x00, 0x00, 0x01, 0x40, 0x01, 0xc0, 0x00, 0x03, 0x00, 0x07, 0x00, 0x11, 0x00, 0x1b, 0x00, 0x00,
    0x37, 0x35, 0x33, 0x15, 0x03, 0x35, 0x33, 0x1d, 0x01, 0x35, 0x23, 0x15, 0x23, 0x35, 0x21, 0x15,
    0x23, 0x15, 0x07, 0x15, 0x33, 0x35, 0x33, 0x15, 0x21, 0x35, 0x33, 0x35, 0x80, 0x40, 0x40, 0x40,
    0x80, 0x40, 0x01, 0x40, 0x40, 0x80, 0x80, 0x40, 0xfe, 0xc0, 0x40, 0x80, 0x40, 0x40, 0x01, 0x00,
    0x40, 0x40, 0xc0, 0x40, 0x40, 0x80, 0x40, 0x40, 0x40, 0x40, 0x40, 0x80, 0x40, 0x40, 0x00, 0x00,
    0x00, 0x08, 0x00, 0x00, 0x00, 0x00, 0x01, 0x40, 0x02, 0x80, 0x00, 0x03, 0x00, 0x07, 0x00, 0x0b,
    0x00, 0x0f, 0x00, 0x17, 0x00, 0x1b, 0x00, 0x1f, 0x00, 0x27, 0x00, 0x00, 0x37, 0x35, 0x33, 0x15,
    0x11, 0x35, 0x33, 0x15, 0x3d, 0x01, 0x33, 0x15, 0x2b, 0x01, 0x35, 0x33, 0x13, 0x35, 0x23, 0x15,
    0x23, 0x35, 0x21, 0x15, 0x07, 0x35, 0x33, 0x15, 0x07, 0x35, 0x33, 0x15, 0x07, 0x15, 0x33, 0x35,
    0x33, 0x15, 0x21, 0x35, 0x40, 0x40, 0x40, 0x40, 0x80, 0x40, 0x40, 0x80, 0xc0, 0x40, 0x01, 0x40,
    0x80, 0x40, 0x80, 0x40, 0x80, 0xc0, 0x40, 0xfe, 0xc0, 0x80, 0x40, 0x40, 0x01, 0x80, 0x40, 0x40,
    0x40, 0x40, 0x40, 0x40, 0xfe, 0xc0, 0x40, 0x40, 0x80, 0x80, 0x40, 0x40, 0x40, 0x40, 0x40, 0x40,
    0x40, 0x40, 0x40, 0x80, 0x80, 0x00, 0x00, 0x00, 0x00, 0x06, 0x00, 0x00, 0x00, 0x00, 0x01, 0x40,
    0x02, 0x00, 0x00, 0x03, 0x00, 0x07, 0x00, 0x0b, 0x00, 0x0f, 0x00, 0x19, 0x00, 0x23, 0x00, 0x00,
    0x37, 0x35, 0x33, 0x15, 0x03, 0x35, 0x33, 0x15, 0x3d, 0x01, 0x33, 0x15, 0x2b, 0x01, 0x35, 0x33,
    0x13, 0x35, 0x23, 0x15, 0x23, 0x35, 0x21, 0x15, 0x23, 0x15, 0x07, 0x15, 0x33, 0x35, 0x33, 0x15,
    0x21, 0x35, 0x33, 0x35, 0x80, 0x40, 0x40, 0x40, 0x40, 0x80, 0x40, 0x40, 0x40, 0x80, 0x40, 0x01,
    0x40, 0x40, 0x80, 0x80, 0x40, 0xfe, 0xc0, 0x40, 0x80, 0x40, 0x40, 0x01, 0x00, 0x40, 0x40, 0x40,
    0x40, 0x40, 0x40, 0xfe, 0xc0, 0x40, 0x40, 0x80, 0x40, 0x40, 0x40, 0x40, 0x40, 0x80, 0x40, 0x40,
    0x00, 0x02, 0x00, 0x00, 0xff, 0x80, 0x00, 0x80, 0x01, 0xc0, 0x00, 0x03, 0x00, 0x07, 0x00, 0x00,
    0x15, 0x11, 0x33, 0x19, 0x01, 0x35, 0x33, 0x15, 0x40, 0x40, 0x80, 0x02, 0x00, 0xfe, 0x00, 0x02,
    0x00, 0x40, 0x40, 0x00, 0x00, 0x04, 0x00, 0x00, 0x00, 0x00, 0x01, 0xc0, 0x01, 0xc0, 0x00, 0x03,
    0x00, 0x11, 0x00, 0x15, 0x00, 0x19, 0x00, 0x00, 0x01, 0x23, 0x15, 0x33, 0x17, 0x15, 0x21, 0x35,
    0x33, 0x11, 0x23, 0x35, 0x21, 0x15, 0x33, 0x15, 0x23, 0x15, 0x27, 0x35, 0x33, 0x15, 0x05, 0x33,
    0x15, 0x23, 0x01, 0x40, 0x80, 0x80, 0x40, 0xfe, 0xc0, 0x40, 0x40, 0x01, 0x00, 0x40, 0xc0, 0xc0,
    0x40, 0x01, 0x40, 0x40, 0x40, 0x01, 0x80, 0x80, 0xc0, 0x40, 0x40, 0x01, 0x40, 0x40, 0x40, 0xc0,
    0x80, 0xc0, 0x80, 0x80, 0x40, 0x80, 0x00, 0x00, 0x00, 0x07, 0x00, 0x00, 0x00, 0x00, 0x01, 0xc0,
    0x01, 0xc0, 0x00, 0x07, 0x00, 0x0b, 0x00, 0x0f, 0x00, 0x13, 0x00, 0x17, 0x00, 0x1b, 0x00, 0x1f,
    0x00, 0x00, 0x37, 0x23, 0x15, 0x23, 0x35, 0x33, 0x15, 0x33, 0x27, 0x35, 0x33, 0x15, 0x01, 0x35,
    0x33, 0x15, 0x3d, 0x01, 0x33, 0x15, 0x27, 0x23, 0x35, 0x33, 0x23, 0x21, 0x35, 0x21, 0x03, 0x33,
    0x15, 0x23, 0x80, 0x40, 0x40, 0x40, 0x40, 0x80, 0x40, 0x01, 0x00, 0x40, 0x40, 0x40, 0x40, 0x40,
    0x40, 0xff, 0x00, 0x01, 0x00, 0xc0, 0xc0, 0xc0, 0x40, 0x40, 0xc0, 0x40, 0xc0, 0x40, 0x40, 0xff,
    0x00, 0x40, 0x40, 0x40, 0xc0, 0xc0, 0xc0, 0x40, 0x40, 0xfe, 0x80, 0x40, 0x00, 0x02, 0x00, 0x00,
    0x00, 0x00, 0x01, 0xc0, 0x01, 0xc0, 0x00, 0x0b, 0x00, 0x1f, 0x00, 0x00, 0x25, 0x35, 0x33, 0x35,
    0x23, 0x35, 0x23, 0x15, 0x33, 0x15, 0x23, 0x15, 0x07, 0x35, 0x33, 0x35, 0x23, 0x35, 0x33, 0x35,
    0x23, 0x35, 0x21, 0x15, 0x33, 0x15, 0x33, 0x15, 0x23, 0x15, 0x23, 0x15, 0x01, 0x40, 0x40, 0x40,
    0xc0, 0x80, 0x80, 0x80, 0x40, 0x40, 0x40, 0x40, 0x01, 0x40, 0x40, 0x40, 0x40, 0x40, 0x40, 0x40,
    0xc0, 0x40, 0x80, 0x40, 0x80, 0x40, 0x40, 0x80, 0x40, 0x80, 0x40, 0x40, 0x40, 0xc0, 0x40, 0x40,
    0x00, 0x03, 0x00, 0x00, 0x00, 0x00, 0x02, 0x00, 0x01, 0xc0, 0x00, 0x03, 0x00, 0x0b, 0x00, 0x1b,
    0x00, 0x00, 0x11, 0x35, 0x33, 0x15, 0x05, 0x35, 0x33, 0x35, 0x23, 0x35, 0x23, 0x11, 0x07, 0x35,
    0x33, 0x11, 0x23, 0x35, 0x21, 0x15, 0x33, 0x15, 0x33, 0x15, 0x23, 0x15, 0x23, 0x15, 0x40, 0x01,
    0x40, 0x40, 0x40, 0xc0, 0x80, 0x40, 0x40, 0x01, 0x40, 0x40, 0x40, 0x40, 0x40, 0x01, 0x00, 0x80,
    0x80, 0xc0, 0x40, 0xc0, 0x40, 0xfe, 0xc0, 0x40, 0x40, 0x01, 0x40, 0x40, 0x40, 0x40, 0xc0, 0x40,
    0x40, 0x00, 0x00, 0x00, 0x00, 0x07, 0x00, 0x00, 0x00, 0x00, 0x01, 0xc0, 0x01, 0xc0, 0x00, 0x03,
    0x00, 0x07, 0x00, 0x0b, 0x00, 0x15, 0x00, 0x19, 0x00, 0x1f, 0x00, 0x23, 0x00, 0x00, 0x25, 0x15,
    0x23, 0x35, 0x33, 0x35, 0x33, 0x15, 0x21, 0x23, 0x35, 0x33, 0x21, 0x35, 0x21, 0x15, 0x23, 0x35,
    0x21, 0x35, 0x33, 0x15, 0x27, 0x23, 0x35, 0x33, 0x05, 0x35, 0x33, 0x15, 0x33, 0x15, 0x37, 0x23,
    0x35, 0x33, 0x01, 0x40, 0xc0, 0xc0, 0x40, 0xff, 0x00, 0x40, 0x40, 0x01, 0x00, 0xfe, 0xc0, 0x40,
    0x01, 0x80, 0x40, 0x40, 0x40, 0x40, 0xfe, 0x80, 0x40, 0x40, 0xc0, 0xc0, 0xc0, 0x40, 0x40, 0x40,
    0x40, 0x40, 0x40, 0x40, 0x40, 0x80, 0x40, 0xc0, 0xc0, 0x40, 0x40, 0x80, 0x40, 0x40, 0x40, 0x40,
    0x00, 0x07, 0x00, 0x00, 0x00, 0x00, 0x01, 0x40, 0x01, 0xc0, 0x00, 0x03, 0x00, 0x07, 0x00, 0x0b,
    0x00, 0x0f, 0x00, 0x13, 0x00, 0x19, 0x00, 0x1d, 0x00, 0x00, 0x25, 0x15, 0x23, 0x35, 0x33, 0x35,
    0x33, 0x15, 0x21, 0x23, 0x35, 0x33, 0x37, 0x15, 0x23, 0x35, 0x31, 0x23, 0x35, 0x33, 0x17, 0x35,
    0x33, 0x35, 0x33, 0x15, 0x27, 0x23, 0x35, 0x33, 0x01, 0x00, 0xc0, 0xc0, 0x40, 0xff, 0x00, 0x40,
    0x40, 0x80, 0x80, 0x40, 0x40, 0x80, 0x40, 0x40, 0x80, 0x80, 0x80, 0x40, 0x40, 0x40, 0x40, 0x40,
    0x80, 0x40, 0x40, 0x40, 0x80, 0x40, 0x40, 0x40, 0x80, 0x40, 0x40, 0x00, 0x00, 0x02, 0x00, 0x00,
    0xff, 0x80, 0x01, 0x80, 0x01, 0xc0, 0x00, 0x03, 0x00, 0x15, 0x00, 0x00, 0x15, 0x35, 0x33, 0x15,
    0x13, 0x35, 0x23, 0x11, 0x23, 0x11, 0x23, 0x35, 0x21, 0x15, 0x23, 0x35, 0x23, 0x15, 0x33, 0x35,
    0x33, 0x15, 0x40, 0x80, 0x40, 0x40, 0x40, 0x01, 0x80, 0x40, 0xc0, 0x40, 0x40, 0x80, 0x40, 0x40,
    0x01, 0x00, 0x40, 0xff, 0x00, 0x01, 0xc0, 0x40, 0x80, 0x40, 0x80, 0x40, 0xc0, 0x00, 0x00, 0x00,
    0x00, 0x03, 0x00, 0x00, 0xff, 0x80, 0x01, 0x00, 0x01, 0xc0, 0x00, 0x03, 0x00, 0x0f, 0x00, 0x13,
    0x00, 0x00, 0x15, 0x11, 0x33, 0x19, 0x01, 0x35, 0x23, 0x35, 0x33, 0x35, 0x33, 0x15, 0x33, 0x15,
    0x23, 0x15, 0x13, 0x15, 0x23, 0x35, 0x40, 0x40, 0x40, 0x40, 0x80, 0x80, 0x80, 0x80, 0x80, 0x01,
    0x00, 0xff, 0x00, 0x01, 0x00, 0x80, 0x40, 0x40, 0x40, 0x40, 0x80, 0x01, 0x40, 0x40, 0x40, 0x00,
    0x00, 0x07, 0x00, 0x00, 0x00, 0x00, 0x02, 0x00, 0x02, 0x00, 0x00, 0x09, 0x00, 0x0d, 0x00, 0x11,
    0x00, 0x19, 0x00, 0x1d, 0x00, 0x21, 0x00, 0x25, 0x00, 0x00, 0x25, 0x35, 0x33, 0x35, 0x23, 0x35,
    0x21, 0x11, 0x23, 0x35, 0x21, 0x23, 0x35, 0x33, 0x2b, 0x01, 0x35, 0x33, 0x21, 0x35, 0x33, 0x35,
    0x33, 0x15, 0x23, 0x15, 0x21, 0x35, 0x33, 0x15, 0x37, 0x23, 0x35, 0x33, 0x11, 0x15, 0x23, 0x35,
    0x01, 0x40, 0x40, 0xc0, 0x01, 0x00, 0x40, 0xff, 0x00, 0x40, 0x40, 0x40, 0x40, 0x40, 0x01, 0x00,
    0x40, 0x80, 0x40, 0xfe, 0x80, 0x40, 0xc0, 0xc0, 0xc0, 0xc0, 0x40, 0x40, 0x40, 0x40, 0xff, 0x00,
    0x40, 0x40, 0xc0, 0x40, 0x80, 0x40, 0x80, 0x40, 0x40, 0x40, 0x40, 0xfe, 0x80, 0x40, 0x40, 0x00,
    0x00, 0x08, 0x00, 0x00, 0xff, 0x80, 0x01, 0xc0, 0x01, 0xc0, 0x00, 0x03, 0x00, 0x07, 0x00, 0x0b,
    0x00, 0x0f, 0x00, 0x13, 0x00, 0x17, 0x00, 0x1f, 0x00, 0x27, 0x00, 0x00, 0x17, 0x35, 0x33, 0x15,
    0x3d, 0x01, 0x33, 0x15, 0x2b, 0x01, 0x35, 0x33, 0x31, 0x35, 0x33, 0x15, 0x3d, 0x01, 0x33, 0x15,
    0x2b, 0x01, 0x35, 0x3b, 0x01, 0x35, 0x23, 0x35, 0x33, 0x15, 0x23, 0x15, 0x21, 0x23, 0x35, 0x23,
    0x35, 0x33, 0x15, 0x23, 0xc0, 0x40, 0x40, 0x80, 0x40, 0x40, 0x40, 0x40, 0x80, 0x40, 0x40, 0x80,
    0x40, 0xc0, 0x40, 0xff, 0x00, 0x40, 0x40, 0xc0, 0x40, 0x80, 0x40, 0x40, 0x40, 0x80, 0x80, 0x80,
    0x80, 0x80, 0x80, 0x80, 0x80, 0x80, 0x40, 0x40, 0x40, 0x40, 0x40, 0x40, 0x40, 0x00, 0x00, 0x00,
    0x00, 0x01, 0x00, 0x00, 0x00, 0x00, 0x00, 0xc0, 0x01, 0xc0, 0x00, 0x13, 0x00, 0x00, 0x31, 0x35,
    0x33, 0x35, 0x23, 0x35, 0x33, 0x35, 0x23, 0x35, 0x33, 0x15, 0x23, 0x15, 0x33, 0x15, 0x23, 0x15,
    0x33, 0x15, 0x40, 0x40, 0x40, 0x40, 0xc0, 0x40, 0x40, 0x40, 0x40, 0x40, 0x80, 0x40, 0x80, 0x40,
    0x40, 0x80, 0x40, 0x80, 0x40, 0x00, 0x00, 0x00, 0x00, 0x07, 0x00, 0x00, 0x00, 0x00, 0x01, 0xc0,
    0x01, 0xc0, 0x00, 0x0f, 0x00, 0x13, 0x00, 0x19, 0x00, 0x1d, 0x00, 0x21, 0x00, 0x25, 0x00, 0x29,
    0x00, 0x00, 0x37, 0x23, 0x15, 0x33, 0x15, 0x23, 0x35, 0x33, 0x11, 0x23, 0x35, 0x33, 0x15, 0x23,
    0x15, 0x33, 0x37, 0x35, 0x33, 0x15, 0x03, 0x35, 0x33, 0x15, 0x33, 0x15, 0x03, 0x35, 0x33, 0x15,
    0x3d, 0x01, 0x33, 0x15, 0x3d, 0x01, 0x33, 0x15, 0x07, 0x33, 0x15, 0x23, 0xc0, 0x40, 0x40, 0xc0,
    0x40, 0x40, 0xc0, 0x40, 0x40, 0xc0, 0x40, 0xc0, 0x40, 0x40, 0xc0, 0x40, 0x40, 0x40, 0xc0, 0x40,
    0x40, 0xc0, 0x80, 0x40, 0x40, 0x01, 0x40, 0x40, 0x40, 0x80, 0x40, 0x40, 0x40, 0xfe, 0xc0, 0x80,
    0x40, 0x40, 0x01, 0x00, 0x40, 0x40, 0x40, 0x40, 0x40, 0x40, 0x40, 0x40, 0xc0, 0x40, 0x00, 0x00,
    0x00, 0x04, 0x00, 0x00, 0x00, 0x00, 0x01, 0x80, 0x01, 0xc0, 0x00, 0x05, 0x00, 0x13, 0x00, 0x17,
    0x00, 0x1b, 0x00, 0x00, 0x21, 0x35, 0x33, 0x15, 0x33, 0x15, 0x21, 0x35, 0x33, 0x11, 0x33, 0x15,
    0x33, 0x35, 0x33, 0x15, 0x23, 0x15, 0x33, 0x15, 0x13, 0x15, 0x23, 0x3d, 0x01, 0x15, 0x23, 0x35,
    0x01, 0x00, 0x40, 0x40, 0xfe, 0x80, 0x40, 0x40, 0x40, 0x40, 0x80, 0x40, 0xc0, 0x80, 0x80, 0x80,
    0x40, 0x40, 0x40, 0x01, 0x40, 0xc0, 0x40, 0x80, 0x40, 0x40, 0x01, 0x40, 0x40, 0x40, 0x80, 0x40,
    0x40, 0x00, 0x00, 0x00, 0x00, 0x04, 0x00, 0x00, 0xff, 0x80, 0x01, 0xc0, 0x01, 0xc0, 0x00, 0x09,
    0x00, 0x0d, 0x00, 0x19, 0x00, 0x1d, 0x00, 0x00, 0x13, 0x23, 0x11, 0x23, 0x11, 0x23, 0x35, 0x33,
    0x15, 0x33, 0x03, 0x35, 0x33, 0x15, 0x25, 0x35, 0x23, 0x35, 0x33, 0x35, 0x23, 0x35, 0x33, 0x15,
    0x23, 0x11, 0x03, 0x33, 0x15, 0x23, 0xc0, 0x40, 0x40, 0x40, 0x80, 0x40, 0xc0, 0x40, 0x01, 0x00,
    0x40, 0x40, 0x40, 0xc0, 0x40, 0xc0, 0x40, 0x40, 0x01, 0x00, 0xfe, 0xc0, 0x01, 0xc0, 0x40, 0x40,
    0xfe, 0x00, 0x40, 0x40, 0x80, 0x40, 0x80, 0xc0, 0x40, 0x40, 0xfe, 0x80, 0x01, 0x00, 0x40, 0x00,
    0x00, 0x08, 0x00, 0x00, 0x00, 0x00, 0x02, 0x00, 0x02, 0x00, 0x00, 0x03, 0x00, 0x07, 0x00, 0x0b,
    0x00, 0x11, 0x00, 0x15, 0x00, 0x19, 0x00, 0x1d, 0x00, 0x21, 0x00, 0x00, 0x25, 0x15, 0x23, 0x35,
    0x33, 0x35, 0x33, 0x15, 0x21, 0x23, 0x35, 0x33, 0x21, 0x35, 0x23, 0x35, 0x33, 0x11, 0x21, 0x23,
    0x35, 0x33, 0x31, 0x35, 0x33, 0x15, 0x25, 0x35, 0x33, 0x15, 0x2b, 0x01, 0x35, 0x33, 0x01, 0x40,
    0xc0, 0xc0, 0x40, 0xff, 0x00, 0x40, 0x40, 0x01, 0x00, 0x40, 0x80, 0xfe, 0x80, 0x40, 0x40, 0x40,
    0x01, 0x40, 0x40, 0xc0, 0xc0, 0xc0, 0x40, 0x40, 0x40, 0x40, 0x40, 0x40, 0xc0, 0x40, 0xff, 0x00,
    0xc0, 0x40, 0x40, 0x40, 0x80, 0x80, 0x40, 0x00, 0x00, 0x05, 0x00, 0x00, 0x00, 0x00, 0x01, 0xc0,
    0x01, 0x80, 0x00, 0x03, 0x00, 0x09, 0x00, 0x0d, 0x00, 0x11, 0x00, 0x15, 0x00, 0x00, 0x25, 0x15,
    0x23, 0x35, 0x33, 0x35, 0x33, 0x15, 0x23, 0x15, 0x21, 0x23, 0x35, 0x33, 0x21, 0x35, 0x33, 0x15,
    0x2b, 0x01, 0x35, 0x33, 0x01, 0x00, 0xc0, 0xc0, 0x80, 0x40, 0xff, 0x00, 0x40, 0x40, 0x01, 0x40,
    0x40, 0xc0, 0xc0, 0xc0, 0x40, 0x40, 0x40, 0xc0, 0x40, 0x80, 0xc0, 0x80, 0x80, 0x40, 0x00, 0x00,
    0x00, 0x0a, 0x00, 0x00, 0xff, 0x80, 0x02, 0x40, 0x01, 0xc0, 0x00, 0x07, 0x00, 0x0b, 0x00, 0x0f,
    0x00, 0x13, 0x00, 0x17, 0x00, 0x1b, 0x00, 0x1f, 0x00, 0x23, 0x00, 0x27, 0x00, 0x2b, 0x00, 0x00,
    0x05, 0x35, 0x33, 0x11, 0x33, 0x11, 0x33, 0x15, 0x25, 0x15, 0x23, 0x35, 0x33, 0x35, 0x33, 0x15,
    0x2b, 0x01, 0x35, 0x3b, 0x01, 0x35, 0x33, 0x15, 0x21, 0x23, 0x35, 0x33, 0x21, 0x23, 0x35, 0x33,
    0x05, 0x35, 0x33, 0x15, 0x25, 0x23, 0x35, 0x33, 0x07, 0x23, 0x35, 0x33, 0x01, 0x80, 0x40, 0x40,
    0x40, 0xfe, 0xc0, 0x80, 0x80, 0x40, 0xc0, 0x40, 0x40, 0xc0, 0x40, 0xfe, 0xc0, 0x40, 0x40, 0x01,
    0x00, 0x40, 0x40, 0xff, 0x00, 0x40, 0x01, 0x40, 0x80, 0x80, 0xc0, 0x80, 0x80, 0x80, 0x40, 0x01,
    0xc0, 0xfe, 0x40, 0x40, 0xc0, 0x40, 0x40, 0x40, 0x40, 0x40, 0xc0, 0xc0, 0xc0, 0x40, 0x40, 0x40,
    0x40, 0x40, 0x40, 0x40, 0x40, 0x00, 0x00, 0x00, 0x00, 0x05, 0x00, 0x00, 0xff, 0x80, 0x01, 0xc0,
    0x01, 0x40, 0x00, 0x03, 0x00, 0x07, 0x00, 0x0b, 0x00, 0x13, 0x00, 0x17, 0x00, 0x00, 0x37, 0x35,
    0x33, 0x15, 0x2b, 0x01, 0x35, 0x3b, 0x01, 0x23, 0x35, 0x33, 0x17, 0x35, 0x33, 0x11, 0x33, 0x15,
    0x23, 0x11, 0x07, 0x15, 0x23, 0x35, 0xc0, 0x40, 0xc0, 0x40, 0x40, 0x80, 0x80, 0x80, 0x40, 0x80,
    0x40, 0x80, 0x80, 0x80, 0x40, 0xc0, 0xc0, 0xc0, 0x40, 0x40, 0x40, 0xfe, 0x80, 0x40, 0x01, 0x80,
    0xc0, 0x40, 0x40, 0x00, 0x00, 0x04, 0x00, 0x00, 0x00, 0x00, 0x02, 0x00, 0x02, 0x00, 0x00, 0x03,
    0x00, 0x0d, 0x00, 0x15, 0x00, 0x19, 0x00, 0x00, 0x25, 0x15, 0x23, 0x35, 0x33, 0x11, 0x23, 0x35,
    0x33, 0x15, 0x33, 0x15, 0x23, 0x11, 0x21, 0x23, 0x11, 0x23, 0x35, 0x33, 0x15, 0x23, 0x21, 0x35,
    0x33, 0x15, 0x01, 0x40, 0xc0, 0xc0, 0x40, 0x80, 0x40, 0x40, 0xff, 0x00, 0x40, 0x40, 0xc0, 0x40,
    0x01, 0x40, 0x40, 0x40, 0x40, 0x40, 0x01, 0x40, 0x40, 0x40, 0x40, 0xff, 0x00, 0x01, 0x40, 0x40,
    0x40, 0x80, 0x80, 0x00, 0x00, 0x03, 0x00, 0x00, 0x00, 0x00, 0x01, 0xc0, 0x01, 0x80, 0x00, 0x0f,
    0x00, 0x13, 0x00, 0x1b, 0x00, 0x00, 0x37, 0x35, 0x33, 0x35, 0x23, 0x35, 0x33, 0x15, 0x33, 0x15,
    0x23, 0x15, 0x33, 0x15, 0x23, 0x35, 0x37, 0x35, 0x33, 0x15, 0x05, 0x15, 0x23, 0x11, 0x23, 0x35,
    0x33, 0x11, 0xc0, 0x40, 0x40, 0x80, 0x40, 0x40, 0x40, 0x80, 0x80, 0x40, 0xff, 0x00, 0x80, 0x40,
    0x80, 0x40, 0x40, 0x80, 0x40, 0x40, 0x40, 0x80, 0x40, 0x40, 0xc0, 0x80, 0x80, 0xc0, 0x40, 0x01,
    0x00, 0x40, 0xff, 0x00, 0x00, 0x04, 0x00, 0x00, 0x00, 0x00, 0x01, 0x80, 0x01, 0xc0, 0x00, 0x03,
    0x00, 0x07, 0x00, 0x0f, 0x00, 0x13, 0x00, 0x00, 0x25, 0x15, 0x23, 0x35, 0x33, 0x11, 0x33, 0x11,
    0x21, 0x23, 0x11, 0x23, 0x35, 0x33, 0x15, 0x23, 0x33, 0x23, 0x35, 0x33, 0x01, 0x40, 0xc0, 0xc0,
    0x40, 0xff, 0x00, 0x40, 0x40, 0xc0, 0x40, 0xc0, 0x40, 0x40, 0x40, 0x40, 0x40, 0x01, 0x40, 0xfe,
    0xc0, 0x01, 0x40, 0x40, 0x40, 0x40, 0x00, 0x00, 0x00, 0x07, 0x00, 0x00, 0x00, 0x00, 0x02, 0x00,
    0x01, 0xc0, 0x00, 0x03, 0x00, 0x0b, 0x00, 0x0f, 0x00, 0x13, 0x00, 0x17, 0x00, 0x1f, 0x00, 0x23,
    0x00, 0x00, 0x01, 0x35, 0x33, 0x15, 0x01, 0x35, 0x33, 0x35, 0x33, 0x15, 0x33, 0x15, 0x03, 0x35,
    0x33, 0x15, 0x2b, 0x01, 0x35, 0x3b, 0x01, 0x35, 0x33, 0x15, 0x21, 0x23, 0x35, 0x23, 0x35, 0x33,
    0x15, 0x23, 0x21, 0x35, 0x33, 0x15, 0x01, 0xc0, 0x40, 0xfe, 0x80, 0x40, 0x40, 0x40, 0x40, 0x40,
    0x80, 0x40, 0x40, 0x80, 0x40, 0xff, 0x00, 0x40, 0x40, 0xc0, 0x40, 0x01, 0x00, 0x40, 0x01, 0x40,
    0x40, 0x40, 0xfe, 0xc0, 0x40, 0xc0, 0xc0, 0x40, 0x01, 0x00, 0x40, 0x40, 0x40, 0x40, 0x40, 0x40,
    0x40, 0x40, 0x40, 0x40, 0x00, 0x06, 0x00, 0x00, 0xff, 0x80, 0x01, 0x80, 0x01, 0xc0, 0x00, 0x03,
    0x00, 0x07, 0x00, 0x0b, 0x00, 0x0f, 0x00, 0x15, 0x00, 0x19, 0x00, 0x00, 0x01, 0x35, 0x33, 0x15,
    0x01, 0x15, 0x23, 0x35, 0x33, 0x35, 0x33, 0x15, 0x35, 0x11, 0x33, 0x11, 0x2b, 0x01, 0x35, 0x23,
    0x35, 0x33, 0x37, 0x35, 0x33, 0x15, 0x01, 0x40, 0x40, 0xff, 0x00, 0x80, 0x80, 0x40, 0x40, 0x80,
    0x40, 0x40, 0x80, 0x80, 0x40, 0x01, 0x40, 0x40, 0x40, 0xfe, 0x80, 0x40, 0x40, 0x80, 0x80, 0x80,
    0x01, 0x40, 0xfe, 0xc0, 0xc0, 0x40, 0x40, 0x40, 0x40, 0x00, 0x00, 0x00, 0x00, 0x05, 0x00, 0x00,
    0x00, 0x00, 0x01, 0x40, 0x01, 0xc0, 0x00, 0x03, 0x00, 0x07, 0x00, 0x11, 0x00, 0x17, 0x00, 0x1b,
    0x00, 0x00, 0x25, 0x35, 0x33, 0x15, 0x21, 0x23, 0x35, 0x33, 0x37, 0x35, 0x23, 0x15, 0x23, 0x35,
    0x21, 0x15, 0x23, 0x1d, 0x01, 0x23, 0x35, 0x33, 0x15, 0x33, 0x1d, 0x01, 0x23, 0x35, 0x01, 0x00,
    0x40, 0xff, 0x00, 0x40, 0x40, 0x80, 0x80, 0x40, 0x01, 0x40, 0x40, 0x80, 0x40, 0x40, 0xc0, 0x40,
    0x80, 0x80, 0x40, 0xc0, 0x40, 0x40, 0x80, 0x40, 0x40, 0x80, 0x80, 0x40, 0xc0, 0x40, 0x40, 0x00,
    0x00, 0x01, 0x00, 0x00, 0x00, 0x00, 0x00, 0x40, 0x01, 0xc0, 0x00, 0x03, 0x00, 0x00, 0x31, 0x11,
    0x33, 0x11, 0x40, 0x01, 0xc0, 0xfe, 0x40, 0x00, 0x00, 0x02, 0x00, 0x00, 0x00, 0x00, 0x00, 0xc0,
    0x01, 0xc0, 0x00, 0x03, 0x00, 0x07, 0x00, 0x00, 0x33, 0x11, 0x33, 0x11, 0x23, 0x11, 0x33, 0x11,
    0x80, 0x40, 0xc0, 0x40, 0x01, 0xc0, 0xfe, 0x40, 0x01, 0xc0, 0xfe, 0x40, 0x00, 0x01, 0x00, 0x00,
    0x00, 0x00, 0x01, 0x40, 0x01, 0xc0, 0x00, 0x13, 0x00, 0x00, 0x33, 0x35, 0x23, 0x35, 0x33, 0x35,
    0x23, 0x35, 0x33, 0x35, 0x33, 0x15, 0x33, 0x15, 0x23, 0x15, 0x33, 0x15, 0x23, 0x15, 0x80, 0x80,
    0x80, 0x80, 0x80, 0x40, 0x80, 0x80, 0x80, 0x80, 0x80, 0x40, 0x40, 0x40, 0x80, 0x80, 0x40, 0x40,
    0x40, 0x80, 0x00, 0x00, 0x00, 0x02, 0x00, 0x00, 0x00, 0x00, 0x00, 0x40, 0x01, 0xc0, 0x00, 0x03,
    0x00, 0x07, 0x00, 0x00, 0x31, 0x35, 0x33, 0x15, 0x27, 0x11, 0x33, 0x11, 0x40, 0x40, 0x40, 0x40,
    0x40, 0x80, 0x01, 0x40, 0xfe, 0xc0, 0x00, 0x00, 0x00, 0x05, 0x00, 0x00, 0x00, 0x00, 0x02, 0x80,
    0x01, 0xc0, 0x00, 0x03, 0x00, 0x19, 0x00, 0x21, 0x00, 0x25, 0x00, 0x29, 0x00, 0x00, 0x21, 0x35,
    0x33, 0x15, 0x21, 0x35, 0x23, 0x35, 0x23, 0x15, 0x33, 0x15, 0x23, 0x35, 0x33, 0x11, 0x23, 0x35,
    0x33, 0x15, 0x33, 0x35, 0x33, 0x15, 0x23, 0x11, 0x37, 0x11, 0x23, 0x35, 0x33, 0x15, 0x23, 0x11,
    0x2b, 0x01, 0x35, 0x33, 0x27, 0x35, 0x23, 0x15, 0x01, 0xc0, 0x40, 0xff, 0x00, 0x40, 0x40, 0x40,
    0xc0, 0x40, 0x40, 0x80, 0x40, 0xc0, 0x40, 0xc0, 0x40, 0xc0, 0x40, 0x80, 0x40, 0x40, 0xc0, 0x40,
    0x40, 0x40, 0x80, 0x80, 0xc0, 0x40, 0x40, 0x01, 0x40, 0x40, 0x40, 0x40, 0x40, 0xfe, 0x80, 0x40,
    0x01, 0x40, 0x40, 0x40, 0xfe, 0xc0, 0x40, 0x80, 0x80, 0x80, 0x00, 0x00, 0x00, 0x05, 0x00, 0x00,
    0xff, 0x80, 0x02, 0x00, 0x01, 0xc0, 0x00, 0x03, 0x00, 0x19, 0x00, 0x1d, 0x00, 0x23, 0x00, 0x27,
    0x00, 0x00, 0x05, 0x35, 0x33, 0x15, 0x27, 0x35, 0x23, 0x35, 0x23, 0x15, 0x33, 0x15, 0x23, 0x35,
    0x33, 0x11, 0x23, 0x35, 0x33, 0x15, 0x33, 0x35, 0x33, 0x15, 0x23, 0x11, 0x13, 0x35, 0x33, 0x15,
    0x03, 0x11, 0x23, 0x35, 0x33, 0x11, 0x01, 0x35, 0x23, 0x15, 0x01, 0x80, 0x40, 0xc0, 0x40, 0x40,
    0x40, 0xc0, 0x40, 0x40, 0x80, 0x40, 0xc0, 0x40, 0x80, 0x40, 0x40, 0x40, 0x80, 0xff, 0x00, 0x40,
    0x80, 0x40, 0x40, 0x80, 0x80, 0x80, 0xc0, 0x40, 0x40, 0x01, 0x40, 0x40, 0x40, 0x40, 0x40, 0xfe,
    0x80, 0x01, 0x80, 0x40, 0x40, 0xfe, 0x40, 0x01, 0x40, 0x40, 0xfe, 0x80, 0x01, 0x40, 0x80, 0x80,
    0x00, 0x06, 0x00, 0x00, 0xff, 0x80, 0x02, 0x00, 0x01, 0xc0, 0x00, 0x03, 0x00, 0x07, 0x00, 0x0d,
    0x00, 0x15, 0x00, 0x21, 0x00, 0x25, 0x00, 0x00, 0x05, 0x35, 0x33, 0x15, 0x11, 0x35, 0x33, 0x15,
    0x03, 0x11, 0x23, 0x35, 0x33, 0x11, 0x25, 0x35, 0x33, 0x35, 0x33, 0x15, 0x33, 0x15, 0x21, 0x35,
    0x33, 0x35, 0x23, 0x35, 0x33, 0x15, 0x33, 0x15, 0x23, 0x15, 0x13, 0x35, 0x33, 0x15, 0x01, 0x80,
    0x40, 0x40, 0x40, 0x40, 0x80, 0xfe, 0xc0, 0x40, 0x40, 0x40, 0xfe, 0x80, 0x40, 0x40, 0x80, 0x40,
    0x40, 0x40, 0x40, 0x80, 0x40, 0x40, 0x02, 0x00, 0x40, 0x40, 0xfe, 0x40, 0x01, 0x40, 0x40, 0xfe,
    0x80, 0x40, 0x40, 0xc0, 0xc0, 0x40, 0x40, 0xc0, 0x40, 0x40, 0x40, 0xc0, 0x01, 0x00, 0x40, 0x40,
    0x00, 0x05, 0x00, 0x00, 0x00, 0x00, 0x01, 0xc0, 0x02, 0x80, 0x00, 0x03, 0x00, 0x1b, 0x00, 0x1f,
    0x00, 0x23, 0x00, 0x27, 0x00, 0x00, 0x13, 0x35, 0x33, 0x15, 0x11, 0x35, 0x33, 0x35, 0x23, 0x15,
    0x33, 0x15, 0x23, 0x35, 0x33, 0x35, 0x33, 0x35, 0x33, 0x15, 0x33, 0x35, 0x33, 0x15, 0x33, 0x15,
    0x33, 0x15, 0x01, 0x35, 0x33, 0x15, 0x3d, 0x01, 0x33, 0x15, 0x2b, 0x01, 0x35, 0x33, 0xc0, 0x40,
    0x40, 0xc0, 0x40, 0xc0, 0x40, 0x40, 0x40, 0x40, 0x40, 0x40, 0x40, 0xff, 0x00, 0x40, 0x40, 0x80,
    0x40, 0x40, 0x02, 0x00, 0x40, 0x40, 0xfe, 0x00, 0x40, 0x40, 0x40, 0x40, 0x40, 0x80, 0xc0, 0xc0,
    0xc0, 0xc0, 0x80, 0x40, 0x01, 0x80, 0x40, 0x40, 0xc0, 0x40, 0x40, 0x40, 0x00, 0x06, 0x00, 0x00,
    0x00, 0x00, 0x01, 0x80, 0x02, 0x00, 0x00, 0x03, 0x00, 0x0f, 0x00, 0x13, 0x00, 0x17, 0x00, 0x1b,
    0x00, 0x1f, 0x00, 0x00, 0x13, 0x35, 0x33, 0x15, 0x03, 0x35, 0x23, 0x35, 0x33, 0x35, 0x33, 0x35,
    0x33, 0x15, 0x33, 0x15, 0x27, 0x35, 0x23, 0x15, 0x37, 0x23, 0x35, 0x33, 0x27, 0x35, 0x33, 0x15,
    0x2b, 0x01, 0x35, 0x33, 0x80, 0x40, 0x80, 0x40, 0x40, 0xc0, 0x40, 0x40, 0x80, 0xc0, 0xc0, 0xc0,
    0xc0, 0x40, 0x40, 0x80, 0x40, 0x40, 0x01, 0x80, 0x40, 0x40, 0xfe, 0x80, 0x40, 0x40, 0x40, 0x40,
    0xc0, 0x40, 0x40, 0x40, 0x40, 0xc0, 0x40, 0x80, 0x40, 0x40, 0x40, 0x00, 0x00, 0x04, 0x00, 0x00,
    0x00, 0x00, 0x00, 0xc0, 0x02, 0x80, 0x00, 0x03, 0x00, 0x0f, 0x00, 0x13, 0x00, 0x17, 0x00, 0x00,
    0x13, 0x35, 0x33, 0x15, 0x03, 0x35, 0x33, 0x11, 0x23, 0x35, 0x33, 0x15, 0x23, 0x11, 0x33, 0x15,
    0x03, 0x35, 0x33, 0x15, 0x2b, 0x01, 0x35, 0x33, 0x40, 0x40, 0x80, 0x40, 0x40, 0xc0, 0x40, 0x40,
    0x40, 0x40, 0x80, 0x40, 0x40, 0x02, 0x00, 0x40, 0x40, 0xfe, 0x00, 0x40, 0x01, 0x40, 0x40, 0x40,
    0xfe, 0xc0, 0x40, 0x02, 0x40, 0x40, 0x40, 0x40, 0x00, 0x04, 0x00, 0x00, 0x00, 0x00, 0x00, 0xc0,
    0x02, 0x00, 0x00, 0x03, 0x00, 0x0d, 0x00, 0x11, 0x00, 0x15, 0x00, 0x00, 0x13, 0x35, 0x33, 0x15,
    0x03, 0x35, 0x33, 0x35, 0x23, 0x35, 0x33, 0x11, 0x33, 0x15, 0x03, 0x35, 0x33, 0x15, 0x2b, 0x01,
    0x35, 0x33, 0x40, 0x40, 0x80, 0x40, 0x40, 0x80, 0x40, 0x40, 0x40, 0x80, 0x40, 0x40, 0x01, 0x80,
    0x40, 0x40, 0xfe, 0x80, 0x40, 0xc0, 0x40, 0xff, 0x00, 0x40, 0x01, 0xc0, 0x40, 0x40, 0x40, 0x00,
    0x00, 0x0b, 0x00, 0x00, 0x00, 0x00, 0x01, 0xc0, 0x02, 0x80, 0x00, 0x03, 0x00, 0x07, 0x00, 0x0b,
    0x00, 0x0f, 0x00, 0x13, 0x00, 0x17, 0x00, 0x1b, 0x00, 0x1f, 0x00, 0x23, 0x00, 0x27, 0x00, 0x2b,
    0x00, 0x00, 0x13, 0x35, 0x33, 0x15, 0x13, 0x15, 0x23, 0x35, 0x33, 0x35, 0x33, 0x15, 0x21, 0x23,
    0x35, 0x33, 0x21, 0x35, 0x33, 0x15, 0x21, 0x23, 0x35, 0x33, 0x21, 0x23, 0x35, 0x33, 0x05, 0x35,
    0x33, 0x15, 0x37, 0x23, 0x35, 0x33, 0x27, 0x35, 0x33, 0x15, 0x2b, 0x01, 0x35, 0x33, 0xc0, 0x40,
    0x40, 0xc0, 0xc0, 0x40, 0xff, 0x00, 0x40, 0x40, 0x01, 0x00, 0x40, 0xfe, 0x80, 0x40, 0x40, 0x01,
    0x40, 0x40, 0x40, 0xfe, 0xc0, 0x40, 0xc0, 0xc0, 0xc0, 0x40, 0x40, 0x80, 0x40, 0x40, 0x02, 0x00,
    0x40, 0x40, 0xfe, 0x40, 0x40, 0x40, 0x40, 0x40, 0x40, 0xc0, 0xc0, 0xc0, 0x40, 0x40, 0x40, 0x40,
    0x40, 0x40, 0x80, 0x40, 0x40, 0x40, 0x00, 0x00, 0x00, 0x07, 0x00, 0x00, 0x00, 0x00, 0x01, 0x40,
    0x02, 0x00, 0x00, 0x03, 0x00, 0x07, 0x00, 0x0b, 0x00, 0x0f, 0x00, 0x13, 0x00, 0x17, 0x00, 0x1b,
    0x00, 0x00, 0x13, 0x35, 0x33, 0x15, 0x13, 0x15, 0x23, 0x35, 0x33, 0x35, 0x33, 0x15, 0x21, 0x23,
    0x35, 0x3b, 0x01, 0x23, 0x35, 0x33, 0x27, 0x35, 0x33, 0x15, 0x2b, 0x01, 0x35, 0x33, 0x80, 0x40,
    0x40, 0xc0, 0xc0, 0x40, 0xff, 0x00, 0x40, 0x40, 0xc0, 0xc0, 0xc0, 0x40, 0x40, 0x80, 0x40, 0x40,
    0x01, 0x80, 0x40, 0x40, 0xfe, 0xc0, 0x40, 0x40, 0xc0, 0xc0, 0xc0, 0x40, 0x80, 0x40, 0x40, 0x40,
    0x00, 0x06, 0x00, 0x00, 0x00, 0x00, 0x01, 0xc0, 0x02, 0x80, 0x00, 0x03, 0x00, 0x07, 0x00, 0x0f,
    0x00, 0x17, 0x00, 0x1b, 0x00, 0x1f, 0x00, 0x00, 0x13, 0x35, 0x33, 0x15, 0x13, 0x15, 0x23, 0x35,
    0x33, 0x11, 0x23, 0x35, 0x33, 0x15, 0x23, 0x11, 0x21, 0x23, 0x11, 0x23, 0x35, 0x33, 0x15, 0x23,
    0x37, 0x35, 0x33, 0x15, 0x2b, 0x01, 0x35, 0x33, 0xc0, 0x40, 0x40, 0xc0, 0xc0, 0x40, 0xc0, 0x40,
    0xff, 0x00, 0x40, 0x40, 0xc0, 0x40, 0x80, 0x40, 0x80, 0x40, 0x40, 0x02, 0x00, 0x40, 0x40, 0xfe,
    0x40, 0x40, 0x40, 0x01, 0x40, 0x40, 0x40, 0xfe, 0xc0, 0x01, 0x40, 0x40, 0x40, 0xc0, 0x40, 0x40,
    0x40, 0x00, 0x00, 0x00, 0x00, 0x05, 0x00, 0x00, 0x00, 0x00, 0x01, 0x80, 0x02, 0x00, 0x00, 0x0d,
    0x00, 0x11, 0x00, 0x15, 0x00, 0x19, 0x00, 0x21, 0x00, 0x00, 0x37, 0x35, 0x33, 0x35, 0x23, 0x35,
    0x33, 0x15, 0x23, 0x15, 0x33, 0x15, 0x23, 0x35, 0x03, 0x35, 0x33, 0x15, 0x3d, 0x01, 0x33, 0x15,
    0x2b, 0x01, 0x35, 0x33, 0x13, 0x15, 0x23, 0x11, 0x23, 0x35, 0x33, 0x11, 0xc0, 0x40, 0x40, 0xc0,
    0x40, 0x40, 0x80, 0x80, 0x40, 0x40, 0x80, 0x40, 0x40, 0x40, 0x80, 0x40, 0x80, 0x40, 0x40, 0x80,
    0x40, 0x40, 0xc0, 0x40, 0x40, 0x01, 0x40, 0x40, 0x40, 0x40, 0x40, 0x40, 0x40, 0xfe, 0x40, 0x40,
    0x01, 0x00, 0x40, 0xff, 0x00, 0x00, 0x00, 0x00, 0x00, 0x06, 0x00, 0x00, 0x00, 0x00, 0x01, 0xc0,
    0x02, 0xc0, 0x00, 0x03, 0x00, 0x07, 0x00, 0x0b, 0x00, 0x13, 0x00, 0x1b, 0x00, 0x1f, 0x00, 0x00,
    0x01, 0x35, 0x33, 0x15, 0x23, 0x35, 0x33, 0x15, 0x13, 0x15, 0x23, 0x35, 0x33, 0x11, 0x23, 0x35,
    0x33, 0x15, 0x23, 0x11, 0x21, 0x23, 0x11, 0x23, 0x35, 0x33, 0x15, 0x23, 0x13, 0x15, 0x23, 0x35,
    0x01, 0x00, 0x40, 0xc0, 0x40, 0x80, 0xc0, 0xc0, 0x40, 0xc0, 0x40, 0xff, 0x00, 0x40, 0x40, 0xc0,
    0x40, 0xc0, 0xc0, 0x02, 0x00, 0x40, 0x40, 0x40, 0x40, 0xfe, 0x40, 0x40, 0x40, 0x01, 0x40, 0x40,
    0x40, 0xfe, 0xc0, 0x01, 0x40, 0x40, 0x40, 0x01, 0x40, 0x40, 0x40, 0x00, 0x00, 0x05, 0x00, 0x00,
    0x00, 0x00, 0x01, 0x80, 0x02, 0x40, 0x00, 0x0d, 0x00, 0x11, 0x00, 0x15, 0x00, 0x19, 0x00, 0x21,
    0x00, 0x00, 0x37, 0x35, 0x33, 0x35, 0x23, 0x35, 0x33, 0x15, 0x23, 0x15, 0x33, 0x15, 0x23, 0x35,
    0x03, 0x35, 0x33, 0x15, 0x23, 0x35, 0x33, 0x15, 0x37, 0x15, 0x23, 0x35, 0x13, 0x15, 0x23, 0x11,
    0x23, 0x35, 0x33, 0x11, 0xc0, 0x40, 0x40, 0xc0, 0x40, 0x40, 0x80, 0x40, 0x40, 0xc0, 0x40, 0x80,
    0xc0, 0x80, 0x80, 0x40, 0x80, 0x40, 0x40, 0x80, 0x40, 0x40, 0xc0, 0x40, 0x40, 0x01, 0x40, 0x40,
    0x40, 0x40, 0x40, 0xc0, 0x40, 0x40, 0xfe, 0x00, 0x40, 0x01, 0x00, 0x40, 0xff, 0x00, 0x00, 0x00,
    0x00, 0x07, 0x00, 0x00, 0x00, 0x00, 0x01, 0xc0, 0x02, 0xc0, 0x00, 0x03, 0x00, 0x07, 0x00, 0x0b,
    0x00, 0x0f, 0x00, 0x17, 0x00, 0x1f, 0x00, 0x23, 0x00, 0x00, 0x01, 0x35, 0x33, 0x15, 0x21, 0x35,
    0x33, 0x15, 0x37, 0x35, 0x33, 0x15, 0x13, 0x15, 0x23, 0x35, 0x33, 0x11, 0x23, 0x35, 0x33, 0x15,
    0x23, 0x11, 0x21, 0x23, 0x11, 0x23, 0x35, 0x33, 0x15, 0x23, 0x13, 0x35, 0x33, 0x15, 0x01, 0x40,
    0x40, 0xfe, 0xc0, 0x40, 0x40, 0x40, 0x40, 0xc0, 0xc0, 0x40, 0xc0, 0x40, 0xff, 0x00, 0x40, 0x40,
    0xc0, 0x40, 0x80, 0x40, 0x02, 0x00, 0x40, 0x40, 0x40, 0x40, 0x40, 0x40, 0x40, 0xfe, 0x00, 0x40,
    0x40, 0x01, 0x40, 0x40, 0x40, 0xfe, 0xc0, 0x01, 0x40, 0x40, 0x40, 0x01, 0x00, 0x40, 0x40, 0x00,
    0x00, 0x06, 0x00, 0x00, 0x00, 0x00, 0x01, 0x80, 0x02, 0x40, 0x00, 0x0d, 0x00, 0x11, 0x00, 0x15,
    0x00, 0x19, 0x00, 0x1d, 0x00, 0x25, 0x00, 0x00, 0x37, 0x35, 0x33, 0x35, 0x23, 0x35, 0x33, 0x15,
    0x23, 0x15, 0x33, 0x15, 0x23, 0x35, 0x11, 0x35, 0x33, 0x15, 0x21, 0x35, 0x33, 0x15, 0x37, 0x35,
    0x33, 0x15, 0x3d, 0x01, 0x33, 0x15, 0x03, 0x15, 0x23, 0x11, 0x23, 0x35, 0x33, 0x11, 0xc0, 0x40,
    0x40, 0xc0, 0x40, 0x40, 0x80, 0x40, 0xfe, 0xc0, 0x40, 0x40, 0x40, 0x40, 0x40, 0x80, 0x40, 0x80,
    0x40, 0x40, 0x80, 0x40, 0x40, 0xc0, 0x40, 0x40, 0x01, 0x40, 0x40, 0x40, 0x40, 0x40, 0x40, 0x40,
    0x40, 0x40, 0x40, 0x40, 0xfe, 0x40, 0x40, 0x01, 0x00, 0x40, 0xff, 0x00, 0x00, 0x08, 0x00, 0x00,
    0x00, 0x00, 0x01, 0xc0, 0x02, 0xc0, 0x00, 0x03, 0x00, 0x07, 0x00, 0x0b, 0x00, 0x0f, 0x00, 0x17,
    0x00, 0x1f, 0x00, 0x23, 0x00, 0x27, 0x00, 0x00, 0x01, 0x35, 0x33, 0x15, 0x21, 0x35, 0x33, 0x15,
    0x37, 0x35, 0x33, 0x15, 0x13, 0x15, 0x23, 0x35, 0x33, 0x11, 0x23, 0x35, 0x33, 0x15, 0x23, 0x11,
    0x21, 0x23, 0x11, 0x23, 0x35, 0x33, 0x15, 0x23, 0x13, 0x35, 0x33, 0x15, 0x2b, 0x01, 0x35, 0x33,
    0x01, 0x40, 0x40, 0xfe, 0xc0, 0x40, 0x40, 0x40, 0x40, 0xc0, 0xc0, 0x40, 0xc0, 0x40, 0xff, 0x00,
    0x40, 0x40, 0xc0, 0x40, 0x80, 0x40, 0x80, 0x40, 0x40, 0x02, 0x00, 0x40, 0x40, 0x40, 0x40, 0x40,
    0x40, 0x40, 0xfe, 0x00, 0x40, 0x40, 0x01, 0x40, 0x40, 0x40, 0xfe, 0xc0, 0x01, 0x40, 0x40, 0x40,
    0x01, 0x00, 0x40, 0x40, 0x40, 0x00, 0x00, 0x00, 0x00, 0x07, 0x00, 0x00, 0x00, 0x00, 0x01, 0x80,
    0x02, 0x40, 0x00, 0x0d, 0x00, 0x11, 0x00, 0x15, 0x00, 0x19, 0x00, 0x1d, 0x00, 0x21, 0x00, 0x29,
    0x00, 0x00, 0x37, 0x35, 0x33, 0x35, 0x23, 0x35, 0x33, 0x15, 0x23, 0x15, 0x33, 0x15, 0x23, 0x35,
    0x11, 0x35, 0x33, 0x15, 0x21, 0x35, 0x33, 0x15, 0x37, 0x35, 0x33, 0x15, 0x3d, 0x01, 0x33, 0x15,
    0x2b, 0x01, 0x35, 0x33, 0x13, 0x15, 0x23, 0x11, 0x23, 0x35, 0x33, 0x11, 0xc0, 0x40, 0x40, 0xc0,
    0x40, 0x40, 0x80, 0x40, 0xfe, 0xc0, 0x40, 0x40, 0x40, 0x40, 0x80, 0x40, 0x40, 0x40, 0x80, 0x40,
    0x80, 0x40, 0x40, 0x80, 0x40, 0x40, 0xc0, 0x40, 0x40, 0x01, 0x40, 0x40, 0x40, 0x40, 0x40, 0x40,
    0x40, 0x40, 0x40, 0x40, 0x40, 0x40, 0xfe, 0x00, 0x40, 0x01, 0x00, 0x40, 0xff, 0x00, 0x00, 0x00,
    0x00, 0x07, 0x00, 0x00, 0x00, 0x00, 0x01, 0xc0, 0x02, 0xc0, 0x00, 0x03, 0x00, 0x07, 0x00, 0x0b,
    0x00, 0x0f, 0x00, 0x17, 0x00, 0x1f, 0x00, 0x23, 0x00, 0x00, 0x01, 0x35, 0x33, 0x15, 0x21, 0x35,
    0x33, 0x15, 0x37, 0x35, 0x33, 0x15, 0x13, 0x15, 0x23, 0x35, 0x33, 0x11, 0x23, 0x35, 0x33, 0x15,
    0x23, 0x11, 0x21, 0x23, 0x11, 0x23, 0x35, 0x33, 0x15, 0x23, 0x13, 0x23, 0x35, 0x33, 0x01, 0x40,
    0x40, 0xfe, 0xc0, 0x40, 0x40, 0x40, 0x40, 0xc0, 0xc0, 0x40, 0xc0, 0x40, 0xff, 0x00, 0x40, 0x40,
    0xc0, 0x40, 0x40, 0x40, 0x40, 0x02, 0x00, 0x40, 0x40, 0x40, 0x40, 0x40, 0x40, 0x40, 0xfe, 0x00,
    0x40, 0x40, 0x01, 0x40, 0x40, 0x40, 0xfe, 0xc0, 0x01, 0x40, 0x40, 0x40, 0x01, 0x00, 0x40, 0x00,
    0x00, 0x06, 0x00, 0x00, 0x00, 0x00, 0x01, 0x80, 0x02, 0x40, 0x00, 0x0d, 0x00, 0x11, 0x00, 0x15,
    0x00, 0x19, 0x00, 0x1d, 0x00, 0x25, 0x00, 0x00, 0x37, 0x35, 0x33, 0x35, 0x23, 0x35, 0x33, 0x15,
    0x23, 0x15, 0x33, 0x15, 0x23, 0x35, 0x11, 0x35, 0x33, 0x15, 0x21, 0x35, 0x33, 0x15, 0x37, 0x35,
    0x33, 0x15, 0x27, 0x23, 0x35, 0x33, 0x13, 0x15, 0x23, 0x11, 0x23, 0x35, 0x33, 0x11, 0xc0, 0x40,
    0x40, 0xc0, 0x40, 0x40, 0x80, 0x40, 0xfe, 0xc0, 0x40, 0x40, 0x40, 0x40, 0x40, 0x40, 0x40, 0x80,
    0x40, 0x80, 0x40, 0x40, 0x80, 0x40, 0x40, 0xc0, 0x40, 0x40, 0x01, 0x40, 0x40, 0x40, 0x40, 0x40,
    0x40, 0x40, 0x40, 0x40, 0x40, 0xfe, 0x00, 0x40, 0x01, 0x00, 0x40, 0xff, 0x00, 0x00, 0x00, 0x00,
    0x00, 0x05, 0x00, 0x00, 0x00, 0x00, 0x01, 0xc0, 0x02, 0xc0, 0x00, 0x03, 0x00, 0x07, 0x00, 0x1f,
    0x00, 0x23, 0x00, 0x27, 0x00, 0x00, 0x01, 0x35, 0x33, 0x15, 0x23, 0x35, 0x33, 0x15, 0x13, 0x35,
    0x33, 0x35, 0x23, 0x15, 0x33, 0x15, 0x23, 0x35, 0x33, 0x35, 0x33, 0x35, 0x33, 0x15, 0x33, 0x35,
    0x33, 0x15, 0x33, 0x15, 0x33, 0x15, 0x01, 0x35, 0x33, 0x15, 0x13, 0x15, 0x23, 0x35, 0x01, 0x00,
    0x40, 0xc0, 0x40, 0x40, 0x40, 0xc0, 0x40, 0xc0, 0x40, 0x40, 0x40, 0x40, 0x40, 0x40, 0x40, 0xff,
    0x00, 0x40, 0x40, 0xc0, 0x02, 0x00, 0x40, 0x40, 0x40, 0x40, 0xfe, 0x00, 0x40, 0x40, 0x40, 0x40,
    0x40, 0x80, 0xc0, 0xc0, 0xc0, 0xc0, 0x80, 0x40, 0x01, 0x80, 0x40, 0x40, 0x01, 0x40, 0x40, 0x40,
    0x00, 0x06, 0x00, 0x00, 0x00, 0x00, 0x01, 0x80, 0x02, 0x40, 0x00, 0x03, 0x00, 0x07, 0x00, 0x13,
    0x00, 0x17, 0x00, 0x1b, 0x00, 0x1f, 0x00, 0x00, 0x13, 0x35, 0x33, 0x15, 0x23, 0x35, 0x33, 0x15,
    0x03, 0x35, 0x23, 0x35, 0x33, 0x35, 0x33, 0x35, 0x33, 0x15, 0x33, 0x15, 0x27, 0x35, 0x23, 0x15,
    0x37, 0x23, 0x35, 0x33, 0x11, 0x15, 0x23, 0x35, 0xc0, 0x40, 0xc0, 0x40, 0x40, 0x40, 0x40, 0xc0,
    0x40, 0x40, 0x80, 0xc0, 0xc0, 0xc0, 0xc0, 0xc0, 0x01, 0x80, 0x40, 0x40, 0x40, 0x40, 0xfe, 0x80,
    0x40, 0x40, 0x40, 0x40, 0xc0, 0x40, 0x40, 0x40, 0x40, 0xc0, 0x40, 0x01, 0x00, 0x40, 0x40, 0x00,
    0x00, 0x07, 0x00, 0x00, 0x00, 0x00, 0x02, 0x00, 0x01, 0xc0, 0x00, 0x09, 0x00, 0x0d, 0x00, 0x19,
    0x00, 0x1f, 0x00, 0x23, 0x00, 0x27, 0x00, 0x2b, 0x00, 0x00, 0x25, 0x35, 0x33, 0x35, 0x23, 0x35,
    0x21, 0x11, 0x23, 0x35, 0x21, 0x23, 0x35, 0x33, 0x2b, 0x01, 0x35, 0x23, 0x35, 0x33, 0x35, 0x33,
    0x15, 0x33, 0x15, 0x23, 0x25, 0x35, 0x33, 0x35, 0x33, 0x15, 0x21, 0x35, 0x33, 0x15, 0x37, 0x23,
    0x35, 0x33, 0x11, 0x15, 0x23, 0x35, 0x01, 0x80, 0x40, 0xc0, 0x01, 0x00, 0x40, 0xff, 0x00, 0x40,
    0x40, 0x40, 0x40, 0x40, 0x40, 0x40, 0x40, 0x40, 0x01, 0x00, 0x40, 0x40, 0xfe, 0x80, 0x40, 0xc0,
    0xc0, 0xc0, 0xc0, 0x40, 0x40, 0x40, 0x40, 0xff, 0x00, 0x40, 0x40, 0x40, 0x40, 0x40, 0x40, 0x40,
    0x80, 0x40, 0x40, 0x80, 0x40, 0x40, 0x40, 0x40, 0xfe, 0x80, 0x40, 0x40, 0x00, 0x05, 0x00, 0x00,
    0xff, 0x80, 0x01, 0xc0, 0x01, 0x40, 0x00, 0x03, 0x00, 0x1d, 0x00, 0x21, 0x00, 0x25, 0x00, 0x29,
    0x00, 0x00, 0x25, 0x35, 0x23, 0x15, 0x33, 0x15, 0x23, 0x35, 0x23, 0x35, 0x23, 0x35, 0x33, 0x35,
    0x33, 0x15, 0x33, 0x35, 0x33, 0x35, 0x33, 0x15, 0x23, 0x15, 0x33, 0x15, 0x23, 0x15, 0x23, 0x35,
    0x1d, 0x01, 0x23, 0x35, 0x13, 0x23, 0x35, 0x33, 0x03, 0x15, 0x23, 0x35, 0x01, 0x00, 0x80, 0x80,
    0x80, 0x40, 0x40, 0x40, 0x40, 0x80, 0x40, 0x80, 0x40, 0x40, 0x40, 0x40, 0xc0, 0x80, 0x80, 0x80,
    0x80, 0x40, 0x40, 0x40, 0x40, 0x40, 0x40, 0x40, 0x40, 0x40, 0x40, 0x40, 0x40, 0x40, 0x40, 0x40,
    0xc0, 0x80, 0x80, 0x40, 0x40, 0x01, 0x40, 0x40, 0xfe, 0xc0, 0x40, 0x40, 0x00, 0x0a, 0x00, 0x00,
    0x00, 0x00, 0x01, 0xc0, 0x02, 0x80, 0x00, 0x09, 0x00, 0x0d, 0x00, 0x11, 0x00, 0x15, 0x00, 0x1b,
    0x00, 0x1f, 0x00, 0x23, 0x00, 0x27, 0x00, 0x2b, 0x00, 0x2f, 0x00, 0x00, 0x25, 0x35, 0x33, 0x35,
    0x23, 0x35, 0x21, 0x11, 0x23, 0x35, 0x03, 0x35, 0x33, 0x15, 0x03, 0x23, 0x35, 0x33, 0x2b, 0x01,
    0x35, 0x33, 0x21, 0x35, 0x33, 0x35, 0x33, 0x15, 0x21, 0x35, 0x33, 0x15, 0x37, 0x23, 0x35, 0x33,
    0x27, 0x35, 0x33, 0x15, 0x2b, 0x01, 0x35, 0x33, 0x13, 0x15, 0x23, 0x35, 0x01, 0x40, 0x40, 0xc0,
    0x01, 0x00, 0x40, 0xc0, 0x40, 0x80, 0x40, 0x40, 0x40, 0x40, 0x40, 0x01, 0x00, 0x40, 0x40, 0xfe,
    0x80, 0x40, 0xc0, 0xc0, 0xc0, 0x40, 0x40, 0x80, 0x40, 0x40, 0x80, 0xc0, 0x40, 0x40, 0x40, 0x40,
    0xff, 0x00, 0x40, 0x01, 0xc0, 0x40, 0x40, 0xfe, 0x40, 0x40, 0xc0, 0x40, 0x40, 0x80, 0x40, 0x40,
    0x40, 0x40, 0x80, 0x40, 0x40, 0x40, 0xfd, 0xc0, 0x40, 0x40, 0x00, 0x00, 0x00, 0x09, 0x00, 0x00,
    0xff, 0x80, 0x01, 0x80, 0x02, 0x00, 0x00, 0x03, 0x00, 0x07, 0x00, 0x0b, 0x00, 0x0f, 0x00, 0x13,
    0x00, 0x17, 0x00, 0x1b, 0x00, 0x29, 0x00, 0x2d, 0x00, 0x00, 0x33, 0x35, 0x33, 0x15, 0x03, 0x35,
    0x33, 0x15, 0x13, 0x15, 0x23, 0x3d, 0x01, 0x23, 0x35, 0x3b, 0x01, 0x23, 0x35, 0x33, 0x3d, 0x01,
    0x33, 0x15, 0x2b, 0x01, 0x35, 0x33, 0x13, 0x35, 0x33, 0x35, 0x23, 0x35, 0x33, 0x35, 0x33, 0x15,
    0x23, 0x11, 0x23, 0x35, 0x07, 0x15, 0x23, 0x35, 0x40, 0x80, 0x40, 0x40, 0x40, 0xc0, 0x40, 0x40,
    0x80, 0x80, 0x80, 0x40, 0x80, 0x40, 0x40, 0x40, 0x40, 0x40, 0x40, 0x80, 0x40, 0x40, 0xc0, 0x40,
    0x40, 0x40, 0x01, 0x80, 0x40, 0x40, 0xfe, 0x40, 0x40, 0x40, 0x80, 0xc0, 0x40, 0x80, 0x40, 0x40,
    0x40, 0xfe, 0x40, 0x40, 0x40, 0x40, 0x40, 0x40, 0xfe, 0xc0, 0x80, 0x40, 0x40, 0x40, 0x00, 0x00,
    0x00, 0x08, 0x00, 0x00, 0x00, 0x00, 0x01, 0x80, 0x02, 0x80, 0x00, 0x0f, 0x00, 0x13, 0x00, 0x19,
    0x00, 0x1d, 0x00, 0x23, 0x00, 0x27, 0x00, 0x2b, 0x00, 0x2f, 0x00, 0x00, 0x37, 0x23, 0x15, 0x33,
    0x15, 0x23, 0x35, 0x33, 0x11, 0x23, 0x35, 0x33, 0x15, 0x23, 0x15, 0x33, 0x11, 0x35, 0x33, 0x15,
    0x11, 0x35, 0x33, 0x15, 0x33, 0x15, 0x03, 0x35, 0x33, 0x15, 0x3d, 0x01, 0x33, 0x15, 0x23, 0x15,
    0x03, 0x35, 0x33, 0x15, 0x2b, 0x01, 0x35, 0x33, 0x11, 0x33, 0x15, 0x23, 0xc0, 0x40, 0x40, 0xc0,
    0x40, 0x40, 0xc0, 0x40, 0x40, 0x40, 0x40, 0x40, 0xc0, 0x40, 0x80, 0x40, 0x40, 0x40, 0x80, 0x40,
    0x40, 0x40, 0x40, 0xc0, 0x80, 0x40, 0x40, 0x01, 0x40, 0x40, 0x40, 0x80, 0x01, 0x00, 0x40, 0x40,
    0xfe, 0x00, 0x80, 0x40, 0x40, 0x01, 0x00, 0x40, 0x40, 0x40, 0x80, 0x40, 0x40, 0x01, 0x00, 0x40,
    0x40, 0x40, 0xfe, 0x40, 0x40, 0x00, 0x00, 0x00, 0x00, 0x06, 0x00, 0x00, 0x00, 0x00, 0x01, 0x80,
    0x02, 0x80, 0x00, 0x03, 0x00, 0x09, 0x00, 0x19, 0x00, 0x1d, 0x00, 0x21, 0x00, 0x25, 0x00, 0x00,
    0x13, 0x35, 0x33, 0x15, 0x13, 0x35, 0x33, 0x15, 0x33, 0x15, 0x21, 0x35, 0x33, 0x11, 0x23, 0x35,
    0x33, 0x11, 0x33, 0x35, 0x33, 0x15, 0x23, 0x15, 0x33, 0x15, 0x13, 0x15, 0x23, 0x35, 0x03, 0x35,
    0x33, 0x15, 0x2b, 0x01, 0x35, 0x33, 0x80, 0x40, 0x40, 0x40, 0x40, 0xfe, 0x80, 0x40, 0x40, 0x80,
    0x40, 0x40, 0x80, 0x40, 0xc0, 0x80, 0x40, 0x40, 0x80, 0x40, 0x40, 0x02, 0x00, 0x40, 0x40, 0xfe,
    0x00, 0x80, 0x40, 0x40, 0x40, 0x01, 0x40, 0x40, 0xff, 0x00, 0x40, 0x80, 0x40, 0x40, 0x01, 0x40,
    0x40, 0x40, 0x01, 0x00, 0x40, 0x40, 0x40, 0x00, 0x00, 0x08, 0x00, 0x00, 0xff, 0x80, 0x01, 0xc0,
    0x01, 0xc0, 0x00, 0x09, 0x00, 0x0d, 0x00, 0x11, 0x00, 0x15, 0x00, 0x19, 0x00, 0x1d, 0x00, 0x21,
    0x00, 0x25, 0x00, 0x00, 0x17, 0x35, 0x23, 0x35, 0x33, 0x15, 0x23, 0x15, 0x33, 0x15, 0x3d, 0x01,
    0x33, 0x15, 0x21, 0x23, 0x35, 0x33, 0x21, 0x35, 0x33, 0x15, 0x21, 0x23, 0x35, 0x33, 0x21, 0x23,
    0x35, 0x33, 0x05, 0x35, 0x33, 0x15, 0x37, 0x23, 0x35, 0x33, 0xc0, 0x40, 0xc0, 0x40, 0x40, 0x40,
    0xff, 0x00, 0x40, 0x40, 0x01, 0x00, 0x40, 0xfe, 0x80, 0x40, 0x40, 0x01, 0x40, 0x40, 0x40, 0xfe,
    0xc0, 0x40, 0xc0, 0xc0, 0xc0, 0x80, 0x80, 0x40, 0x40, 0x40, 0x40, 0xc0, 0x40, 0x40, 0x40, 0xc0,
    0xc0, 0xc0, 0x40, 0x40, 0x40, 0x40, 0x40, 0x40, 0x00, 0x04, 0x00, 0x00, 0xff, 0x80, 0x01, 0x40,
    0x01, 0x40, 0x00, 0x09, 0x00, 0x0d, 0x00, 0x11, 0x00, 0x15, 0x00, 0x00, 0x17, 0x35, 0x23, 0x35,
    0x33, 0x15, 0x23, 0x15, 0x33, 0x15, 0x3d, 0x01, 0x33, 0x15, 0x21, 0x23, 0x35, 0x3b, 0x01, 0x23,
    0x35, 0x33, 0x80, 0x40, 0xc0, 0x40, 0x40, 0x40, 0xff, 0x00, 0x40, 0x40, 0xc0, 0xc0, 0xc0, 0x80,
    0x80, 0x40, 0x40, 0x40, 0x40, 0xc0, 0xc0, 0xc0, 0xc0, 0x40, 0x00, 0x00, 0x00, 0x08, 0x00, 0x00,
    0x00, 0x00, 0x01, 0x40, 0x02, 0x80, 0x00, 0x03, 0x00, 0x07, 0x00, 0x0b, 0x00, 0x0f, 0x00, 0x13,
    0x00, 0x1d, 0x00, 0x23, 0x00, 0x27, 0x00, 0x00, 0x25, 0x35, 0x33, 0x15, 0x03, 0x35, 0x33, 0x15,
    0x03, 0x23, 0x35, 0x33, 0x13, 0x35, 0x33, 0x15, 0x2b, 0x01, 0x35, 0x33, 0x13, 0x35, 0x23, 0x15,
    0x23, 0x35, 0x21, 0x15, 0x23, 0x1d, 0x01, 0x23, 0x35, 0x33, 0x15, 0x33, 0x1d, 0x01, 0x23, 0x35,
    0x01, 0x00, 0x40, 0xc0, 0x40, 0x80, 0x40, 0x40, 0x80, 0x40, 0x80, 0x40, 0x40, 0x40, 0x80, 0x40,
    0x01, 0x40, 0x40, 0x80, 0x40, 0x40, 0xc0, 0x40, 0x80, 0x80, 0x01, 0xc0, 0x40, 0x40, 0xfe, 0x40,
    0x40, 0x01, 0xc0, 0x40, 0x40, 0x40, 0xfe, 0xc0, 0x40, 0x40, 0x80, 0x40, 0x40, 0x80, 0x80, 0x40,
    0xc0, 0x40, 0x40, 0x00, 0x00, 0x08, 0x00, 0x00, 0xff, 0x80, 0x01, 0x40, 0x02, 0x00, 0x00, 0x03,
    0x00, 0x07, 0x00, 0x0b, 0x00, 0x0f, 0x00, 0x13, 0x00, 0x1d, 0x00, 0x23, 0x00, 0x27, 0x00, 0x00,
    0x05, 0x35, 0x33, 0x15, 0x03, 0x35, 0x33, 0x15, 0x03, 0x23, 0x35, 0x33, 0x13, 0x35, 0x33, 0x15,
    0x2b, 0x01, 0x35, 0x33, 0x13, 0x35, 0x23, 0x15, 0x23, 0x35, 0x21, 0x15, 0x23, 0x1d, 0x01, 0x23,
    0x35, 0x33, 0x15, 0x33, 0x1d, 0x01, 0x23, 0x35, 0x01, 0x00, 0x40, 0xc0, 0x40, 0x80, 0x40, 0x40,
    0x80, 0x40, 0x80, 0x40, 0x40, 0x40, 0x80, 0x40, 0x01, 0x40, 0x40, 0x80, 0x40, 0x40, 0xc0, 0x40,
    0x80, 0x80, 0x01, 0xc0, 0x40, 0x40, 0xfe, 0x40, 0x40, 0x01, 0xc0, 0x40, 0x40, 0x40, 0xfe, 0xc0,
    0x40, 0x40, 0x80, 0x40, 0x40, 0x80, 0x80, 0x40, 0xc0, 0x40, 0x40, 0x00, 0x00, 0x09, 0x00, 0x00,
    0x00, 0x00, 0x01, 0xc0, 0x02, 0x80, 0x00, 0x09, 0x00, 0x0d, 0x00, 0x11, 0x00, 0x15, 0x00, 0x1b,
    0x00, 0x1f, 0x00, 0x23, 0x00, 0x27, 0x00, 0x2b, 0x00, 0x00, 0x25, 0x35, 0x33, 0x35, 0x23, 0x35,
    0x21, 0x11, 0x23, 0x35, 0x03, 0x35, 0x33, 0x15, 0x03, 0x23, 0x35, 0x33, 0x2b, 0x01, 0x35, 0x33,
    0x21, 0x35, 0x33, 0x35, 0x33, 0x15, 0x21, 0x35, 0x33, 0x15, 0x37, 0x23, 0x35, 0x33, 0x27, 0x35,
    0x33, 0x15, 0x11, 0x15, 0x23, 0x35, 0x01, 0x40, 0x40, 0xc0, 0x01, 0x00, 0x40, 0xc0, 0x40, 0x80,
    0x40, 0x40, 0x40, 0x40, 0x40, 0x01, 0x00, 0x40, 0x40, 0xfe, 0x80, 0x40, 0xc0, 0xc0, 0xc0, 0x40,
    0x40, 0xc0, 0x40, 0x40, 0x40, 0x40, 0xff, 0x00, 0x40, 0x01, 0xc0, 0x40, 0x40, 0xfe, 0x40, 0x40,
    0xc0, 0x40, 0x40, 0x80, 0x40, 0x40, 0x40, 0x40, 0x80, 0x40, 0x40, 0xfe, 0x00, 0x40, 0x40, 0x00,
    0x00, 0x08, 0x00, 0x00, 0xff, 0x80, 0x01, 0x80, 0x02, 0x00, 0x00, 0x03, 0x00, 0x07, 0x00, 0x0b,
    0x00, 0x0f, 0x00, 0x13, 0x00, 0x17, 0x00, 0x25, 0x00, 0x29, 0x00, 0x00, 0x33, 0x35, 0x33, 0x15,
    0x03, 0x35, 0x33, 0x15, 0x13, 0x15, 0x23, 0x3d, 0x01, 0x23, 0x35, 0x3b, 0x01, 0x23, 0x35, 0x33,
    0x3d, 0x01, 0x33, 0x15, 0x03, 0x35, 0x33, 0x35, 0x23, 0x35, 0x33, 0x35, 0x33, 0x15, 0x23, 0x11,
    0x23, 0x35, 0x07, 0x15, 0x23, 0x35, 0x40, 0x80, 0x40, 0x40, 0x40, 0xc0, 0x40, 0x40, 0x80, 0x80,
    0x80, 0x40, 0x40, 0x40, 0x40, 0x40, 0x80, 0x40, 0x40, 0xc0, 0x40, 0x40, 0x40, 0x01, 0x80, 0x40,
    0x40, 0xfe, 0x40, 0x40, 0x40, 0x80, 0xc0, 0x40, 0x80, 0x40, 0x40, 0xfe, 0x80, 0x40, 0x40, 0x40,
    0x40, 0x40, 0xfe, 0xc0, 0x80, 0x40, 0x40, 0x40, 0x00, 0x05, 0x00, 0x00, 0x00, 0x00, 0x01, 0xc0,
    0x02, 0x80, 0x00, 0x0d, 0x00, 0x19, 0x00, 0x1d, 0x00, 0x21, 0x00, 0x25, 0x00, 0x00, 0x13, 0x23,
    0x15, 0x33, 0x15, 0x23, 0x35, 0x33, 0x11, 0x23, 0x35, 0x33, 0x15, 0x33, 0x13, 0x35, 0x23, 0x35,
    0x33, 0x35, 0x23, 0x35, 0x33, 0x15, 0x23, 0x11, 0x03, 0x35, 0x33, 0x15, 0x27, 0x23, 0x35, 0x33,
    0x11, 0x33, 0x15, 0x23, 0xc0, 0x40, 0x40, 0xc0, 0x40, 0x40, 0x80, 0x40, 0x80, 0x40, 0x40, 0x40,
    0xc0, 0x40, 0xc0, 0x40, 0x40, 0x40, 0x40, 0x40, 0x40, 0x01, 0x00, 0xc0, 0x40, 0x40, 0x01, 0x40,
    0x40, 0x40, 0xfe, 0x80, 0x40, 0x80, 0xc0, 0x40, 0x40, 0xfe, 0x80, 0x02, 0x00, 0x40, 0x40, 0x40,
    0x40, 0xfe, 0x80, 0x40, 0x00, 0x05, 0x00, 0x00, 0x00, 0x00, 0x01, 0x80, 0x02, 0x00, 0x00, 0x03,
    0x00, 0x0b, 0x00, 0x17, 0x00, 0x1b, 0x00, 0x1f, 0x00, 0x00, 0x13, 0x35, 0x33, 0x15, 0x11, 0x35,
    0x33, 0x35, 0x33, 0x15, 0x33, 0x15, 0x21, 0x35, 0x33, 0x35, 0x23, 0x35, 0x33, 0x15, 0x33, 0x15,
    0x23, 0x15, 0x13, 0x35, 0x33, 0x15, 0x27, 0x23, 0x35, 0x33, 0x80, 0x40, 0x40, 0x40, 0x40, 0xfe,
    0x80, 0x40, 0x40, 0x80, 0x40, 0x40, 0x40, 0x40, 0x80, 0x40, 0x40, 0x01, 0x80, 0x40, 0x40, 0xfe,
    0x80, 0x40, 0xc0, 0xc0, 0x40, 0x40, 0xc0, 0x40, 0x40, 0x40, 0xc0, 0x01, 0x00, 0x40, 0x40, 0xc0,
    0x40, 0x00, 0x00, 0x00, 0x00, 0x09, 0x00, 0x00, 0xff, 0x40, 0x01, 0x80, 0x01, 0xc0, 0x00, 0x03,
    0x00, 0x07, 0x00, 0x0b, 0x00, 0x0f, 0x00, 0x13, 0x00, 0x17, 0x00, 0x1b, 0x00, 0x21, 0x00, 0x25,
    0x00, 0x00, 0x17, 0x35, 0x33, 0x15, 0x3d, 0x01, 0x33, 0x15, 0x37, 0x15, 0x21, 0x35, 0x21, 0x35,
    0x33, 0x15, 0x21, 0x23, 0x35, 0x33, 0x25, 0x21, 0x35, 0x29, 0x01, 0x23, 0x35, 0x33, 0x17, 0x35,
    0x33, 0x35, 0x33, 0x15, 0x27, 0x23, 0x35, 0x33, 0x80, 0x40, 0x40, 0x40, 0xff, 0x00, 0x01, 0x00,
    0x40, 0xfe, 0xc0, 0x40, 0x40, 0x01, 0x00, 0xff, 0x00, 0x01, 0x00, 0xff, 0x00, 0x40, 0x40, 0xc0,
    0x40, 0x40, 0x80, 0xc0, 0xc0, 0xc0, 0x40, 0x40, 0x40, 0x40, 0x40, 0xc0, 0x40, 0x40, 0x80, 0x80,
    0x40, 0x40, 0x40, 0x80, 0x40, 0x40, 0x40, 0x80, 0x40, 0x40, 0x00, 0x00, 0x00, 0x07, 0x00, 0x00,
    0xff, 0x40, 0x01, 0x40, 0x01, 0x40, 0x00, 0x03, 0x00, 0x07, 0x00, 0x0b, 0x00, 0x0f, 0x00, 0x13,
    0x00, 0x17, 0x00, 0x1b, 0x00, 0x00, 0x17, 0x35, 0x33, 0x15, 0x3d, 0x01, 0x33, 0x15, 0x37, 0x15,
    0x21, 0x35, 0x21, 0x35, 0x33, 0x15, 0x27, 0x23, 0x35, 0x33, 0x2b, 0x01, 0x35, 0x33, 0x37, 0x15,
    0x23, 0x35, 0x40, 0x40, 0x40, 0x40, 0xff, 0x00, 0x01, 0x00, 0x40, 0x40, 0xc0, 0xc0, 0xc0, 0x40,
    0x40, 0xc0, 0xc0, 0xc0, 0x40, 0x40, 0x40, 0x40, 0x40, 0xc0, 0x40, 0x40, 0x40, 0x40, 0x40, 0x40,
    0x40, 0x40, 0x40, 0x40, 0x00, 0x03, 0x00, 0x00, 0xff, 0x40, 0x01, 0xc0, 0x01, 0xc0, 0x00, 0x03,
    0x00, 0x13, 0x00, 0x17, 0x00, 0x00, 0x17, 0x35, 0x33, 0x15, 0x13, 0x35, 0x23, 0x11, 0x33, 0x15,
    0x23, 0x35, 0x33, 0x11, 0x23, 0x15, 0x23, 0x35, 0x21, 0x15, 0x01, 0x35, 0x33, 0x15, 0x80, 0x40,
    0xc0, 0x80, 0x40, 0xc0, 0x40, 0x80, 0x40, 0x01, 0xc0, 0xff, 0x00, 0x40, 0xc0, 0x40, 0x40, 0x02,
    0x00, 0x40, 0xfe, 0xc0, 0x40, 0x40, 0x01, 0x40, 0x40, 0x80, 0x80, 0xfe, 0x40, 0x40, 0x40, 0x00,
    0x00, 0x04, 0x00, 0x00, 0xff, 0x40, 0x01, 0x00, 0x01, 0xc0, 0x00, 0x03, 0x00, 0x07, 0x00, 0x0b,
    0x00, 0x17, 0x00, 0x00, 0x17, 0x35, 0x33, 0x15, 0x3d, 0x01, 0x33, 0x15, 0x37, 0x15, 0x23, 0x35,
    0x31, 0x23, 0x35, 0x23, 0x35, 0x33, 0x35, 0x33, 0x15, 0x33, 0x15, 0x23, 0x40, 0x40, 0x40, 0x40,
    0x80, 0x40, 0x40, 0x40, 0x40, 0x80, 0x80, 0xc0, 0x40, 0x40, 0x40, 0x40, 0x40, 0xc0, 0x40, 0x40,
    0xc0, 0x40, 0x80, 0x80, 0x40, 0x00, 0x00, 0x00, 0x00, 0x04, 0x00, 0x00, 0x00, 0x00, 0x01, 0xc0,
    0x02, 0x80, 0x00, 0x03, 0x00, 0x1f, 0x00, 0x23, 0x00, 0x27, 0x00, 0x00, 0x13, 0x35, 0x33, 0x15,
    0x11, 0x35, 0x33, 0x35, 0x23, 0x15, 0x33, 0x15, 0x23, 0x35, 0x33, 0x11, 0x23, 0x35, 0x33, 0x15,
    0x23, 0x15, 0x33, 0x35, 0x23, 0x35, 0x33, 0x15, 0x23, 0x11, 0x33, 0x15, 0x03, 0x35, 0x33, 0x15,
    0x2b, 0x01, 0x35, 0x33, 0xc0, 0x40, 0x40, 0xc0, 0x40, 0xc0, 0x40, 0x40, 0xc0, 0x40, 0xc0, 0x40,
    0xc0, 0x40, 0x40, 0xc0, 0x40, 0x80, 0x40, 0x40, 0x02, 0x00, 0x40, 0x40, 0xfe, 0x00, 0x40, 0x80,
    0x80, 0x40, 0x40, 0x01, 0x40, 0x40, 0x40, 0x80, 0x80, 0x40, 0x40, 0xfe, 0xc0, 0x40, 0x02, 0x40,
    0x40, 0x40, 0x40, 0x00, 0x00, 0x06, 0x00, 0x00, 0x00, 0x00, 0x01, 0x80, 0x02, 0x80, 0x00, 0x03,
    0x00, 0x0b, 0x00, 0x17, 0x00, 0x1b, 0x00, 0x1f, 0x00, 0x23, 0x00, 0x00, 0x13, 0x35, 0x33, 0x15,
    0x11, 0x35, 0x33, 0x35, 0x33, 0x15, 0x33, 0x15, 0x21, 0x35, 0x33, 0x11, 0x23, 0x35, 0x33, 0x15,
    0x33, 0x15, 0x23, 0x15, 0x13, 0x35, 0x33, 0x15, 0x03, 0x35, 0x33, 0x15, 0x2b, 0x01, 0x35, 0x33,
    0x80, 0x40, 0x40, 0x40, 0x40, 0xfe, 0x80, 0x40, 0x40, 0x80, 0x40, 0x40, 0x40, 0x40, 0x40, 0x40,
    0x80, 0x40, 0x40, 0x02, 0x00, 0x40, 0x40, 0xfe, 0x00, 0x40, 0xc0, 0xc0, 0x40, 0x40, 0x01, 0x40,
    0x40, 0xc0, 0x40, 0xc0, 0x01, 0x00, 0x40, 0x40, 0x01, 0x40, 0x40, 0x40, 0x40, 0x00, 0x00, 0x00,
    0x00, 0x0d, 0x00, 0x00, 0x00, 0x00, 0x01, 0xc0, 0x03, 0x00, 0x00, 0x03, 0x00, 0x07, 0x00, 0x0b,
    0x00, 0x0f, 0x00, 0x13, 0x00, 0x17, 0x00, 0x1b, 0x00, 0x1f, 0x00, 0x23, 0x00, 0x27, 0x00, 0x2b,
    0x00, 0x2f, 0x00, 0x33, 0x00, 0x00, 0x13, 0x35, 0x33, 0x15, 0x13, 0x15, 0x23, 0x35, 0x33, 0x35,
    0x33, 0x15, 0x21, 0x23, 0x35, 0x33, 0x21, 0x35, 0x33, 0x15, 0x21, 0x23, 0x35, 0x33, 0x21, 0x23,
    0x35, 0x33, 0x05, 0x35, 0x33, 0x15, 0x37, 0x23, 0x35, 0x33, 0x35, 0x15, 0x23, 0x35, 0x33, 0x35,
    0x33, 0x15, 0x21, 0x35, 0x33, 0x15, 0x37, 0x15, 0x23, 0x35, 0x40, 0x40, 0xc0, 0xc0, 0xc0, 0x40,
    0xff, 0x00, 0x40, 0x40, 0x01, 0x00, 0x40, 0xfe, 0x80, 0x40, 0x40, 0x01, 0x40, 0x40, 0x40, 0xfe,
    0xc0, 0x40, 0xc0, 0xc0, 0xc0, 0x80, 0x80, 0x40, 0xff, 0x00, 0x40, 0x80, 0xc0, 0x02, 0x00, 0x40,
    0x40, 0xfe, 0x40, 0x40, 0x40, 0x40, 0x40, 0x40, 0xc0, 0xc0, 0xc0, 0x40, 0x40, 0x40, 0x40, 0x40,
    0x40, 0x80, 0x40, 0x40, 0x40, 0x40, 0x40, 0x40, 0xc0, 0x40, 0x40, 0x00, 0x00, 0x09, 0x00, 0x00,
    0x00, 0x00, 0x01, 0x40, 0x02, 0x80, 0x00, 0x03, 0x00, 0x07, 0x00, 0x0b, 0x00, 0x0f, 0x00, 0x13,
    0x00, 0x17, 0x00, 0x1b, 0x00, 0x1f, 0x00, 0x23, 0x00, 0x00, 0x11, 0x35, 0x33, 0x15, 0x13, 0x15,
    0x23, 0x35, 0x33, 0x35, 0x33, 0x15, 0x21, 0x23, 0x35, 0x3b, 0x01, 0x23, 0x35, 0x33, 0x35, 0x15,
    0x23, 0x35, 0x33, 0x35, 0x33, 0x15, 0x21, 0x35, 0x33, 0x15, 0x37, 0x15, 0x23, 0x35, 0x40, 0xc0,
    0xc0, 0xc0, 0x40, 0xff, 0x00, 0x40, 0x40, 0xc0, 0xc0, 0xc0, 0x80, 0x80, 0x40, 0xff, 0x00, 0x40,
    0x80, 0xc0, 0x01, 0x80, 0x40, 0x40, 0xfe, 0xc0, 0x40, 0x40, 0xc0, 0xc0, 0xc0, 0x40, 0x80, 0x40,
    0x40, 0x40, 0x40, 0x40, 0x40, 0xc0, 0x40, 0x40, 0x00, 0x09, 0x00, 0x00, 0x00, 0x00, 0x01, 0xc0,
    0x02, 0x40, 0x00, 0x03, 0x00, 0x07, 0x00, 0x0b, 0x00, 0x0f, 0x00, 0x13, 0x00, 0x17, 0x00, 0x1b,
    0x00, 0x1f, 0x00, 0x23, 0x00, 0x00, 0x13, 0x35, 0x33, 0x15, 0x13, 0x15, 0x23, 0x35, 0x33, 0x35,
    0x33, 0x15, 0x21, 0x23, 0x35, 0x33, 0x21, 0x35, 0x33, 0x15, 0x21, 0x23, 0x35, 0x33, 0x21, 0x23,
    0x35, 0x33, 0x05, 0x35, 0x33, 0x15, 0x37, 0x23, 0x35, 0x33, 0xc0, 0x40, 0x40, 0xc0, 0xc0, 0x40,
    0xff, 0x00, 0x40, 0x40, 0x01, 0x00, 0x40, 0xfe, 0x80, 0x40, 0x40, 0x01, 0x40, 0x40, 0x40, 0xfe,
    0xc0, 0x40, 0xc0, 0xc0, 0xc0, 0x02, 0x00, 0x40, 0x40, 0xfe, 0x40, 0x40, 0x40, 0x40, 0x40, 0x40,
    0xc0, 0xc0, 0xc0, 0x40, 0x40, 0x40, 0x40, 0x40, 0x40, 0x00, 0x00, 0x00, 0x00, 0x05, 0x00, 0x00,
    0x00, 0x00, 0x01, 0x40, 0x01, 0xc0, 0x00, 0x03, 0x00, 0x07, 0x00, 0x0b, 0x00, 0x0f, 0x00, 0x13,
    0x00, 0x00, 0x13, 0x35, 0x33, 0x15, 0x13, 0x15, 0x23, 0x35, 0x33, 0x35, 0x33, 0x15, 0x21, 0x23,
    0x35, 0x3b, 0x01, 0x23, 0x35, 0x33, 0x80, 0x40, 0x40, 0xc0, 0xc0, 0x40, 0xff, 0x00, 0x40, 0x40,
    0xc0, 0xc0, 0xc0, 0x01, 0x80, 0x40, 0x40, 0xfe, 0xc0, 0x40, 0x40, 0xc0, 0xc0, 0xc0, 0x40, 0x00,
    0x00, 0x0a, 0x00, 0x00, 0x00, 0x00, 0x01, 0xc0, 0x02, 0xc0, 0x00, 0x03, 0x00, 0x07, 0x00, 0x0b,
    0x00, 0x0f, 0x00, 0x13, 0x00, 0x17, 0x00, 0x1b, 0x00, 0x1f, 0x00, 0x23, 0x00, 0x27, 0x00, 0x00,
    0x13, 0x35, 0x33, 0x15, 0x13, 0x15, 0x23, 0x35, 0x33, 0x35, 0x33, 0x15, 0x21, 0x23, 0x35, 0x33,
    0x21, 0x35, 0x33, 0x15, 0x21, 0x23, 0x35, 0x33, 0x21, 0x23, 0x35, 0x33, 0x05, 0x35, 0x33, 0x15,
    0x37, 0x23, 0x35, 0x33, 0x11, 0x15, 0x23, 0x35, 0xc0, 0x40, 0x40, 0xc0, 0xc0, 0x40, 0xff, 0x00,
    0x40, 0x40, 0x01, 0x00, 0x40, 0xfe, 0x80, 0x40, 0x40, 0x01, 0x40, 0x40, 0x40, 0xfe, 0xc0, 0x40,
    0xc0, 0xc0, 0xc0, 0xc0, 0x02, 0x00, 0x40, 0x40, 0xfe, 0x40, 0x40, 0x40, 0x40, 0x40, 0x40, 0xc0,
    0xc0, 0xc0, 0x40, 0x40, 0x40, 0x40, 0x40, 0x40, 0x01, 0x00, 0x40, 0x40, 0x00, 0x06, 0x00, 0x00,
    0x00, 0x00, 0x01, 0x40, 0x02, 0x40, 0x00, 0x03, 0x00, 0x07, 0x00, 0x0b, 0x00, 0x0f, 0x00, 0x13,
    0x00, 0x17, 0x00, 0x00, 0x13, 0x35, 0x33, 0x15, 0x13, 0x15, 0x23, 0x35, 0x33, 0x35, 0x33, 0x15,
    0x21, 0x23, 0x35, 0x3b, 0x01, 0x23, 0x35, 0x33, 0x11, 0x15, 0x23, 0x35, 0x80, 0x40, 0x40, 0xc0,
    0xc0, 0x40, 0xff, 0x00, 0x40, 0x40, 0xc0, 0xc0, 0xc0, 0xc0, 0x01, 0x80, 0x40, 0x40, 0xfe, 0xc0,
    0x40, 0x40, 0xc0, 0xc0, 0xc0, 0x40, 0x01, 0x00, 0x40, 0x40, 0x00, 0x00, 0x00, 0x06, 0x00, 0x00,
    0x00, 0x00, 0x01, 0xc0, 0x02, 0x40, 0x00, 0x07, 0x00, 0x0b, 0x00, 0x0f, 0x00, 0x17, 0x00, 0x1f,
    0x00, 0x23, 0x00, 0x00, 0x33, 0x35, 0x33, 0x35, 0x33, 0x15, 0x33, 0x15, 0x03, 0x35, 0x33, 0x15,
    0x2b, 0x01, 0x35, 0x3b, 0x01, 0x35, 0x23, 0x35, 0x33, 0x15, 0x23, 0x15, 0x21, 0x23, 0x35, 0x23,
    0x35, 0x33, 0x15, 0x23, 0x37, 0x15, 0x23, 0x35, 0x80, 0x40, 0x40, 0x40, 0x40, 0x40, 0x80, 0x40,
    0x40, 0x80, 0x40, 0xc0, 0x40, 0xff, 0x00, 0x40, 0x40, 0xc0, 0x40, 0xc0, 0xc0, 0x40, 0xc0, 0xc0,
    0x40, 0x01, 0x00, 0x40, 0x40, 0x40, 0x40, 0x40, 0x40, 0x40, 0x40, 0x40, 0x40, 0xc0, 0x40, 0x40,
    0x00, 0x05, 0x00, 0x00, 0xff, 0x80, 0x01, 0x40, 0x01, 0xc0, 0x00, 0x03, 0x00, 0x07, 0x00, 0x0d,
    0x00, 0x13, 0x00, 0x17, 0x00, 0x00, 0x17, 0x15, 0x23, 0x35, 0x33, 0x35, 0x33, 0x15, 0x35, 0x11,
    0x33, 0x15, 0x23, 0x15, 0x2b, 0x01, 0x35, 0x23, 0x35, 0x33, 0x37, 0x15, 0x23, 0x35, 0x80, 0x80,
    0x80, 0x40, 0x80, 0x40, 0x80, 0x40, 0x40, 0x80, 0x80, 0xc0, 0x40, 0x40, 0x40, 0x80, 0x80, 0x80,
    0x01, 0x00, 0x40, 0xc0, 0xc0, 0x40, 0x80, 0x40, 0x40, 0x00, 0x00, 0x00, 0x00, 0x02, 0x00, 0x00,
    0x00, 0x00, 0x01, 0xc0, 0x01, 0xc0, 0x00, 0x03, 0x00, 0x1f, 0x00, 0x00, 0x25, 0x15, 0x23, 0x35,
    0x33, 0x35, 0x23, 0x15, 0x23, 0x35, 0x23, 0x35, 0x33, 0x35, 0x23, 0x35, 0x33, 0x15, 0x23, 0x15,
    0x33, 0x35, 0x23, 0x35, 0x33, 0x15, 0x23, 0x15, 0x33, 0x15, 0x23, 0x15, 0x01, 0x40, 0xc0, 0xc0,
    0xc0, 0x40, 0x40, 0x40, 0x40, 0xc0, 0x40, 0xc0, 0x40, 0xc0, 0x40, 0x40, 0x40, 0x40, 0x40, 0x40,
    0x80, 0x80, 0x80, 0x40, 0x80, 0x40, 0x40, 0x80, 0x80, 0x40, 0x40, 0x80, 0x40, 0x80, 0x00, 0x00,
    0x00, 0x05, 0x00, 0x00, 0x00, 0x00, 0x01, 0x80, 0x01, 0xc0, 0x00, 0x03, 0x00, 0x11, 0x00, 0x15,
    0x00, 0x19, 0x00, 0x1d, 0x00, 0x00, 0x25, 0x15, 0x23, 0x35, 0x07, 0x35, 0x33, 0x11, 0x33, 0x15,
    0x33, 0x15, 0x23, 0x15, 0x33, 0x15, 0x23, 0x15, 0x37, 0x35, 0x33, 0x15, 0x27, 0x23, 0x35, 0x33,
    0x27, 0x15, 0x23, 0x35, 0x01, 0x40, 0x80, 0xc0, 0x40, 0x40, 0x40, 0x40, 0x40, 0x40, 0xc0, 0x40,
    0x40, 0x80, 0x80, 0x40, 0x80, 0x40, 0x40, 0x40, 0x40, 0x40, 0x01, 0x40, 0x80, 0x40, 0x40, 0x40,
    0x40, 0x40, 0xc0, 0xc0, 0xc0, 0x40, 0x80, 0x40, 0x40, 0x00, 0x00, 0x00, 0x00, 0x04, 0x00, 0x00,
    0x00, 0x00, 0x01, 0x40, 0x01, 0x40, 0x00, 0x03, 0x00, 0x07, 0x00, 0x0b, 0x00, 0x0f, 0x00, 0x00,
    0x25, 0x15, 0x23, 0x35, 0x33, 0x35, 0x33, 0x15, 0x21, 0x23, 0x35, 0x33, 0x37, 0x23, 0x35, 0x33,
    0x01, 0x00, 0xc0, 0xc0, 0x40, 0xff, 0x00, 0x40, 0x40, 0xc0, 0xc0, 0xc0, 0x40, 0x40, 0x40, 0xc0,
    0xc0, 0x40, 0x80, 0x40, 0x00, 0x05, 0x00, 0x00, 0xff, 0x80, 0x01, 0x80, 0x01, 0xc0, 0x00, 0x0d,
    0x00, 0x11, 0x00, 0x15, 0x00, 0x19, 0x00, 0x1d, 0x00, 0x00, 0x37, 0x35, 0x33, 0x35, 0x23, 0x35,
    0x33, 0x35, 0x23, 0x35, 0x33, 0x11, 0x23, 0x35, 0x17, 0x35, 0x33, 0x15, 0x25, 0x23, 0x35, 0x3b,
    0x01, 0x23, 0x35, 0x33, 0x11, 0x15, 0x23, 0x35, 0xc0, 0x40, 0x40, 0x40, 0x40, 0x80, 0x40, 0x40,
    0x40, 0xfe, 0xc0, 0x40, 0x40, 0x80, 0x80, 0x80, 0x80, 0x40, 0x40, 0x40, 0x40, 0x80, 0x40, 0xfe,
    0x00, 0x80, 0xc0, 0x40, 0x40, 0xc0, 0xc0, 0x40, 0xff, 0x00, 0x40, 0x40, 0x00, 0x06, 0x00, 0x00,
    0x00, 0x00, 0x01, 0xc0, 0x01, 0xc0, 0x00, 0x0d, 0x00, 0x11, 0x00, 0x15, 0x00, 0x19, 0x00, 0x1d,
    0x00, 0x21, 0x00, 0x00, 0x37, 0x35, 0x33, 0x35, 0x23, 0x35, 0x33, 0x35, 0x33, 0x11, 0x33, 0x15,
    0x23, 0x35, 0x13, 0x35, 0x33, 0x15, 0x01, 0x23, 0x35, 0x3b, 0x01, 0x23, 0x35, 0x33, 0x37, 0x35,
    0x33, 0x15, 0x03, 0x15, 0x23, 0x35, 0xc0, 0x40, 0x40, 0x40, 0x40, 0x40, 0x80, 0x80, 0x40, 0xfe,
    0x80, 0x40, 0x40, 0x80, 0x80, 0x80, 0x80, 0x40, 0xc0, 0x80, 0x40, 0x40, 0x40, 0x40, 0x80, 0xfe,
    0xc0, 0x40, 0x40, 0x01, 0x00, 0x40, 0x40, 0xff, 0x00, 0xc0, 0x40, 0x40, 0x40, 0x40, 0xfe, 0xc0,
    0x40, 0x40, 0x00, 0x00, 0x00, 0x03, 0x00, 0x00, 0x00, 0x00, 0x01, 0x40, 0x01, 0x40, 0x00, 0x03,
    0x00, 0x0d, 0x00, 0x11, 0x00, 0x00, 0x25, 0x15, 0x23, 0x35, 0x33, 0x35, 0x23, 0x15, 0x23, 0x35,
    0x21, 0x35, 0x33, 0x15, 0x27, 0x23, 0x35, 0x33, 0x01, 0x00, 0xc0, 0xc0, 0xc0, 0x40, 0x01, 0x00,
    0x40, 0x40, 0xc0, 0xc0, 0x40, 0x40, 0x40, 0x40, 0x40, 0x80, 0x40, 0xc0, 0xc0, 0x40, 0x00, 0x00,
    0x00, 0x07, 0x00, 0x00, 0x00, 0x00, 0x01, 0x40, 0x01, 0x40, 0x00, 0x03, 0x00, 0x07, 0x00, 0x0b,
    0x00, 0x0f, 0x00, 0x13, 0x00, 0x17, 0x00, 0x1b, 0x00, 0x00, 0x25, 0x35, 0x33, 0x15, 0x07, 0x15,
    0x23, 0x35, 0x33, 0x35, 0x33, 0x15, 0x21, 0x23, 0x35, 0x33, 0x37, 0x15, 0x23, 0x35, 0x31, 0x23,
    0x35, 0x3b, 0x01, 0x23, 0x35, 0x33, 0x01, 0x00, 0x40, 0x40, 0xc0, 0xc0, 0x40, 0xff, 0x00, 0x40,
    0x40, 0x80, 0x80, 0x40, 0x40, 0xc0, 0xc0, 0xc0, 0xc0, 0x40, 0x40, 0x80, 0x40, 0x40, 0x40, 0x40,
    0x40, 0x40, 0x40, 0x40, 0x40, 0x40, 0x00, 0x00, 0x00, 0x08, 0x00, 0x00, 0xff, 0x80, 0x01, 0xc0,
    0x01, 0xc0, 0x00, 0x03, 0x00, 0x07, 0x00, 0x0b, 0x00, 0x0f, 0x00, 0x13, 0x00, 0x17, 0x00, 0x23,
    0x00, 0x27, 0x00, 0x00, 0x33, 0x35, 0x33, 0x15, 0x13, 0x35, 0x33, 0x15, 0x03, 0x15, 0x23, 0x3d,
    0x01, 0x23, 0x35, 0x3b, 0x01, 0x23, 0x35, 0x33, 0x37, 0x35, 0x33, 0x15, 0x03, 0x35, 0x33, 0x35,
    0x23, 0x35, 0x33, 0x35, 0x33, 0x11, 0x23, 0x35, 0x07, 0x15, 0x23, 0x35, 0x40, 0x80, 0xc0, 0x40,
    0xc0, 0xc0, 0x40, 0x40, 0x80, 0x80, 0x80, 0x80, 0x40, 0xc0, 0x40, 0x40, 0x40, 0x40, 0x40, 0xc0,
    0x40, 0x40, 0x40, 0x01, 0x40, 0x40, 0x40, 0xfe, 0x80, 0x40, 0x40, 0x80, 0xc0, 0x40, 0x40, 0x40,
    0x40, 0xfe, 0xc0, 0x40, 0x40, 0x40, 0x80, 0xfe, 0x40, 0x80, 0x40, 0x40, 0x40, 0x00, 0x00, 0x00,
    0x00, 0x06, 0x00, 0x00, 0xff, 0x80, 0x01, 0x40, 0x01, 0x40, 0x00, 0x03, 0x00, 0x07, 0x00, 0x0b,
    0x00, 0x0f, 0x00, 0x15, 0x00, 0x1b, 0x00, 0x00, 0x17, 0x35, 0x33, 0x15, 0x3d, 0x01, 0x33, 0x15,
    0x2b, 0x01, 0x35, 0x33, 0x31, 0x35, 0x33, 0x15, 0x3d, 0x01, 0x33, 0x15, 0x23, 0x15, 0x2b, 0x01,
    0x35, 0x23, 0x35, 0x33, 0x80, 0x40, 0x40, 0x80, 0x40, 0x40, 0x40, 0x80, 0x40, 0x80, 0x40, 0x40,
    0x80, 0x80, 0x40, 0x40, 0x40, 0x80, 0x80, 0x80, 0x40, 0x40, 0x40, 0xc0, 0x40, 0x80, 0x80, 0x40,
    0x00, 0x02, 0x00, 0x00, 0x00, 0x00, 0x00, 0xc0, 0x01, 0xc0, 0x00, 0x03, 0x00, 0x15, 0x00, 0x00,
    0x13, 0x35, 0x33, 0x15, 0x03, 0x35, 0x33, 0x35, 0x23, 0x35, 0x33, 0x35, 0x23, 0x35, 0x33, 0x15,
    0x33, 0x15, 0x23, 0x15, 0x33, 0x15, 0x40, 0x40, 0x80, 0x40, 0x40, 0x40, 0x40, 0x80, 0x40, 0x40,
    0x40, 0x01, 0x80, 0x40, 0x40, 0xfe, 0x80, 0x40, 0x40, 0x40, 0x40, 0x40, 0x80, 0x40, 0x40, 0x40,
    0x00, 0x04, 0x00, 0x00, 0xff, 0x80, 0x01, 0x80, 0x01, 0x40, 0x00, 0x03, 0x00, 0x0d, 0x00, 0x15,
    0x00, 0x19, 0x00, 0x00, 0x15, 0x35, 0x33, 0x15, 0x35, 0x11, 0x23, 0x35, 0x33, 0x15, 0x33, 0x15,
    0x23, 0x11, 0x37, 0x35, 0x33, 0x35, 0x33, 0x15, 0x33, 0x15, 0x03, 0x35, 0x33, 0x15, 0x40, 0x40,
    0x80, 0x40, 0x40, 0x40, 0x40, 0x40, 0x40, 0xc0, 0x40, 0x80, 0x40, 0x40, 0x40, 0x01, 0x40, 0x40,
    0x40, 0x40, 0xff, 0x00, 0x40, 0x40, 0xc0, 0xc0, 0x40, 0x01, 0x00, 0x40, 0x40, 0x00, 0x00, 0x00,
    0x00, 0x03, 0x00, 0x00, 0xff, 0x80, 0x01, 0xc0, 0x01, 0xc0, 0x00, 0x03, 0x00, 0x1f, 0x00, 0x23,
    0x00, 0x00, 0x37, 0x35, 0x23, 0x15, 0x3d, 0x01, 0x33, 0x35, 0x23, 0x35, 0x33, 0x15, 0x23, 0x15,
    0x33, 0x15, 0x23, 0x15, 0x33, 0x15, 0x23, 0x15, 0x33, 0x15, 0x23, 0x35, 0x33, 0x35, 0x23, 0x35,
    0x23, 0x35, 0x21, 0x33, 0x15, 0x23, 0xc0, 0x80, 0x80, 0x40, 0xc0, 0x40, 0x80, 0x80, 0x80, 0x80,
    0x40, 0xc0, 0x40, 0x80, 0x40, 0x01, 0x80, 0x40, 0x40, 0x40, 0xc0, 0xc0, 0xc0, 0x40, 0x40, 0x40,
    0x40, 0x40, 0x40, 0xc0, 0x40, 0x40, 0x40, 0x40, 0x40, 0x40, 0xc0, 0xc0, 0x00, 0x02, 0x00, 0x00,
    0x00, 0x00, 0x01, 0x80, 0x01, 0x40, 0x00, 0x03, 0x00, 0x1f, 0x00, 0x00, 0x37, 0x35, 0x23, 0x15,
    0x33, 0x15, 0x23, 0x35, 0x23, 0x35, 0x33, 0x35, 0x23, 0x35, 0x33, 0x15, 0x33, 0x35, 0x23, 0x35,
    0x33, 0x15, 0x23, 0x15, 0x33, 0x15, 0x23, 0x15, 0x33, 0x15, 0x23, 0x35, 0xc0, 0x40, 0x40, 0x80,
    0x40, 0x40, 0x40, 0x80, 0x80, 0x40, 0xc0, 0x40, 0x40, 0x40, 0x40, 0x80, 0x40, 0x40, 0x40, 0x40,
    0x80, 0x40, 0x40, 0x40, 0x80, 0x40, 0x40, 0x40, 0x40, 0x40, 0x40, 0x40, 0x40, 0x00, 0x00, 0x00,
    0x00, 0x04, 0x00, 0x00, 0x00, 0x00, 0x01, 0x40, 0x01, 0x40, 0x00, 0x03, 0x00, 0x07, 0x00, 0x0d,
    0x00, 0x11, 0x00, 0x00, 0x25, 0x15, 0x23, 0x35, 0x33, 0x35, 0x33, 0x15, 0x2b, 0x01, 0x35, 0x23,
    0x35, 0x33, 0x17, 0x23, 0x35, 0x33, 0x01, 0x00, 0x80, 0x80, 0x40, 0xc0, 0x40, 0x40, 0x80, 0x80,
    0x40, 0x40, 0x40, 0x40, 0x40, 0xc0, 0xc0, 0xc0, 0x40, 0x40, 0x40, 0x00, 0x00, 0x05, 0x00, 0x00,
    0xff, 0x80, 0x01, 0x40, 0x01, 0x40, 0x00, 0x03, 0x00, 0x07, 0x00, 0x11, 0x00, 0x17, 0x00, 0x1b,
    0x00, 0x00, 0x05, 0x35, 0x33, 0x15, 0x21, 0x23, 0x35, 0x33, 0x37, 0x35, 0x23, 0x15, 0x23, 0x35,
    0x21, 0x15, 0x23, 0x1d, 0x01, 0x23, 0x35, 0x33, 0x15, 0x33, 0x1d, 0x01, 0x23, 0x35, 0x01, 0x00,
    0x40, 0xff, 0x00, 0x40, 0x40, 0x80, 0x80, 0x40, 0x01, 0x40, 0x40, 0x80, 0x40, 0x40, 0xc0, 0x40,
    0x80, 0x80, 0x40, 0xc0, 0x40, 0x40, 0x80, 0x40, 0x40, 0x80, 0x80, 0x40, 0xc0, 0x40, 0x40, 0x00,
    0x00, 0x05, 0x00, 0x00, 0x00, 0x00, 0x01, 0x40, 0x01, 0xc0, 0x00, 0x03, 0x00, 0x0b, 0x00, 0x0f,
    0x00, 0x13, 0x00, 0x17, 0x00, 0x00, 0x11, 0x35, 0x33, 0x15, 0x11, 0x35, 0x33, 0x35, 0x33, 0x15,
    0x33, 0x15, 0x27, 0x35, 0x33, 0x15, 0x3d, 0x01, 0x33, 0x15, 0x27, 0x23, 0x35, 0x33, 0x40, 0x40,
    0x40, 0x40, 0x40, 0x40, 0x40, 0x40, 0xc0, 0xc0, 0x01, 0x40, 0x40, 0x40, 0xfe, 0xc0, 0x40, 0x80,
    0x80, 0x40, 0xc0, 0x40, 0x40, 0x40, 0x80, 0x80, 0x80, 0x40, 0x00, 0x00, 0x00, 0x01, 0x00, 0x00,
    0x01, 0x40, 0x00, 0x40, 0x01, 0xc0, 0x00, 0x03, 0x00, 0x00, 0x11, 0x35, 0x33, 0x15, 0x40, 0x01,
    0x40, 0x80, 0x80, 0x00, 0x00, 0x02, 0x00, 0x00, 0x01, 0x40, 0x00, 0xc0, 0x01, 0xc0, 0x00, 0x03,
    0x00, 0x07, 0x00, 0x00, 0x13, 0x35, 0x33, 0x15, 0x23, 0x35, 0x33, 0x15, 0x80, 0x40, 0xc0, 0x40,
    0x01, 0x40, 0x80, 0x80, 0x80, 0x80, 0x00, 0x00, 0x00, 0x01, 0x00, 0x00, 0x01, 0x40, 0x00, 0x40,
    0x01, 0xc0, 0x00, 0x03, 0x00, 0x00, 0x11, 0x35, 0x33, 0x15, 0x40, 0x01, 0x40, 0x80, 0x80, 0x00,
    0x00, 0x01, 0x00, 0x00, 0x01, 0x40, 0x00, 0x40, 0x01, 0xc0, 0x00, 0x03, 0x00, 0x00, 0x11, 0x35,
    0x33, 0x15, 0x40, 0x01, 0x40, 0x80, 0x80, 0x00, 0x00, 0x01, 0x00, 0x00, 0x01, 0x40, 0x00, 0x40,
    0x01, 0xc0, 0x00, 0x03, 0x00, 0x00, 0x11, 0x35, 0x33, 0x15, 0x40, 0x01, 0x40, 0x80, 0x80, 0x00,
    0x00, 0x02, 0x00, 0x00, 0x00, 0x00, 0x00, 0xc0, 0x01, 0x40, 0x00, 0x07, 0x00, 0x0f, 0x00, 0x00,
    0x37, 0x35, 0x23, 0x35, 0x33, 0x15, 0x23, 0x15, 0x07, 0x35, 0x33, 0x35, 0x33, 0x15, 0x33, 0x15,
    0x40, 0x40, 0xc0, 0x40, 0x80, 0x40, 0x40, 0x40, 0xc0, 0x40, 0x40, 0x40, 0x40, 0xc0, 0x40, 0x40,
    0x40, 0x40, 0x00, 0x00, 0x00, 0x01, 0x00, 0x00, 0x00, 0xc0, 0x00, 0xc0, 0x01, 0x40, 0x00, 0x07,
    0x00, 0x00, 0x37, 0x35, 0x23, 0x35, 0x33, 0x15, 0x23, 0x15, 0x40, 0x40, 0xc0, 0x40, 0xc0, 0x40,
    0x40, 0x40, 0x40, 0x00, 0x00, 0x03, 0x00, 0x00, 0xff, 0x80, 0x00, 0x80, 0x01, 0x40, 0x00, 0x03,
    0x00, 0x07, 0x00, 0x0b, 0x00, 0x00, 0x15, 0x35, 0x33, 0x15, 0x11, 0x35, 0x33, 0x15, 0x03, 0x35,
    0x33, 0x15, 0x40, 0x40, 0x40, 0x40, 0x80, 0x40, 0x40, 0x01, 0x80, 0x40, 0x40, 0xfe, 0xc0, 0x80,
    0x80, 0x00, 0x00, 0x00, 0x00, 0x03, 0x00, 0x00, 0x00, 0x00, 0x01, 0xc0, 0x02, 0x00, 0x00, 0x03,
    0x00, 0x1b, 0x00, 0x1f, 0x00, 0x00, 0x11, 0x35, 0x33, 0x15, 0x13, 0x35, 0x33, 0x35, 0x23, 0x15,
    0x33, 0x15, 0x23, 0x35, 0x33, 0x35, 0x33, 0x35, 0x33, 0x15, 0x33, 0x35, 0x33, 0x15, 0x33, 0x15,
    0x33, 0x15, 0x01, 0x35, 0x33, 0x15, 0x40, 0xc0, 0x40, 0xc0, 0x40, 0xc0, 0x40, 0x40, 0x40, 0x40,
    0x40, 0x40, 0x40, 0xff, 0x00, 0x40, 0x01, 0x80, 0x80, 0x80, 0xfe, 0x80, 0x40, 0x40, 0x40, 0x40,
    0x40, 0x80, 0xc0, 0xc0, 0xc0, 0xc0, 0x80, 0x40, 0x01, 0x80, 0x40, 0x40, 0x00, 0x01, 0x00, 0x00,
    0x00, 0xc0, 0x00, 0x40, 0x01, 0x00, 0x00, 0x03, 0x00, 0x00, 0x3d, 0x01, 0x33, 0x15, 0x40, 0xc0,
    0x40, 0x40, 0x00, 0x00, 0x00, 0x02, 0x00, 0x00, 0x00, 0x00, 0x02, 0x00, 0x02, 0x00, 0x00, 0x17,
    0x00, 0x1b, 0x00, 0x00, 0x25, 0x35, 0x23, 0x15, 0x33, 0x35, 0x33, 0x15, 0x21, 0x35, 0x33, 0x11,
    0x23, 0x35, 0x21, 0x15, 0x23, 0x35, 0x23, 0x15, 0x33, 0x35, 0x33, 0x15, 0x01, 0x35, 0x33, 0x15,
    0x01, 0x40, 0x40, 0xc0, 0x40, 0xfe, 0x80, 0x40, 0x40, 0x01, 0x80, 0x40, 0xc0, 0x40, 0x40, 0xfe,
    0x80, 0x40, 0x80, 0x40, 0x80, 0x40, 0x80, 0x40, 0x01, 0x40, 0x40, 0x80, 0x40, 0x80, 0x40, 0xc0,
    0x01, 0x00, 0x80, 0x80, 0x00, 0x02, 0x00, 0x00, 0x00, 0x00, 0x02, 0x40, 0x02, 0x00, 0x00, 0x03,
    0x00, 0x1f, 0x00, 0x00, 0x11, 0x35, 0x33, 0x15, 0x01, 0x35, 0x33, 0x35, 0x23, 0x15, 0x33, 0x15,
    0x23, 0x35, 0x33, 0x11, 0x23, 0x35, 0x33, 0x15, 0x23, 0x15, 0x33, 0x35, 0x23, 0x35, 0x33, 0x15,
    0x23, 0x11, 0x33, 0x15, 0x40, 0x01, 0x40, 0x40, 0xc0, 0x40, 0xc0, 0x40, 0x40, 0xc0, 0x40, 0xc0,
    0x40, 0xc0, 0x40, 0x40, 0x01, 0x80, 0x80, 0x80, 0xfe, 0x80, 0x40, 0x80, 0x80, 0x40, 0x40, 0x01,
    0x40, 0x40, 0x40, 0x80, 0x80, 0x40, 0x40, 0xfe, 0xc0, 0x40, 0x00, 0x00, 0x00, 0x02, 0x00, 0x00,
    0x00, 0x00, 0x01, 0x40, 0x02, 0x00, 0x00, 0x03, 0x00, 0x0f, 0x00, 0x00, 0x11, 0x35, 0x33, 0x15,
    0x13, 0x35, 0x33, 0x11, 0x23, 0x35, 0x33, 0x15, 0x23, 0x11, 0x33, 0x15, 0x40, 0x40, 0x40, 0x40,
    0xc0, 0x40, 0x40, 0x01, 0x80, 0x80, 0x80, 0xfe, 0x80, 0x40, 0x01, 0x40, 0x40, 0x40, 0xfe, 0xc0,
    0x40, 0x00, 0x00, 0x00, 0x00, 0x09, 0x00, 0x00, 0x00, 0x00, 0x02, 0x00, 0x02, 0x00, 0x00, 0x03,
    0x00, 0x07, 0x00, 0x0b, 0x00, 0x0f, 0x00, 0x13, 0x00, 0x17, 0x00, 0x1b, 0x00, 0x1f, 0x00, 0x23,
    0x00, 0x00, 0x11, 0x35, 0x33, 0x15, 0x01, 0x15, 0x23, 0x35, 0x33, 0x35, 0x33, 0x15, 0x21, 0x23,
    0x35, 0x33, 0x21, 0x35, 0x33, 0x15, 0x21, 0x23, 0x35, 0x33, 0x21, 0x23, 0x35, 0x33, 0x05, 0x35,
    0x33, 0x15, 0x37, 0x23, 0x35, 0x33, 0x40, 0x01, 0x40, 0xc0, 0xc0, 0x40, 0xff, 0x00, 0x40, 0x40,
    0x01, 0x00, 0x40, 0xfe, 0x80, 0x40, 0x40, 0x01, 0x40, 0x40, 0x40, 0xfe, 0xc0, 0x40, 0xc0, 0xc0,
    0xc0, 0x01, 0x80, 0x80, 0x80, 0xfe, 0xc0, 0x40, 0x40, 0x40, 0x40, 0x40, 0xc0, 0xc0, 0xc0, 0x40,
    0x40, 0x40, 0x40, 0x40, 0x40, 0x00, 0x00, 0x00, 0x00, 0x06, 0x00, 0x00, 0x00, 0x00, 0x02, 0x40,
    0x02, 0x00, 0x00, 0x03, 0x00, 0x0b, 0x00, 0x0f, 0x00, 0x13, 0x00, 0x1b, 0x00, 0x23, 0x00, 0x00,
    0x11, 0x35, 0x33, 0x15, 0x13, 0x35, 0x33, 0x35, 0x33, 0x15, 0x33, 0x15, 0x03, 0x35, 0x33, 0x15,
    0x2b, 0x01, 0x35, 0x3b, 0x01, 0x35, 0x23, 0x35, 0x33, 0x15, 0x23, 0x15, 0x21, 0x23, 0x35, 0x23,
    0x35, 0x33, 0x15, 0x23, 0x40, 0xc0, 0x40, 0x40, 0x40, 0x40, 0x40, 0x80, 0x40, 0x40, 0x80, 0x40,
    0xc0, 0x40, 0xff, 0x00, 0x40, 0x40, 0xc0, 0x40, 0x01, 0x80, 0x80, 0x80, 0xfe, 0x80, 0x40, 0xc0,
    0xc0, 0x40, 0x01, 0x00, 0x40, 0x40, 0x40, 0x40, 0x40, 0x40, 0x40, 0x40, 0x40, 0x40, 0x00, 0x00,
    0x00, 0x0a, 0x00, 0x00, 0x00, 0x00, 0x02, 0x00, 0x02, 0x00, 0x00, 0x03, 0x00, 0x0b, 0x00, 0x13,
    0x00, 0x17, 0x00, 0x1b, 0x00, 0x1f, 0x00, 0x23, 0x00, 0x27, 0x00, 0x2b, 0x00, 0x2f, 0x00, 0x00,
    0x11, 0x35, 0x33, 0x15, 0x01, 0x35, 0x33, 0x15, 0x33, 0x35, 0x33, 0x15, 0x21, 0x35, 0x33, 0x15,
    0x33, 0x35, 0x33, 0x15, 0x37, 0x35, 0x33, 0x15, 0x21, 0x35, 0x33, 0x15, 0x25, 0x35, 0x33, 0x15,
    0x21, 0x23, 0x35, 0x33, 0x21, 0x23, 0x35, 0x33, 0x05, 0x35, 0x33, 0x15, 0x37, 0x23, 0x35, 0x33,
    0x40, 0x01, 0x00, 0x40, 0x40, 0x40, 0xfe, 0x40, 0x40, 0x40, 0x40, 0x80, 0x40, 0xfe, 0xc0, 0x40,
    0x01, 0x00, 0x40, 0xfe, 0x80, 0x40, 0x40, 0x01, 0x40, 0x40, 0x40, 0xfe, 0xc0, 0x40, 0xc0, 0xc0,
    0xc0, 0x01, 0x80, 0x80, 0x80, 0xfe, 0x80, 0x80, 0x40, 0x40, 0x80, 0x80, 0x40, 0x40, 0x80, 0x80,
    0x40, 0x40, 0x40, 0x40, 0x40, 0x80, 0x80, 0x80, 0x40, 0x40, 0x40, 0x40, 0x40, 0x40, 0x00, 0x00,
    0x00, 0x04, 0xff, 0xc0, 0x00, 0x00, 0x00, 0x80, 0x02, 0x80, 0x00, 0x03, 0x00, 0x07, 0x00, 0x0b,
    0x00, 0x11, 0x00, 0x00, 0x13, 0x35, 0x33, 0x15, 0x23, 0x35, 0x33, 0x15, 0x3d, 0x01, 0x33, 0x15,
    0x03, 0x11, 0x33, 0x11, 0x33, 0x15, 0x40, 0x40, 0xc0, 0x40, 0x40, 0x40, 0x40, 0x40, 0x01, 0x80,
    0x40, 0x40, 0x40, 0x40, 0x80, 0x80, 0x80, 0xfe, 0x00, 0x01, 0x40, 0xff, 0x00, 0x40, 0x00, 0x00,
    0x00, 0x02, 0x00, 0x00, 0x00, 0x00, 0x01, 0xc0, 0x01, 0xc0, 0x00, 0x17, 0x00, 0x1b, 0x00, 0x00,
    0x21, 0x35, 0x33, 0x35, 0x23, 0x15, 0x33, 0x15, 0x23, 0x35, 0x33, 0x35, 0x33, 0x35, 0x33, 0x15,
    0x33, 0x35, 0x33, 0x15, 0x33, 0x15, 0x33, 0x15, 0x01, 0x35, 0x33, 0x15, 0x01, 0x00, 0x40, 0xc0,
    0x40, 0xc0, 0x40, 0x40, 0x40, 0x40, 0x40, 0x40, 0x40, 0xff, 0x00, 0x40, 0x40, 0x40, 0x40, 0x40,
    0x40, 0x80, 0xc0, 0xc0, 0xc0, 0xc0, 0x80, 0x40, 0x01, 0x80, 0x40, 0x40, 0x00, 0x03, 0x00, 0x00,
    0x00, 0x00, 0x01, 0x80, 0x01, 0xc0, 0x00, 0x03, 0x00, 0x11, 0x00, 0x15, 0x00, 0x00, 0x01, 0x23,
    0x15, 0x33, 0x17, 0x15, 0x21, 0x35, 0x33, 0x11, 0x23, 0x35, 0x21, 0x15, 0x33, 0x15, 0x23, 0x15,
    0x37, 0x33, 0x15, 0x23, 0x01, 0x00, 0x80, 0x80, 0x40, 0xfe, 0xc0, 0x40, 0x40, 0x01, 0x00, 0x40,
    0xc0, 0xc0, 0x40, 0x40, 0x01, 0x80, 0x80, 0xc0, 0x40, 0x40, 0x01, 0x40, 0x40, 0x40, 0xc0, 0x80,
    0x80, 0x80, 0x00, 0x00, 0x00, 0x01, 0x00, 0x00, 0x00, 0x00, 0x01, 0x80, 0x01, 0xc0, 0x00, 0x0d,
    0x00, 0x00, 0x01, 0x35, 0x23, 0x11, 0x33, 0x15, 0x23, 0x35, 0x33, 0x11, 0x23, 0x35, 0x21, 0x15,
    0x01, 0x40, 0xc0, 0x40, 0xc0, 0x40, 0x40, 0x01, 0x80, 0x01, 0x40, 0x40, 0xfe, 0xc0, 0x40, 0x40,
    0x01, 0x40, 0x40, 0x80, 0x00, 0x06, 0x00, 0x00, 0x00, 0x00, 0x01, 0xc0, 0x01, 0xc0, 0x00, 0x07,
    0x00, 0x0b, 0x00, 0x0f, 0x00, 0x13, 0x00, 0x17, 0x00, 0x1b, 0x00, 0x00, 0x31, 0x35, 0x33, 0x15,
    0x21, 0x35, 0x33, 0x15, 0x27, 0x23, 0x35, 0x33, 0x05, 0x35, 0x33, 0x15, 0x37, 0x23, 0x35, 0x33,
    0x07, 0x35, 0x33, 0x15, 0x3d, 0x01, 0x33, 0x15, 0x40, 0x01, 0x40, 0x40, 0x40, 0x40, 0x40, 0xfe,
    0xc0, 0x40, 0xc0, 0x40, 0x40, 0xc0, 0x40, 0x40, 0x80, 0x40, 0x40, 0x80, 0x80, 0x80, 0x80, 0x80,
    0x80, 0x80, 0x80, 0x80, 0x80, 0x80, 0x80, 0x40, 0x40, 0x00, 0x00, 0x00, 0x00, 0x01, 0x00, 0x00,
    0x00, 0x00, 0x01, 0x80, 0x01, 0xc0, 0x00, 0x17, 0x00, 0x00, 0x37, 0x35, 0x23, 0x15, 0x33, 0x35,
    0x33, 0x15, 0x21, 0x35, 0x33, 0x11, 0x23, 0x35, 0x21, 0x15, 0x23, 0x35, 0x23, 0x15, 0x33, 0x35,
    0x33, 0x15, 0xc0, 0x40, 0xc0, 0x40, 0xfe, 0x80, 0x40, 0x40, 0x01, 0x80, 0x40, 0xc0, 0x40, 0x40,
    0x80, 0x40, 0x80, 0x40, 0x80, 0x40, 0x01, 0x40, 0x40, 0x80, 0x40, 0x80, 0x40, 0xc0, 0x00, 0x00,
    0x00, 0x05, 0x00, 0x00, 0x00, 0x00, 0x01, 0x40, 0x01, 0xc0, 0x00, 0x03, 0x00, 0x0b, 0x00, 0x0f,
    0x00, 0x13, 0x00, 0x1b, 0x00, 0x00, 0x37, 0x35, 0x33, 0x15, 0x37, 0x35, 0x23, 0x15, 0x23, 0x35,
    0x21, 0x15, 0x07, 0x35, 0x33, 0x15, 0x07, 0x35, 0x33, 0x15, 0x07, 0x15, 0x33, 0x35, 0x33, 0x15,
    0x21, 0x35, 0x40, 0x40, 0x80, 0xc0, 0x40, 0x01, 0x40, 0x80, 0x40, 0x80, 0x40, 0x80, 0xc0, 0x40,
    0xfe, 0xc0, 0x80, 0x40, 0x40, 0xc0, 0x40, 0x40, 0x80, 0x80, 0x40, 0x40, 0x40, 0x40, 0x40, 0x40,
    0x40, 0x40, 0x40, 0x80, 0x80, 0x00, 0x00, 0x00, 0x00, 0x01, 0x00, 0x00, 0x00, 0x00, 0x01, 0xc0,
    0x01, 0xc0, 0x00, 0x1b, 0x00, 0x00, 0x21, 0x35, 0x33, 0x35, 0x23, 0x15, 0x33, 0x15, 0x23, 0x35,
    0x33, 0x11, 0x23, 0x35, 0x33, 0x15, 0x23, 0x15, 0x33, 0x35, 0x23, 0x35, 0x33, 0x15, 0x23, 0x11,
    0x33, 0x15, 0x01, 0x00, 0x40, 0xc0, 0x40, 0xc0, 0x40, 0x40, 0xc0, 0x40, 0xc0, 0x40, 0xc0, 0x40,
    0x40, 0x40, 0x80, 0x80, 0x40, 0x40, 0x01, 0x40, 0x40, 0x40, 0x80, 0x80, 0x40, 0x40, 0xfe, 0xc0,
    0x40, 0x00, 0x00, 0x00, 0x00, 0x09, 0x00, 0x00, 0x00, 0x00, 0x01, 0xc0, 0x01, 0xc0, 0x00, 0x03,
    0x00, 0x07, 0x00, 0x0b, 0x00, 0x0f, 0x00, 0x13, 0x00, 0x17, 0x00, 0x1b, 0x00, 0x1f, 0x00, 0x23,
    0x00, 0x00, 0x25, 0x15, 0x23, 0x35, 0x33, 0x35, 0x33, 0x15, 0x21, 0x23, 0x35, 0x33, 0x21, 0x35,
    0x33, 0x15, 0x21, 0x23, 0x35, 0x33, 0x05, 0x15, 0x23, 0x35, 0x25, 0x23, 0x35, 0x33, 0x05, 0x35,
    0x33, 0x15, 0x37, 0x23, 0x35, 0x33, 0x01, 0x40, 0xc0, 0xc0, 0x40, 0xff, 0x00, 0x40, 0x40, 0x01,
    0x00, 0x40, 0xfe, 0x80, 0x40, 0x40, 0x01, 0x00, 0xc0, 0x01, 0x00, 0x40, 0x40, 0xfe, 0xc0, 0x40,
    0xc0, 0xc0, 0xc0, 0x40, 0x40, 0x40, 0x40, 0x40, 0x40, 0xc0, 0xc0, 0xc0, 0x40, 0x40, 0x40, 0x40,
    0x40, 0x40, 0x40, 0x40, 0x40, 0x40, 0x00, 0x00, 0x00, 0x01, 0x00, 0x00, 0x00, 0x00, 0x00, 0xc0,
    0x01, 0xc0, 0x00, 0x0b, 0x00, 0x00, 0x31, 0x35, 0x33, 0x11, 0x23, 0x35, 0x33, 0x15, 0x23, 0x11,
    0x33, 0x15, 0x40, 0x40, 0xc0, 0x40, 0x40, 0x40, 0x01, 0x40, 0x40, 0x40, 0xfe, 0xc0, 0x40, 0x00,
    0x00, 0x05, 0x00, 0x00, 0x00, 0x00, 0x01, 0x80, 0x01, 0xc0, 0x00, 0x0f, 0x00, 0x15, 0x00, 0x19,
    0x00, 0x1f, 0x00, 0x23, 0x00, 0x00, 0x37, 0x23, 0x15, 0x33, 0x15, 0x23, 0x35, 0x33, 0x11, 0x23,
    0x35, 0x33, 0x15, 0x23, 0x15, 0x33, 0x13, 0x35, 0x33, 0x15, 0x33, 0x15, 0x03, 0x35, 0x33, 0x15,
    0x3d, 0x01, 0x33, 0x15, 0x23, 0x15, 0x07, 0x33, 0x15, 0x23, 0xc0, 0x40, 0x40, 0xc0, 0x40, 0x40,
    0xc0, 0x40, 0x40, 0x40, 0x40, 0x40, 0xc0, 0x40, 0x80, 0x40, 0x80, 0x40, 0x40, 0xc0, 0x80, 0x40,
    0x40, 0x01, 0x40, 0x40, 0x40, 0x80, 0xff, 0x00, 0x80, 0x40, 0x40, 0x01, 0x00, 0x40, 0x40, 0x40,
    0x80, 0x40, 0x40, 0x80, 0x40, 0x00, 0x00, 0x00, 0x00, 0x05, 0x00, 0x00, 0x00, 0x00, 0x01, 0xc0,
    0x01, 0xc0, 0x00, 0x07, 0x00, 0x0f, 0x00, 0x13, 0x00, 0x17, 0x00, 0x1b, 0x00, 0x00, 0x21, 0x35,
    0x33, 0x35, 0x33, 0x15, 0x33, 0x15, 0x21, 0x35, 0x33, 0x35, 0x33, 0x15, 0x33, 0x15, 0x37, 0x23,
    0x35, 0x33, 0x07, 0x35, 0x33, 0x15, 0x3d, 0x01, 0x33, 0x15, 0x01, 0x00, 0x40, 0x40, 0x40, 0xfe,
    0x40, 0x40, 0x40, 0x40, 0x80, 0x40, 0x40, 0xc0, 0x40, 0x40, 0x40, 0x80, 0x80, 0x40, 0x40, 0x80,
    0x80, 0x40, 0xc0, 0x80, 0x80, 0x80, 0x80, 0x80, 0x80, 0x80, 0x00, 0x00, 0x00, 0x05, 0x00, 0x00,
    0x00, 0x00, 0x02, 0x40, 0x01, 0xc0, 0x00, 0x0d, 0x00, 0x11, 0x00, 0x15, 0x00, 0x23, 0x00, 0x27,
    0x00, 0x00, 0x01, 0x35, 0x33, 0x35, 0x33, 0x15, 0x23, 0x11, 0x33, 0x15, 0x23, 0x35, 0x33, 0x35,
    0x03, 0x35, 0x33, 0x15, 0x03, 0x33, 0x15, 0x23, 0x35, 0x23, 0x15, 0x33, 0x15, 0x23, 0x35, 0x33,
    0x11, 0x23, 0x35, 0x33, 0x15, 0x33, 0x17, 0x15, 0x23, 0x35, 0x01, 0x80, 0x40, 0x80, 0x40, 0x40,
    0xc0, 0x40, 0xc0, 0x40, 0x80, 0x40, 0x40, 0x40, 0x40, 0xc0, 0x40, 0x40, 0x80, 0x40, 0xc0, 0x40,
    0x01, 0x00, 0x80, 0x40, 0x40, 0xfe, 0xc0, 0x40, 0x40, 0xc0, 0xff, 0x00, 0x80, 0x80, 0x01, 0x00,
    0x80, 0x80, 0xc0, 0x40, 0x40, 0x01, 0x40, 0x40, 0x40, 0x80, 0x80, 0x80, 0x00, 0x03, 0x00, 0x00,
    0x00, 0x00, 0x01, 0xc0, 0x01, 0xc0, 0x00, 0x0d, 0x00, 0x19, 0x00, 0x1d, 0x00, 0x00, 0x13, 0x23,
    0x15, 0x33, 0x15, 0x23, 0x35, 0x33, 0x11, 0x23, 0x35, 0x33, 0x15, 0x33, 0x13, 0x35, 0x23, 0x35,
    0x33, 0x35, 0x23, 0x35, 0x33, 0x15, 0x23, 0x11, 0x03, 0x33, 0x15, 0x23, 0xc0, 0x40, 0x40, 0xc0,
    0x40, 0x40, 0x80, 0x40, 0x80, 0x40, 0x40, 0x40, 0xc0, 0x40, 0xc0, 0x40, 0x40, 0x01, 0x00, 0xc0,
    0x40, 0x40, 0x01, 0x40, 0x40, 0x40, 0xfe, 0x80, 0x40, 0x80, 0xc0, 0x40, 0x40, 0xfe, 0x80, 0x01,
    0x00, 0x40, 0x00, 0x00, 0x00, 0x03, 0x00, 0x00, 0x00, 0x00, 0x01, 0x80, 0x01, 0xc0, 0x00, 0x07,
    0x00, 0x0f, 0x00, 0x13, 0x00, 0x00, 0x01, 0x35, 0x21, 0x15, 0x23, 0x35, 0x21, 0x15, 0x01, 0x35,
    0x33, 0x15, 0x21, 0x35, 0x33, 0x15, 0x03, 0x15, 0x21, 0x35, 0x01, 0x40, 0xff, 0x00, 0x40, 0x01,
    0x80, 0xfe, 0x80, 0x40, 0x01, 0x00, 0x40, 0x40, 0xff, 0x00, 0x01, 0x40, 0x40, 0x40, 0x80, 0x80,
    0xfe, 0xc0, 0x80, 0x40, 0x40, 0x80, 0x01, 0x00, 0x40, 0x40, 0x00, 0x00, 0x00, 0x08, 0x00, 0x00,
    0x00, 0x00, 0x01, 0xc0, 0x01, 0xc0, 0x00, 0x03, 0x00, 0x07, 0x00, 0x0b, 0x00, 0x0f, 0x00, 0x13,
    0x00, 0x17, 0x00, 0x1b, 0x00, 0x1f, 0x00, 0x00, 0x25, 0x15, 0x23, 0x35, 0x33, 0x35, 0x33, 0x15,
    0x21, 0x23, 0x35, 0x33, 0x21, 0x35, 0x33, 0x15, 0x21, 0x23, 0x35, 0x33, 0x21, 0x23, 0x35, 0x33,
    0x05, 0x35, 0x33, 0x15, 0x37, 0x23, 0x35, 0x33, 0x01, 0x40, 0xc0, 0xc0, 0x40, 0xff, 0x00, 0x40,
    0x40, 0x01, 0x00, 0x40, 0xfe, 0x80, 0x40, 0x40, 0x01, 0x40, 0x40, 0x40, 0xfe, 0xc0, 0x40, 0xc0,
    0xc0, 0xc0, 0x40, 0x40, 0x40, 0x40, 0x40, 0x40, 0xc0, 0xc0, 0xc0, 0x40, 0x40, 0x40, 0x40, 0x40,
    0x40, 0x00, 0x00, 0x00, 0x00, 0x01, 0x00, 0x00, 0x00, 0x00, 0x01, 0xc0, 0x01, 0xc0, 0x00, 0x13,
    0x00, 0x00, 0x21, 0x35, 0x33, 0x11, 0x23, 0x11, 0x33, 0x15, 0x23, 0x35, 0x33, 0x11, 0x23, 0x35,
    0x21, 0x15, 0x23, 0x11, 0x33, 0x15, 0x01, 0x00, 0x40, 0xc0, 0x40, 0xc0, 0x40, 0x40, 0x01, 0xc0,
    0x40, 0x40, 0x40, 0x01, 0x40, 0xfe, 0xc0, 0x40, 0x40, 0x01, 0x40, 0x40, 0x40, 0xfe, 0xc0, 0x40,
    0x00, 0x02, 0x00, 0x00, 0x00, 0x00, 0x01, 0x80, 0x01, 0xc0, 0x00, 0x0f, 0x00, 0x13, 0x00, 0x00,
    0x01, 0x23, 0x15, 0x33, 0x15, 0x23, 0x15, 0x33, 0x15, 0x23, 0x35, 0x33, 0x11, 0x23, 0x35, 0x21,
    0x15, 0x33, 0x15, 0x23, 0x01, 0x40, 0xc0, 0xc0, 0xc0, 0x40, 0xc0, 0x40, 0x40, 0x01, 0x40, 0x40,
    0x40, 0x01, 0x80, 0x80, 0x40, 0x80, 0x40, 0x40, 0x01, 0x40, 0x40, 0x40, 0x80, 0x00, 0x00, 0x00,
    0x00, 0x05, 0x00, 0x00, 0x00, 0x00, 0x01, 0x80, 0x01, 0xc0, 0x00, 0x03, 0x00, 0x0d, 0x00, 0x11,
    0x00, 0x15, 0x00, 0x1f, 0x00, 0x00, 0x37, 0x35, 0x33, 0x15, 0x27, 0x23, 0x35, 0x23, 0x35, 0x21,
    0x15, 0x23, 0x35, 0x23, 0x17, 0x23, 0x35, 0x33, 0x15, 0x35, 0x33, 0x15, 0x07, 0x15, 0x33, 0x35,
    0x33, 0x15, 0x21, 0x35, 0x33, 0x35, 0x80, 0x40, 0x40, 0x40, 0x40, 0x01, 0x80, 0x40, 0xc0, 0x40,
    0x40, 0x40, 0x40, 0x80, 0xc0, 0x40, 0xfe, 0x80, 0x40, 0x80, 0x40, 0x40, 0xc0, 0x40, 0x40, 0x80,
    0x40, 0x80, 0x40, 0x80, 0x40, 0x40, 0x40, 0x40, 0x40, 0x80, 0x40, 0x40, 0x00, 0x01, 0x00, 0x00,
    0x00, 0x00, 0x01, 0xc0, 0x01, 0xc0, 0x00, 0x0f, 0x00, 0x00, 0x01, 0x35, 0x23, 0x11, 0x33, 0x15,
    0x23, 0x35, 0x33, 0x11, 0x23, 0x15, 0x23, 0x35, 0x21, 0x15, 0x01, 0x80, 0x80, 0x40, 0xc0, 0x40,
    0x80, 0x40, 0x01, 0xc0, 0x01, 0x40, 0x40, 0xfe, 0xc0, 0x40, 0x40, 0x01, 0x40, 0x40, 0x80, 0x80,
    0x00, 0x05, 0x00, 0x00, 0x00, 0x00, 0x01, 0xc0, 0x01, 0xc0, 0x00, 0x07, 0x00, 0x0b, 0x00, 0x0f,
    0x00, 0x17, 0x00, 0x1f, 0x00, 0x00, 0x33, 0x35, 0x33, 0x35, 0x33, 0x15, 0x33, 0x15, 0x03, 0x35,
    0x33, 0x15, 0x2b, 0x01, 0x35, 0x3b, 0x01, 0x35, 0x23, 0x35, 0x33, 0x15, 0x23, 0x15, 0x21, 0x23,
    0x35, 0x23, 0x35, 0x33, 0x15, 0x23, 0x80, 0x40, 0x40, 0x40, 0x40, 0x40, 0x80, 0x40, 0x40, 0x80,
    0x40, 0xc0, 0x40, 0xff, 0x00, 0x40, 0x40, 0xc0, 0x40, 0x40, 0xc0, 0xc0, 0x40, 0x01, 0x00, 0x40,
    0x40, 0x40, 0x40, 0x40, 0x40, 0x40, 0x40, 0x40, 0x40, 0x00, 0x00, 0x00, 0x00, 0x03, 0x00, 0x00,
    0x00, 0x00, 0x01, 0xc0, 0x01, 0xc0, 0x00, 0x17, 0x00, 0x1b, 0x00, 0x1f, 0x00, 0x00, 0x13, 0x35,
    0x33, 0x35, 0x33, 0x15, 0x33, 0x15, 0x23, 0x15, 0x33, 0x15, 0x23, 0x15, 0x33, 0x15, 0x23, 0x35,
    0x33, 0x35, 0x23, 0x35, 0x33, 0x35, 0x3b, 0x01, 0x15, 0x23, 0x21, 0x23, 0x35, 0x33, 0x40, 0x80,
    0x40, 0x80, 0x80, 0x80, 0x80, 0x40, 0xc0, 0x40, 0x80, 0x80, 0xc0, 0x40, 0x40, 0xfe, 0xc0, 0x40,
    0x40, 0x01, 0x40, 0x40, 0x40, 0x40, 0x40, 0x80, 0x40, 0x40, 0x40, 0x40, 0x40, 0x40, 0x80, 0x80,
    0x80, 0x00, 0x00, 0x00, 0x00, 0x09, 0x00, 0x00, 0x00, 0x00, 0x01, 0xc0, 0x01, 0xc0, 0x00, 0x07,
    0x00, 0x0f, 0x00, 0x13, 0x00, 0x17, 0x00, 0x1b, 0x00, 0x1f, 0x00, 0x23, 0x00, 0x2b, 0x00, 0x33,
    0x00, 0x00, 0x21, 0x35, 0x33, 0x35, 0x33, 0x15, 0x33, 0x15, 0x21, 0x35, 0x33, 0x35, 0x33, 0x15,
    0x33, 0x15, 0x37, 0x23, 0x35, 0x33, 0x07, 0x35, 0x33, 0x15, 0x3d, 0x01, 0x33, 0x15, 0x3d, 0x01,
    0x33, 0x15, 0x2b, 0x01, 0x35, 0x3b, 0x01, 0x35, 0x23, 0x35, 0x33, 0x15, 0x23, 0x15, 0x21, 0x23,
    0x35, 0x23, 0x35, 0x33, 0x15, 0x23, 0x01, 0x00, 0x40, 0x40, 0x40, 0xfe, 0x40, 0x40, 0x40, 0x40,
    0x80, 0x40, 0x40, 0xc0, 0x40, 0x40, 0x40, 0x80, 0x40, 0x40, 0x80, 0x40, 0xc0, 0x40, 0xff, 0x00,
    0x40, 0x40, 0xc0, 0x40, 0x40, 0x40, 0x40, 0x40, 0x40, 0x40, 0x40, 0x40, 0x80, 0x40, 0x40, 0x40,
    0x40, 0x40, 0x40, 0x40, 0x40, 0x40, 0x40, 0x40, 0x40, 0x40, 0x40, 0x40, 0x40, 0x40, 0x40, 0x00,
    0x00, 0x03, 0x00, 0x00, 0x00, 0x00, 0x02, 0x40, 0x01, 0xc0, 0x00, 0x13, 0x00, 0x19, 0x00, 0x1f,
    0x00, 0x00, 0x33, 0x35, 0x33, 0x35, 0x23, 0x35, 0x33, 0x35, 0x23, 0x35, 0x33, 0x15, 0x23, 0x15,
    0x33, 0x15, 0x23, 0x15, 0x33, 0x15, 0x37, 0x11, 0x33, 0x15, 0x23, 0x15, 0x21, 0x23, 0x35, 0x23,
    0x35, 0x33, 0xc0, 0x40, 0x80, 0x80, 0x40, 0xc0, 0x40, 0x80, 0x80, 0x40, 0x40, 0x80, 0x40, 0xfe,
    0x80, 0x40, 0x40, 0x80, 0x40, 0x40, 0x40, 0xc0, 0x40, 0x40, 0xc0, 0x40, 0x40, 0x40, 0xc0, 0x01,
    0x00, 0x40, 0xc0, 0xc0, 0x40, 0x00, 0x00, 0x00, 0x00, 0x09, 0x00, 0x00, 0x00, 0x00, 0x01, 0xc0,
    0x01, 0xc0, 0x00, 0x07, 0x00, 0x0f, 0x00, 0x13, 0x00, 0x17, 0x00, 0x1b, 0x00, 0x1f, 0x00, 0x23,
    0x00, 0x27, 0x00, 0x2b, 0x00, 0x00, 0x21, 0x35, 0x33, 0x15, 0x33, 0x35, 0x33, 0x15, 0x21, 0x35,
    0x33, 0x15, 0x33, 0x35, 0x33, 0x15, 0x37, 0x35, 0x33, 0x15, 0x21, 0x35, 0x33, 0x15, 0x25, 0x35,
    0x33, 0x15, 0x21, 0x23, 0x35, 0x33, 0x21, 0x23, 0x35, 0x33, 0x05, 0x35, 0x33, 0x15, 0x37, 0x23,
    0x35, 0x33, 0x01, 0x00, 0x40, 0x40, 0x40, 0xfe, 0x40, 0x40, 0x40, 0x40, 0x80, 0x40, 0xfe, 0xc0,
    0x40, 0x01, 0x00, 0x40, 0xfe, 0x80, 0x40, 0x40, 0x01, 0x40, 0x40, 0x40, 0xfe, 0xc0, 0x40, 0xc0,
    0xc0, 0xc0, 0x80, 0x40, 0x40, 0x80, 0x80, 0x40, 0x40, 0x80, 0x80, 0x40, 0x40, 0x40, 0x40, 0x40,
    0x80, 0x80, 0x80, 0x40, 0x40, 0x40, 0x40, 0x40, 0x40, 0x00, 0x00, 0x00, 0x00, 0x03, 0x00, 0x00,
    0x00, 0x00, 0x00, 0xc0, 0x02, 0x40, 0x00, 0x03, 0x00, 0x07, 0x00, 0x13, 0x00, 0x00, 0x13, 0x35,
    0x33, 0x15, 0x23, 0x35, 0x33, 0x15, 0x03, 0x35, 0x33, 0x11, 0x23, 0x35, 0x33, 0x15, 0x23, 0x11,
    0x33, 0x15, 0x80, 0x40, 0xc0, 0x40, 0x40, 0x40, 0x40, 0xc0, 0x40, 0x40, 0x02, 0x00, 0x40, 0x40,
    0x40, 0x40, 0xfe, 0x00, 0x40, 0x01, 0x40, 0x40, 0x40, 0xfe, 0xc0, 0x40, 0x00, 0x07, 0x00, 0x00,
    0x00, 0x00, 0x01, 0xc0, 0x02, 0x40, 0x00, 0x03, 0x00, 0x07, 0x00, 0x0f, 0x00, 0x13, 0x00, 0x17,
    0x00, 0x1f, 0x00, 0x27, 0x00, 0x00, 0x01, 0x35, 0x33, 0x15, 0x23, 0x35, 0x33, 0x15, 0x03, 0x35,
    0x33, 0x35, 0x33, 0x15, 0x33, 0x15, 0x03, 0x35, 0x33, 0x15, 0x2b, 0x01, 0x35, 0x3b, 0x01, 0x35,
    0x23, 0x35, 0x33, 0x15, 0x23, 0x15, 0x21, 0x23, 0x35, 0x23, 0x35, 0x33, 0x15, 0x23, 0x01, 0x00,
    0x40, 0xc0, 0x40, 0x40, 0x40, 0x40, 0x40, 0x40, 0x40, 0x80, 0x40, 0x40, 0x80, 0x40, 0xc0, 0x40,
    0xff, 0x00, 0x40, 0x40, 0xc0, 0x40, 0x02, 0x00, 0x40, 0x40, 0x40, 0x40, 0xfe, 0x00, 0x40, 0xc0,
    0xc0, 0x40, 0x01, 0x00, 0x40, 0x40, 0x40, 0x40, 0x40, 0x40, 0x40, 0x40, 0x40, 0x40, 0x00, 0x00,
    0x00, 0x07, 0x00, 0x00, 0x00, 0x00, 0x01, 0x40, 0x02, 0x00, 0x00, 0x03, 0x00, 0x07, 0x00, 0x0b,
    0x00, 0x0f, 0x00, 0x13, 0x00, 0x17, 0x00, 0x1b, 0x00, 0x00, 0x21, 0x35, 0x33, 0x15, 0x03, 0x35,
    0x33, 0x15, 0x11, 0x15, 0x23, 0x35, 0x33, 0x35, 0x33, 0x15, 0x2b, 0x01, 0x35, 0x3b, 0x01, 0x35,
    0x33, 0x15, 0x2b, 0x01, 0x35, 0x33, 0x01, 0x00, 0x40, 0xc0, 0x40, 0x80, 0x80, 0x40, 0xc0, 0x40,
    0x40, 0xc0, 0x40, 0x80, 0x80, 0x80, 0x40, 0x40, 0x01, 0x80, 0x80, 0x80, 0xfe, 0xc0, 0x40, 0x40,
    0xc0, 0xc0, 0xc0, 0x40, 0x40, 0x40, 0x00, 0x00, 0x00, 0x08, 0x00, 0x00, 0x00, 0x00, 0x01, 0x40,
    0x02, 0x00, 0x00, 0x03, 0x00, 0x07, 0x00, 0x0b, 0x00, 0x0f, 0x00, 0x13, 0x00, 0x17, 0x00, 0x1b,
    0x00, 0x1f, 0x00, 0x00, 0x25, 0x35, 0x33, 0x15, 0x27, 0x35, 0x33, 0x15, 0x13, 0x15, 0x23, 0x35,
    0x33, 0x35, 0x33, 0x15, 0x21, 0x23, 0x35, 0x33, 0x37, 0x15, 0x23, 0x35, 0x31, 0x23, 0x35, 0x3b,
    0x01, 0x23, 0x35, 0x33, 0x01, 0x00, 0x40, 0xc0, 0x40, 0x40, 0xc0, 0xc0, 0x40, 0xff, 0x00, 0x40,
    0x40, 0x80, 0x80, 0x40, 0x40, 0xc0, 0xc0, 0xc0, 0xc0, 0x40, 0x40, 0xc0, 0x80, 0x80, 0xfe, 0xc0,
    0x40, 0x40, 0x40, 0x40, 0x40, 0x40, 0x40, 0x40, 0x40, 0x40, 0x00, 0x00, 0x00, 0x04, 0x00, 0x00,
    0xff, 0x80, 0x01, 0x40, 0x02, 0x00, 0x00, 0x03, 0x00, 0x0d, 0x00, 0x11, 0x00, 0x15, 0x00, 0x00,
    0x05, 0x11, 0x33, 0x11, 0x25, 0x11, 0x23, 0x35, 0x33, 0x15, 0x33, 0x15, 0x23, 0x15, 0x11, 0x35,
    0x33, 0x1d, 0x01, 0x35, 0x33, 0x15, 0x01, 0x00, 0x40, 0xff, 0x00, 0x40, 0x80, 0x40, 0x40, 0x40,
    0x40, 0x80, 0x01, 0x80, 0xfe, 0x80, 0x80, 0x01, 0x00, 0x40, 0x40, 0x40, 0xc0, 0x01, 0x80, 0x80,
    0x80, 0x80, 0x40, 0x40, 0x00, 0x02, 0x00, 0x00, 0x00, 0x00, 0x00, 0x80, 0x02, 0x00, 0x00, 0x03,
    0x00, 0x09, 0x00, 0x00, 0x11, 0x35, 0x33, 0x15, 0x03, 0x11, 0x33, 0x11, 0x33, 0x15, 0x40, 0x40,
    0x40, 0x40, 0x01, 0x80, 0x80, 0x80, 0xfe, 0x80, 0x01, 0x40, 0xff, 0x00, 0x40, 0x00, 0x00, 0x00,
    0x00, 0x07, 0x00, 0x00, 0x00, 0x00, 0x01, 0x40, 0x02, 0x80, 0x00, 0x03, 0x00, 0x07, 0x00, 0x0b,
    0x00, 0x0f, 0x00, 0x13, 0x00, 0x19, 0x00, 0x1d, 0x00, 0x00, 0x13, 0x35, 0x33, 0x15, 0x23, 0x35,
    0x33, 0x15, 0x3d, 0x01, 0x33, 0x15, 0x13, 0x15, 0x23, 0x35, 0x33, 0x35, 0x33, 0x15, 0x2b, 0x01,
    0x35, 0x23, 0x35, 0x33, 0x17, 0x23, 0x35, 0x33, 0xc0, 0x40, 0xc0, 0x40, 0x40, 0x40, 0x80, 0x80,
    0x40, 0xc0, 0x40, 0x40, 0x80, 0x80, 0x40, 0x40, 0x01, 0x80, 0x40, 0x40, 0x40, 0x40, 0x80, 0x80,
    0x80, 0xfe, 0x40, 0x40, 0x40, 0xc0, 0xc0, 0xc0, 0x40, 0x40, 0x40, 0x00, 0x00, 0x06, 0x00, 0x00,
    0x00, 0x00, 0x01, 0x40, 0x01, 0x40, 0x00, 0x03, 0x00, 0x07, 0x00, 0x0b, 0x00, 0x0f, 0x00, 0x13,
    0x00, 0x17, 0x00, 0x00, 0x21, 0x35, 0x33, 0x15, 0x27, 0x15, 0x23, 0x35, 0x33, 0x35, 0x33, 0x15,
    0x2b, 0x01, 0x35, 0x3b, 0x01, 0x35, 0x33, 0x15, 0x2b, 0x01, 0x35, 0x33, 0x01, 0x00, 0x40, 0x80,
    0x80, 0x80, 0x40, 0xc0, 0x40, 0x40, 0xc0, 0x40, 0x80, 0x80, 0x80, 0x40, 0x40, 0x40, 0x40, 0x40,
    0xc0, 0xc0, 0xc0, 0x40, 0x40, 0x40, 0x00, 0x00, 0x00, 0x06, 0x00, 0x00, 0xff, 0x80, 0x01, 0x40,
    0x01, 0xc0, 0x00, 0x07, 0x00, 0x0b, 0x00, 0x0f, 0x00, 0x13, 0x00, 0x17, 0x00, 0x1b, 0x00, 0x00,
    0x37, 0x23, 0x15, 0x23, 0x11, 0x33, 0x11, 0x33, 0x17, 0x35, 0x33, 0x15, 0x27, 0x23, 0x35, 0x33,
    0x31, 0x35, 0x33, 0x15, 0x27, 0x23, 0x35, 0x33, 0x03, 0x33, 0x15, 0x23, 0x80, 0x40, 0x40, 0x40,
    0x40, 0x80, 0x40, 0x40, 0x80, 0x80, 0x40, 0x40, 0xc0, 0xc0, 0x80, 0x80, 0x80, 0x40, 0xc0, 0x02,
    0x00, 0xff, 0x00, 0x40, 0x80, 0x80, 0x80, 0x40, 0x80, 0x80, 0x80, 0x40, 0xfe, 0x80, 0x40, 0x00,
    0x00, 0x04, 0x00, 0x00, 0xff, 0x80, 0x01, 0x40, 0x01, 0x40, 0x00, 0x03, 0x00, 0x07, 0x00, 0x0d,
    0x00, 0x11, 0x00, 0x00, 0x17, 0x35, 0x33, 0x15, 0x3d, 0x01, 0x33, 0x15, 0x2b, 0x01, 0x35, 0x23,
    0x35, 0x33, 0x17, 0x35, 0x33, 0x15, 0x80, 0x40, 0x40, 0x80, 0x40, 0x40, 0x80, 0x80, 0x40, 0x80,
    0xc0, 0xc0, 0xc0, 0x80, 0x80, 0xc0, 0x40, 0x80, 0x80, 0x80, 0x00, 0x00, 0x00, 0x09, 0x00, 0x00,
    0x00, 0x00, 0x01, 0x40, 0x01, 0xc0, 0x00, 0x03, 0x00, 0x07, 0x00, 0x0b, 0x00, 0x0f, 0x00, 0x13,
    0x00, 0x17, 0x00, 0x1b, 0x00, 0x1f, 0x00, 0x23, 0x00, 0x00, 0x01, 0x35, 0x33, 0x15, 0x03, 0x15,
    0x23, 0x35, 0x33, 0x35, 0x33, 0x15, 0x21, 0x23, 0x35, 0x3b, 0x01, 0x23, 0x35, 0x33, 0x07, 0x35,
    0x33, 0x15, 0x3d, 0x01, 0x33, 0x15, 0x27, 0x23, 0x35, 0x3b, 0x01, 0x23, 0x35, 0x33, 0x01, 0x00,
    0x40, 0x40, 0xc0, 0xc0, 0x40, 0xff, 0x00, 0x40, 0x40, 0xc0, 0x40, 0x40, 0xc0, 0x40, 0x40, 0x40,
    0x40, 0x40, 0x80, 0x80, 0x80, 0x01, 0x40, 0x40, 0x40, 0xff, 0x00, 0x40, 0x40, 0x80, 0x80, 0x80,
    0x40, 0x40, 0x40, 0x40, 0x40, 0x40, 0x40, 0x40, 0x40, 0x40, 0x00, 0x00, 0x00, 0x07, 0x00, 0x00,
    0x00, 0x00, 0x01, 0x40, 0x01, 0x40, 0x00, 0x03, 0x00, 0x07, 0x00, 0x0b, 0x00, 0x0f, 0x00, 0x13,
    0x00, 0x17, 0x00, 0x1b, 0x00, 0x00, 0x25, 0x35, 0x33, 0x15, 0x07, 0x15, 0x23, 0x35, 0x33, 0x35,
    0x33, 0x15, 0x21, 0x23, 0x35, 0x33, 0x37, 0x15, 0x23, 0x35, 0x31, 0x23, 0x35, 0x3b, 0x01, 0x23,
    0x35, 0x33, 0x01, 0x00, 0x40, 0x40, 0xc0, 0xc0, 0x40, 0xff, 0x00, 0x40, 0x40, 0x80, 0x80, 0x40,
    0x40, 0xc0, 0xc0, 0xc0, 0xc0, 0x40, 0x40, 0x80, 0x40, 0x40, 0x40, 0x40, 0x40, 0x40, 0x40, 0x40,
    0x40, 0x40, 0x00, 0x00, 0x00, 0x06, 0x00, 0x00, 0xff, 0x80, 0x01, 0x00, 0x01, 0xc0, 0x00, 0x03,
    0x00, 0x07, 0x00, 0x0b, 0x00, 0x0f, 0x00, 0x13, 0x00, 0x1b, 0x00, 0x00, 0x17, 0x35, 0x33, 0x15,
    0x3d, 0x01, 0x33, 0x15, 0x27, 0x23, 0x35, 0x33, 0x2b, 0x01, 0x35, 0x33, 0x31, 0x35, 0x33, 0x15,
    0x3d, 0x01, 0x23, 0x35, 0x21, 0x15, 0x23, 0x15, 0x80, 0x40, 0x40, 0x40, 0x80, 0x80, 0x80, 0x40,
    0x40, 0x40, 0x80, 0x01, 0x00, 0x40, 0x80, 0x40, 0x40, 0x40, 0x40, 0x40, 0x40, 0x40, 0x80, 0x80,
    0x80, 0x80, 0x40, 0x40, 0x40, 0x40, 0x00, 0x00, 0x00, 0x03, 0x00, 0x00, 0xff, 0x80, 0x01, 0x40,
    0x01, 0x40, 0x00, 0x03, 0x00, 0x0d, 0x00, 0x11, 0x00, 0x00, 0x05, 0x11, 0x33, 0x11, 0x25, 0x11,
    0x23, 0x35, 0x33, 0x15, 0x33, 0x15, 0x23, 0x15, 0x13, 0x35, 0x33, 0x15, 0x01, 0x00, 0x40, 0xff,
    0x00, 0x40, 0x80, 0x40, 0x40, 0x40, 0x40, 0x80, 0x01, 0x80, 0xfe, 0x80, 0x80, 0x01, 0x00, 0x40,
    0x40, 0x40, 0xc0, 0x01, 0x00, 0x40, 0x40, 0x00, 0x00, 0x03, 0x00, 0x00, 0x00, 0x00, 0x01, 0x40,
    0x01, 0xc0, 0x00, 0x03, 0x00, 0x0f, 0x00, 0x13, 0x00, 0x00, 0x25, 0x15, 0x23, 0x35, 0x33, 0x35,
    0x23, 0x15, 0x23, 0x11, 0x33, 0x15, 0x33, 0x35, 0x33, 0x11, 0x03, 0x23, 0x35, 0x33, 0x01, 0x00,
    0xc0, 0xc0, 0xc0, 0x40, 0x40, 0xc0, 0x40, 0x40, 0xc0, 0xc0, 0x40, 0x40, 0x40, 0x80, 0x80, 0x01,
    0x40, 0x80, 0x80, 0xfe, 0xc0, 0x01, 0x40, 0x40, 0x00, 0x01, 0x00, 0x00, 0x00, 0x00, 0x00, 0x80,
    0x01, 0x40, 0x00, 0x05, 0x00, 0x00, 0x31, 0x11, 0x33, 0x11, 0x33, 0x15, 0x40, 0x40, 0x01, 0x40,
    0xff, 0x00, 0x40, 0x00, 0x00, 0x03, 0x00, 0x00, 0x00, 0x00, 0x01, 0x80, 0x01, 0x40, 0x00, 0x0b,
    0x00, 0x0f, 0x00, 0x15, 0x00, 0x00, 0x25, 0x23, 0x15, 0x23, 0x11, 0x23, 0x35, 0x33, 0x15, 0x33,
    0x35, 0x33, 0x37, 0x15, 0x23, 0x35, 0x15, 0x33, 0x15, 0x33, 0x15, 0x23, 0x01, 0x00, 0x80, 0x40,
    0x40, 0x80, 0x40, 0x40, 0x80, 0x80, 0x40, 0x40, 0x80, 0x80, 0x80, 0x01, 0x00, 0x40, 0x80, 0x40,
    0x40, 0x40, 0x40, 0xc0, 0x40, 0x40, 0x00, 0x00, 0x00, 0x04, 0x00, 0x00, 0x00, 0x00, 0x01, 0x40,
    0x01, 0xc0, 0x00, 0x05, 0x00, 0x0b, 0x00, 0x0f, 0x00, 0x13, 0x00, 0x00, 0x33, 0x35, 0x33, 0x15,
    0x33, 0x15, 0x21, 0x35, 0x33, 0x35, 0x33, 0x15, 0x3d, 0x01, 0x33, 0x15, 0x27, 0x23, 0x35, 0x33,
    0xc0, 0x40, 0x40, 0xfe, 0xc0, 0x40, 0x40, 0x40, 0x40, 0x80, 0x80, 0xc0, 0x80, 0x40, 0x40, 0x80,
    0xc0, 0xc0, 0xc0, 0xc0, 0xc0, 0x40, 0x00, 0x00, 0x00, 0x02, 0x00, 0x00, 0xff, 0x80, 0x01, 0x80,
    0x01, 0x40, 0x00, 0x09, 0x00, 0x13, 0x00, 0x00, 0x17, 0x11, 0x23, 0x35, 0x33, 0x11, 0x33, 0x15,
    0x23, 0x15, 0x37, 0x35, 0x23, 0x35, 0x33, 0x35, 0x33, 0x11, 0x33, 0x15, 0x40, 0x40, 0x80, 0x40,
    0x40, 0x80, 0x40, 0x40, 0x40, 0x40, 0x80, 0x01, 0x80, 0x40, 0xff, 0x00, 0x40, 0x80, 0x80, 0x40,
    0x40, 0xc0, 0xff, 0x00, 0x40, 0x00, 0x00, 0x00, 0x00, 0x04, 0x00, 0x00, 0x00, 0x00, 0x01, 0x40,
    0x01, 0x40, 0x00, 0x03, 0x00, 0x07, 0x00, 0x0d, 0x00, 0x11, 0x00, 0x00, 0x33, 0x35, 0x33, 0x15,
    0x3d, 0x01, 0x33, 0x15, 0x2b, 0x01, 0x35, 0x23, 0x35, 0x33, 0x17, 0x35, 0x33, 0x15, 0x80, 0x40,
    0x40, 0x80, 0x40, 0x40, 0x80, 0x80, 0x40, 0x40, 0x40, 0x40, 0x80, 0x80, 0xc0, 0x40, 0x80, 0x80,
    0x80, 0x00, 0x00, 0x00, 0x00, 0x09, 0x00, 0x00, 0xff, 0x80, 0x01, 0x00, 0x01, 0xc0, 0x00, 0x03,
    0x00, 0x07, 0x00, 0x0b, 0x00, 0x0f, 0x00, 0x13, 0x00, 0x17, 0x00, 0x1b, 0x00, 0x1f, 0x00, 0x23,
    0x00, 0x00, 0x17, 0x35, 0x33, 0x15, 0x3d, 0x01, 0x33, 0x15, 0x27, 0x23, 0x35, 0x33, 0x2b, 0x01,
    0x35, 0x33, 0x31, 0x35, 0x33, 0x15, 0x37, 0x15, 0x23, 0x35, 0x31, 0x23, 0x35, 0x33, 0x37, 0x15,
    0x23, 0x35, 0x07, 0x23, 0x35, 0x33, 0x80, 0x40, 0x40, 0x40, 0x80, 0x80, 0x80, 0x40, 0x40, 0x40,
    0x80, 0x80, 0x40, 0x40, 0x80, 0x80, 0x40, 0x40, 0x40, 0x80, 0x40, 0x40, 0x40, 0x40, 0x40, 0x40,
    0x40, 0x80, 0x40, 0x40, 0x80, 0x40, 0x40, 0x40, 0x40, 0x40, 0x40, 0x40, 0x40, 0x00, 0x00, 0x00,
    0x00, 0x04, 0x00, 0x00, 0x00, 0x00, 0x01, 0x40, 0x01, 0x40, 0x00, 0x03, 0x00, 0x07, 0x00, 0x0b,
    0x00, 0x0f, 0x00, 0x00, 0x25, 0x15, 0x23, 0x35, 0x33, 0x35, 0x33, 0x15, 0x21, 0x23, 0x35, 0x3b,
    0x01, 0x23, 0x35, 0x33, 0x01, 0x00, 0xc0, 0xc0, 0x40, 0xff, 0x00, 0x40, 0x40, 0xc0, 0xc0, 0xc0,
    0x40, 0x40, 0x40, 0xc0, 0xc0, 0xc0, 0x40, 0x00, 0x00, 0x01, 0x00, 0x00, 0x00, 0x00, 0x01, 0x80,
    0x01, 0x40, 0x00, 0x0d, 0x00, 0x00, 0x33, 0x11, 0x23, 0x35, 0x21, 0x15, 0x23, 0x15, 0x33, 0x15,
    0x23, 0x11, 0x23, 0x11, 0x40, 0x40, 0x01, 0x80, 0x40, 0x40, 0x80, 0x80, 0x01, 0x00, 0x40, 0x40,
    0xc0, 0x40, 0x01, 0x00, 0xff, 0x00, 0x00, 0x00, 0x00, 0x04, 0x00, 0x00, 0xff, 0x80, 0x01, 0x40,
    0x01, 0x40, 0x00, 0x07, 0x00, 0x0b, 0x00, 0x0f, 0x00, 0x13, 0x00, 0x00, 0x37, 0x23, 0x15, 0x23,
    0x11, 0x33, 0x15, 0x33, 0x17, 0x35, 0x33, 0x15, 0x27, 0x23, 0x35, 0x33, 0x03, 0x33, 0x15, 0x23,
    0x80, 0x40, 0x40, 0x40, 0x40, 0x80, 0x40, 0x40, 0xc0, 0xc0, 0x80, 0x80, 0x80, 0x40, 0xc0, 0x01,
    0x80, 0x80, 0x40, 0xc0, 0xc0, 0xc0, 0x40, 0xff, 0x00, 0x40, 0x00, 0x00, 0x00, 0x06, 0x00, 0x00,
    0xff, 0x80, 0x01, 0x40, 0x01, 0x40, 0x00, 0x03, 0x00, 0x07, 0x00, 0x0b, 0x00, 0x0f, 0x00, 0x15,
    0x00, 0x19, 0x00, 0x00, 0x17, 0x35, 0x33, 0x15, 0x3d, 0x01, 0x33, 0x15, 0x27, 0x23, 0x35, 0x33,
    0x2b, 0x01, 0x35, 0x33, 0x17, 0x35, 0x33, 0x35, 0x33, 0x15, 0x27, 0x23, 0x35, 0x33, 0xc0, 0x40,
    0x40, 0x40, 0xc0, 0xc0, 0xc0, 0x40, 0x40, 0x80, 0x40, 0x40, 0x80, 0x80, 0x80, 0x80, 0x40, 0x40,
    0x40, 0x40, 0x40, 0x40, 0x40, 0xc0, 0x40, 0x40, 0x40, 0x80, 0x40, 0x40, 0x00, 0x04, 0x00, 0x00,
    0x00, 0x00, 0x01, 0x80, 0x01, 0x40, 0x00, 0x03, 0x00, 0x07, 0x00, 0x0b, 0x00, 0x13, 0x00, 0x00,
    0x25, 0x15, 0x23, 0x35, 0x33, 0x35, 0x33, 0x15, 0x21, 0x23, 0x35, 0x33, 0x17, 0x23, 0x35, 0x23,
    0x35, 0x21, 0x15, 0x23, 0x01, 0x00, 0xc0, 0xc0, 0x40, 0xff, 0x00, 0x40, 0x40, 0xc0, 0x40, 0x80,
    0x01, 0x40, 0x80, 0x40, 0x40, 0x40, 0x80, 0x80, 0xc0, 0x40, 0x40, 0x40, 0x40, 0x00, 0x00, 0x00,
    0x00, 0x01, 0x00, 0x00, 0x00, 0x00, 0x01, 0x40, 0x01, 0x40, 0x00, 0x09, 0x00, 0x00, 0x33, 0x11,
    0x23, 0x35, 0x21, 0x15, 0x23, 0x15, 0x33, 0x15, 0x80, 0x80, 0x01, 0x40, 0x80, 0x40, 0x01, 0x00,
    0x40, 0x40, 0xc0, 0x40, 0x00, 0x04, 0x00, 0x00, 0x00, 0x00, 0x01, 0x40, 0x01, 0x40, 0x00, 0x03,
    0x00, 0x07, 0x00, 0x0d, 0x00, 0x11, 0x00, 0x00, 0x25, 0x15, 0x23, 0x35, 0x33, 0x35, 0x33, 0x15,
    0x2b, 0x01, 0x35, 0x23, 0x35, 0x33, 0x17, 0x23, 0x35, 0x33, 0x01, 0x00, 0x80, 0x80, 0x40, 0xc0,
    0x40, 0x40, 0x80, 0x80, 0x40, 0x40, 0x40, 0x40, 0x40, 0xc0, 0xc0, 0xc0, 0x40, 0x40, 0x40, 0x00,
    0x00, 0x06, 0x00, 0x00, 0xff, 0x80, 0x01, 0xc0, 0x01, 0x40, 0x00, 0x03, 0x00, 0x07, 0x00, 0x0b,
    0x00, 0x0f, 0x00, 0x1d, 0x00, 0x21, 0x00, 0x00, 0x25, 0x35, 0x33, 0x15, 0x05, 0x23, 0x35, 0x33,
    0x2b, 0x01, 0x35, 0x33, 0x31, 0x35, 0x33, 0x15, 0x21, 0x23, 0x15, 0x33, 0x15, 0x23, 0x15, 0x23,
    0x35, 0x23, 0x35, 0x33, 0x11, 0x33, 0x1d, 0x01, 0x23, 0x35, 0x01, 0x80, 0x40, 0xfe, 0xc0, 0x40,
    0x40, 0x40, 0x40, 0x40, 0x40, 0x01, 0x00, 0x80, 0x40, 0x40, 0x40, 0x40, 0x40, 0xc0, 0x40, 0x80,
    0x80, 0x80, 0x40, 0x40, 0x80, 0x40, 0x40, 0xc0, 0x40, 0x80, 0x80, 0x40, 0x01, 0x00, 0xc0, 0x40,
    0x40, 0x00, 0x00, 0x00, 0x00, 0x07, 0x00, 0x00, 0xff, 0x80, 0x01, 0x40, 0x01, 0x40, 0x00, 0x03,
    0x00, 0x09, 0x00, 0x0d, 0x00, 0x11, 0x00, 0x15, 0x00, 0x1b, 0x00, 0x1f, 0x00, 0x00, 0x15, 0x35,
    0x33, 0x15, 0x33, 0x35, 0x33, 0x15, 0x33, 0x15, 0x25, 0x35, 0x33, 0x15, 0x3d, 0x01, 0x33, 0x15,
    0x3d, 0x01, 0x33, 0x15, 0x2b, 0x01, 0x35, 0x23, 0x35, 0x33, 0x17, 0x35, 0x33, 0x15, 0x40, 0x80,
    0x40, 0x40, 0xff, 0x00, 0x40, 0x40, 0x40, 0x80, 0x40, 0x40, 0x80, 0x80, 0x40, 0x80, 0x80, 0x80,
    0xc0, 0x80, 0x40, 0x80, 0x40, 0x40, 0x40, 0x40, 0x40, 0x40, 0x40, 0x40, 0x80, 0x40, 0x80, 0x80,
    0x80, 0x00, 0x00, 0x00, 0x00, 0x03, 0x00, 0x00, 0xff, 0x80, 0x01, 0xc0, 0x01, 0x80, 0x00, 0x0b,
    0x00, 0x11, 0x00, 0x17, 0x00, 0x00, 0x17, 0x35, 0x23, 0x35, 0x33, 0x11, 0x33, 0x11, 0x33, 0x15,
    0x23, 0x15, 0x37, 0x11, 0x33, 0x15, 0x23, 0x15, 0x21, 0x23, 0x35, 0x23, 0x35, 0x33, 0xc0, 0x40,
    0x40, 0x40, 0x40, 0x40, 0x40, 0x80, 0x40, 0xff, 0x00, 0x40, 0x40, 0x80, 0x80, 0x80, 0x40, 0x01,
    0x40, 0xfe, 0xc0, 0x40, 0x80, 0xc0, 0x01, 0x00, 0x40, 0xc0, 0xc0, 0x40, 0x00, 0x07, 0x00, 0x00,
    0x00, 0x00, 0x01, 0xc0, 0x01, 0x40, 0x00, 0x03, 0x00, 0x07, 0x00, 0x0b, 0x00, 0x0f, 0x00, 0x13,
    0x00, 0x17, 0x00, 0x1b, 0x00, 0x00, 0x25, 0x15, 0x23, 0x35, 0x23, 0x15, 0x23, 0x35, 0x21, 0x35,
    0x33, 0x15, 0x21, 0x35, 0x33, 0x15, 0x2b, 0x01, 0x35, 0x33, 0x21, 0x23, 0x35, 0x33, 0x05, 0x35,
    0x33, 0x15, 0x01, 0x80, 0x80, 0x40, 0x80, 0x01, 0x40, 0x40, 0xff, 0x00, 0x40, 0xc0, 0x40, 0x40,
    0x01, 0x40, 0x40, 0x40, 0xfe, 0xc0, 0x40, 0x40, 0x40, 0x40, 0x40, 0x40, 0xc0, 0xc0, 0x80, 0x80,
    0xc0, 0x40, 0x40, 0x40, 0x40, 0x00, 0x00, 0x00, 0x00, 0x03, 0xff, 0xc0, 0x00, 0x00, 0x00, 0x80,
    0x01, 0xc0, 0x00, 0x03, 0x00, 0x07, 0x00, 0x0d, 0x00, 0x00, 0x13, 0x35, 0x33, 0x15, 0x23, 0x35,
    0x33, 0x15, 0x19, 0x01, 0x33, 0x11, 0x33, 0x15, 0x40, 0x40, 0xc0, 0x40, 0x40, 0x40, 0x01, 0x80,
    0x40, 0x40, 0x40, 0x40, 0xfe, 0x80, 0x01, 0x40, 0xff, 0x00, 0x40, 0x00, 0x00, 0x06, 0x00, 0x00,
    0x00, 0x00, 0x01, 0x40, 0x01, 0xc0, 0x00, 0x03, 0x00, 0x07, 0x00, 0x0b, 0x00, 0x0f, 0x00, 0x15,
    0x00, 0x19, 0x00, 0x00, 0x13, 0x35, 0x33, 0x15, 0x23, 0x35, 0x33, 0x15, 0x13, 0x15, 0x23, 0x35,
    0x33, 0x35, 0x33, 0x15, 0x2b, 0x01, 0x35, 0x23, 0x35, 0x33, 0x17, 0x23, 0x35, 0x33, 0xc0, 0x40,
    0xc0, 0x40, 0x80, 0x80, 0x80, 0x40, 0xc0, 0x40, 0x40, 0x80, 0x80, 0x40, 0x40, 0x01, 0x80, 0x40,
    0x40, 0x40, 0x40, 0xfe, 0xc0, 0x40, 0x40, 0xc0, 0xc0, 0xc0, 0x40, 0x40, 0x40, 0x00, 0x00, 0x00,
    0x00, 0x05, 0x00, 0x00, 0x00, 0x00, 0x01, 0x40, 0x02, 0x00, 0x00, 0x03, 0x00, 0x07, 0x00, 0x0b,
    0x00, 0x0f, 0x00, 0x13, 0x00, 0x00, 0x13, 0x35, 0x33, 0x15, 0x13, 0x15, 0x23, 0x35, 0x33, 0x35,
    0x33, 0x15, 0x21, 0x23, 0x35, 0x3b, 0x01, 0x23, 0x35, 0x33, 0x80, 0x40, 0x40, 0xc0, 0xc0, 0x40,
    0xff, 0x00, 0x40, 0x40, 0xc0, 0xc0, 0xc0, 0x01, 0x80, 0x80, 0x80, 0xfe, 0xc0, 0x40, 0x40, 0xc0,
    0xc0, 0xc0, 0x40, 0x00, 0x00, 0x05, 0x00, 0x00, 0x00, 0x00, 0x01, 0x40, 0x02, 0x00, 0x00, 0x03,
    0x00, 0x07, 0x00, 0x0b, 0x00, 0x11, 0x00, 0x15, 0x00, 0x00, 0x13, 0x35, 0x33, 0x15, 0x13, 0x15,
    0x23, 0x35, 0x33, 0x35, 0x33, 0x15, 0x2b, 0x01, 0x35, 0x23, 0x35, 0x33, 0x17, 0x23, 0x35, 0x33,
    0x80, 0x40, 0x40, 0x80, 0x80, 0x40, 0xc0, 0x40, 0x40, 0x80, 0x80, 0x40, 0x40, 0x01, 0x80, 0x80,
    0x80, 0xfe, 0xc0, 0x40, 0x40, 0xc0, 0xc0, 0xc0, 0x40, 0x40, 0x40, 0x00, 0x00, 0x08, 0x00, 0x00,
    0x00, 0x00, 0x01, 0xc0, 0x02, 0x00, 0x00, 0x03, 0x00, 0x07, 0x00, 0x0b, 0x00, 0x0f, 0x00, 0x13,
    0x00, 0x17, 0x00, 0x1b, 0x00, 0x1f, 0x00, 0x00, 0x13, 0x35, 0x33, 0x15, 0x13, 0x15, 0x23, 0x35,
    0x23, 0x15, 0x23, 0x35, 0x21, 0x35, 0x33, 0x15, 0x21, 0x35, 0x33, 0x15, 0x2b, 0x01, 0x35, 0x33,
    0x21, 0x23, 0x35, 0x33, 0x05, 0x35, 0x33, 0x15, 0xc0, 0x40, 0x80, 0x80, 0x40, 0x80, 0x01, 0x40,
    0x40, 0xff, 0x00, 0x40, 0xc0, 0x40, 0x40, 0x01, 0x40, 0x40, 0x40, 0xfe, 0xc0, 0x40, 0x01, 0x80,
    0x80, 0x80, 0xfe, 0xc0, 0x40, 0x40, 0x40, 0x40, 0xc0, 0xc0, 0x80, 0x80, 0xc0, 0x40, 0x40, 0x40,
    0x40, 0x00, 0x00, 0x00, 0x00, 0x08, 0x00, 0x00, 0x00, 0x00, 0x01, 0x40, 0x01, 0xc0, 0x00, 0x03,
    0x00, 0x07, 0x00, 0x0b, 0x00, 0x0f, 0x00, 0x13, 0x00, 0x17, 0x00, 0x1b, 0x00, 0x1f, 0x00, 0x00,
    0x25, 0x15, 0x23, 0x35, 0x33, 0x35, 0x33, 0x15, 0x2b, 0x01, 0x35, 0x33, 0x2b, 0x01, 0x35, 0x33,
    0x17, 0x23, 0x35, 0x33, 0x31, 0x35, 0x33, 0x15, 0x25, 0x35, 0x33, 0x15, 0x37, 0x23, 0x35, 0x33,
    0x01, 0x00, 0x80, 0x80, 0x40, 0xc0, 0x40, 0x40, 0x40, 0x40, 0x40, 0xc0, 0x80, 0x80, 0x40, 0xff,
    0x00, 0x40, 0x80, 0x80, 0x80, 0x40, 0x40, 0x40, 0x80, 0x80, 0x40, 0xc0, 0x80, 0x40, 0x80, 0x80,
    0x40, 0x40, 0x40, 0x40, 0x40, 0x00, 0x00, 0x00, 0x00, 0x06, 0x00, 0x00, 0x00, 0x00, 0x01, 0x80,
    0x01, 0xc0, 0x00, 0x03, 0x00, 0x0f, 0x00, 0x15, 0x00, 0x19, 0x00, 0x1d, 0x00, 0x21, 0x00, 0x00,
    0x25, 0x15, 0x23, 0x35, 0x33, 0x35, 0x23, 0x35, 0x33, 0x35, 0x33, 0x15, 0x33, 0x15, 0x23, 0x15,
    0x2b, 0x01, 0x35, 0x23, 0x35, 0x33, 0x37, 0x23, 0x35, 0x33, 0x2b, 0x01, 0x35, 0x3b, 0x01, 0x23,
    0x35, 0x33, 0x01, 0x00, 0x80, 0x80, 0x40, 0x40, 0x40, 0x40, 0x40, 0xc0, 0x40, 0x40, 0x80, 0x40,
    0x40, 0x40, 0x40, 0x40, 0x40, 0x80, 0x80, 0x80, 0x40, 0x40, 0x40, 0x80, 0x40, 0x80, 0x80, 0x40,
    0x80, 0x40, 0x40, 0x40, 0x40, 0x40, 0x40, 0x00, 0x00, 0x03, 0x00, 0x00, 0xff, 0x80, 0x01, 0xc0,
    0x01, 0xc0, 0x00, 0x03, 0x00, 0x1d, 0x00, 0x21, 0x00, 0x00, 0x37, 0x35, 0x23, 0x15, 0x3d, 0x01,
    0x33, 0x35, 0x23, 0x35, 0x33, 0x15, 0x33, 0x15, 0x23, 0x15, 0x33, 0x15, 0x23, 0x15, 0x33, 0x15,
    0x23, 0x35, 0x33, 0x35, 0x23, 0x35, 0x23, 0x35, 0x21, 0x33, 0x15, 0x23, 0xc0, 0x80, 0x80, 0x40,
    0x80, 0x80, 0x80, 0x80, 0x80, 0x40, 0xc0, 0x40, 0x80, 0x40, 0x01, 0x80, 0x40, 0x40, 0x40, 0xc0,
    0xc0, 0xc0, 0x40, 0x40, 0x40, 0x80, 0x40, 0xc0, 0x40, 0x40, 0x40, 0x40, 0x40, 0x40, 0xc0, 0xc0,
    0x00, 0x08, 0x00, 0x00, 0xff, 0x80, 0x01, 0x80, 0x01, 0xc0, 0x00, 0x03, 0x00, 0x07, 0x00, 0x0b,
    0x00, 0x0f, 0x00, 0x13, 0x00, 0x17, 0x00, 0x1b, 0x00, 0x1f, 0x00, 0x00, 0x17, 0x35, 0x33, 0x15,
    0x13, 0x35, 0x33, 0x15, 0x03, 0x35, 0x33, 0x15, 0x27, 0x23, 0x35, 0x33, 0x2b, 0x01, 0x35, 0x33,
    0x2b, 0x01, 0x35, 0x33, 0x31, 0x35, 0x33, 0x15, 0x37, 0x23, 0x35, 0x33, 0xc0, 0x40, 0x40, 0x40,
    0x80, 0x40, 0x40, 0x80, 0x80, 0x80, 0x40, 0x40, 0x40, 0x40, 0x40, 0x40, 0xc0, 0xc0, 0xc0, 0x80,
    0x40, 0x40, 0x01, 0xc0, 0x40, 0x40, 0xfe, 0x80, 0x40, 0x40, 0x40, 0x40, 0x40, 0xc0, 0x40, 0x40,
    0x40, 0x40, 0x00, 0x00, 0x00, 0x06, 0x00, 0x00, 0xff, 0x80, 0x01, 0x40, 0x01, 0x80, 0x00, 0x03,
    0x00, 0x07, 0x00, 0x0b, 0x00, 0x0f, 0x00, 0x13, 0x00, 0x17, 0x00, 0x00, 0x17, 0x35, 0x33, 0x15,
    0x3d, 0x01, 0x33, 0x15, 0x27, 0x23, 0x35, 0x33, 0x2b, 0x01, 0x35, 0x33, 0x37, 0x15, 0x23, 0x35,
    0x33, 0x35, 0x33, 0x15, 0xc0, 0x40, 0x40, 0x40, 0xc0, 0xc0, 0xc0, 0x40, 0x40, 0xc0, 0xc0, 0xc0,
    0x40, 0x80, 0x40, 0x40, 0x40, 0x40, 0x40, 0x40, 0x40, 0xc0, 0x40, 0x40, 0x40, 0x40, 0x40, 0x00,
    0x00, 0x04, 0x00, 0x00, 0x00, 0x00, 0x01, 0x40, 0x01, 0x40, 0x00, 0x03, 0x00, 0x07, 0x00, 0x0b,
    0x00, 0x0f, 0x00, 0x00, 0x25, 0x35, 0x33, 0x15, 0x07, 0x15, 0x23, 0x35, 0x31, 0x23, 0x35, 0x3b,
    0x01, 0x23, 0x35, 0x33, 0x01, 0x00, 0x40, 0x40, 0xc0, 0x40, 0x40, 0xc0, 0xc0, 0xc0, 0xc0, 0x40,
    0x40, 0x80, 0x40, 0x40, 0xc0, 0x40, 0x00, 0x00, 0x00, 0x07, 0x00, 0x00, 0x00, 0x00, 0x01, 0xc0,
    0x01, 0xc0, 0x00, 0x03, 0x00, 0x07, 0x00, 0x0b, 0x00, 0x17, 0x00, 0x1b, 0x00, 0x1f, 0x00, 0x23,
    0x00, 0x00, 0x25, 0x15, 0x23, 0x35, 0x33, 0x35, 0x33, 0x15, 0x21, 0x23, 0x35, 0x33, 0x21, 0x35,
    0x21, 0x15, 0x23, 0x35, 0x33, 0x15, 0x21, 0x35, 0x33, 0x15, 0x27, 0x23, 0x35, 0x33, 0x05, 0x35,
    0x33, 0x15, 0x37, 0x23, 0x35, 0x33, 0x01, 0x40, 0xc0, 0xc0, 0x40, 0xff, 0x00, 0x40, 0x40, 0x01,
    0x00, 0xfe, 0xc0, 0x40, 0x40, 0x01, 0x40, 0x40, 0x40, 0x40, 0x40, 0xfe, 0xc0, 0x40, 0xc0, 0xc0,
    0xc0, 0x40, 0x40, 0x40, 0x40, 0x40, 0x40, 0x40, 0x40, 0xc0, 0x40, 0x40, 0xc0, 0xc0, 0x40, 0x40,
    0x40, 0x40, 0x40, 0x40, 0x00, 0x07, 0x00, 0x00, 0x00, 0x00, 0x01, 0xc0, 0x01, 0xc0, 0x00, 0x07,
    0x00, 0x0b, 0x00, 0x0f, 0x00, 0x13, 0x00, 0x17, 0x00, 0x1b, 0x00, 0x1f, 0x00, 0x00, 0x01, 0x35,
    0x23, 0x35, 0x33, 0x35, 0x33, 0x15, 0x07, 0x15, 0x21, 0x35, 0x21, 0x35, 0x33, 0x15, 0x21, 0x23,
    0x35, 0x33, 0x2b, 0x01, 0x35, 0x33, 0x31, 0x35, 0x33, 0x15, 0x37, 0x23, 0x35, 0x33, 0x01, 0x80,
    0x40, 0x40, 0x40, 0x40, 0xff, 0x00, 0x01, 0x00, 0x40, 0xfe, 0xc0, 0x40, 0x40, 0x40, 0x40, 0x40,
    0x40, 0xc0, 0xc0, 0xc0, 0x01, 0x00, 0x40, 0x40, 0x40, 0xc0, 0xc0, 0x40, 0x40, 0x40, 0x40, 0x40,
    0xc0, 0x40, 0x40, 0x40, 0x40, 0x00, 0x00, 0x00, 0x00, 0x03, 0x00, 0x00, 0x00, 0x00, 0x01, 0x80,
    0x02, 0x80, 0x00, 0x17, 0x00, 0x1b, 0x00, 0x1f, 0x00, 0x00, 0x37, 0x35, 0x23, 0x15, 0x33, 0x35,
    0x33, 0x15, 0x21, 0x35, 0x33, 0x11, 0x23, 0x35, 0x21, 0x15, 0x23, 0x35, 0x23, 0x15, 0x33, 0x35,
    0x33, 0x15, 0x03, 0x35, 0x33, 0x15, 0x27, 0x23, 0x35, 0x33, 0xc0, 0x40, 0xc0, 0x40, 0xfe, 0x80,
    0x40, 0x40, 0x01, 0x80, 0x40, 0xc0, 0x40, 0x40, 0x40, 0x40, 0x40, 0x40, 0x40, 0x80, 0x40, 0x80,
    0x40, 0x80, 0x40, 0x01, 0x40, 0x40, 0x80, 0x40, 0x80, 0x40, 0xc0, 0x01, 0x80, 0x40, 0x40, 0x40,
    0x40, 0x00, 0x00, 0x00, 0x00, 0x03, 0x00, 0x00, 0x00, 0x00, 0x01, 0x80, 0x02, 0x40, 0x00, 0x17,
    0x00, 0x1b, 0x00, 0x1f, 0x00, 0x00, 0x37, 0x35, 0x23, 0x15, 0x33, 0x35, 0x33, 0x15, 0x21, 0x35,
    0x33, 0x11, 0x23, 0x35, 0x21, 0x15, 0x23, 0x35, 0x23, 0x15, 0x33, 0x35, 0x33, 0x15, 0x11, 0x35,
    0x33, 0x15, 0x23, 0x35, 0x33, 0x15, 0xc0, 0x40, 0xc0, 0x40, 0xfe, 0x80, 0x40, 0x40, 0x01, 0x80,
    0x40, 0xc0, 0x40, 0x40, 0x40, 0xc0, 0x40, 0x80, 0x40, 0x80, 0x40, 0x80, 0x40, 0x01, 0x40, 0x40,
    0x80, 0x40, 0x80, 0x40, 0xc0, 0x01, 0x80, 0x40, 0x40, 0x40, 0x40, 0x00, 0x00, 0x04, 0x00, 0x00,
    0x00, 0x00, 0x02, 0x00, 0x01, 0xc0, 0x00, 0x11, 0x00, 0x15, 0x00, 0x19, 0x00, 0x1d, 0x00, 0x00,
    0x11, 0x35, 0x21, 0x15, 0x23, 0x15, 0x33, 0x15, 0x23, 0x15, 0x33, 0x15, 0x23, 0x35, 0x33, 0x11,
    0x23, 0x15, 0x01, 0x15, 0x23, 0x35, 0x33, 0x35, 0x33, 0x15, 0x27, 0x23, 0x35, 0x33, 0x01, 0x40,
    0x80, 0x40, 0x40, 0x40, 0xc0, 0x40, 0x40, 0x01, 0x80, 0x80, 0x80, 0x40, 0x40, 0xc0, 0xc0, 0x01,
    0x40, 0x80, 0x40, 0x80, 0x40, 0x80, 0x40, 0x40, 0x01, 0x40, 0x40, 0xff, 0x00, 0x40, 0x40, 0xc0,
    0xc0, 0xc0, 0x40, 0x00, 0x00, 0x03, 0x00, 0x00, 0x00, 0x00, 0x01, 0x80, 0x02, 0x80, 0x00, 0x0d,
    0x00, 0x11, 0x00, 0x15, 0x00, 0x00, 0x01, 0x35, 0x23, 0x11, 0x33, 0x15, 0x23, 0x35, 0x33, 0x11,
    0x23, 0x35, 0x21, 0x15, 0x25, 0x35, 0x33, 0x15, 0x3d, 0x01, 0x33, 0x15, 0x01, 0x40, 0xc0, 0x40,
    0xc0, 0x40, 0x40, 0x01, 0x80, 0xff, 0x00, 0x40, 0x40, 0x01, 0x40, 0x40, 0xfe, 0xc0, 0x40, 0x40,
    0x01, 0x40, 0x40, 0x80, 0xc0, 0x40, 0x40, 0x40, 0x40, 0x40, 0x00, 0x00, 0x00, 0x07, 0x00, 0x00,
    0x00, 0x00, 0x01, 0x80, 0x01, 0xc0, 0x00, 0x03, 0x00, 0x07, 0x00, 0x0b, 0x00, 0x13, 0x00, 0x19,
    0x00, 0x1d, 0x00, 0x21, 0x00, 0x00, 0x25, 0x15, 0x23, 0x35, 0x33, 0x35, 0x33, 0x15, 0x21, 0x23,
    0x35, 0x33, 0x2b, 0x01, 0x35, 0x33, 0x15, 0x33, 0x15, 0x23, 0x37, 0x35, 0x33, 0x35, 0x33, 0x15,
    0x21, 0x35, 0x33, 0x15, 0x37, 0x23, 0x35, 0x33, 0x01, 0x40, 0xc0, 0xc0, 0x40, 0xff, 0x00, 0x40,
    0x40, 0x40, 0x40, 0x40, 0xc0, 0xc0, 0xc0, 0x40, 0x40, 0xfe, 0xc0, 0x40, 0x80, 0x80, 0x80, 0x40,
    0x40, 0x40, 0x40, 0x40, 0x40, 0xc0, 0x40, 0x40, 0x80, 0x40, 0x40, 0x80, 0x40, 0x40, 0x40, 0x40,
    0x00, 0x07, 0x00, 0x00, 0x00, 0x00, 0x01, 0x80, 0x01, 0xc0, 0x00, 0x03, 0x00, 0x07, 0x00, 0x0b,
    0x00, 0x0f, 0x00, 0x13, 0x00, 0x19, 0x00, 0x1d, 0x00, 0x00, 0x25, 0x15, 0x21, 0x35, 0x21, 0x35,
    0x33, 0x15, 0x21, 0x23, 0x35, 0x33, 0x25, 0x21, 0x35, 0x29, 0x01, 0x23, 0x35, 0x33, 0x17, 0x35,
    0x33, 0x35, 0x33, 0x15, 0x27, 0x23, 0x35, 0x33, 0x01, 0x40, 0xff, 0x00, 0x01, 0x00, 0x40, 0xfe,
    0xc0, 0x40, 0x40, 0x01, 0x00, 0xff, 0x00, 0x01, 0x00, 0xff, 0x00, 0x40, 0x40, 0xc0, 0x40, 0x40,
    0x80, 0xc0, 0xc0, 0x40, 0x40, 0x40, 0x80, 0x80, 0x40, 0x40, 0x40, 0x80, 0x40, 0x40, 0x40, 0x80,
    0x40, 0x40, 0x00, 0x00, 0x00, 0x01, 0x00, 0x00, 0x00, 0x00, 0x00, 0xc0, 0x01, 0xc0, 0x00, 0x0b,
    0x00, 0x00, 0x31, 0x35, 0x33, 0x11, 0x23, 0x35, 0x33, 0x15, 0x23, 0x11, 0x33, 0x15, 0x40, 0x40,
    0xc0, 0x40, 0x40, 0x40, 0x01, 0x40, 0x40, 0x40, 0xfe, 0xc0, 0x40, 0x00, 0x00, 0x03, 0x00, 0x00,
    0x00, 0x00, 0x00, 0xc0, 0x02, 0x40, 0x00, 0x03, 0x00, 0x07, 0x00, 0x13, 0x00, 0x00, 0x13, 0x35,
    0x33, 0x15, 0x23, 0x35, 0x33, 0x15, 0x03, 0x35, 0x33, 0x11, 0x23, 0x35, 0x33, 0x15, 0x23, 0x11,
    0x33, 0x15, 0x80, 0x40, 0xc0, 0x40, 0x40, 0x40, 0x40, 0xc0, 0x40, 0x40, 0x02, 0x00, 0x40, 0x40,
    0x40, 0x40, 0xfe, 0x00, 0x40, 0x01, 0x40, 0x40, 0x40, 0xfe, 0xc0, 0x40, 0x00, 0x03, 0x00, 0x00,
    0x00, 0x00, 0x01, 0x80, 0x01, 0xc0, 0x00, 0x03, 0x00, 0x0b, 0x00, 0x0f, 0x00, 0x00, 0x25, 0x15,
    0x23, 0x35, 0x33, 0x11, 0x23, 0x35, 0x33, 0x15, 0x23, 0x11, 0x21, 0x23, 0x35, 0x33, 0x01, 0x00,
    0xc0, 0xc0, 0x40, 0xc0, 0x40, 0xff, 0x00, 0x40, 0x40, 0x40, 0x40, 0x40, 0x01, 0x40, 0x40, 0x40,
    0xfe, 0xc0, 0x40, 0x00, 0x00, 0x03, 0x00, 0x00, 0x00, 0x00, 0x02, 0x80, 0x01, 0xc0, 0x00, 0x03,
    0x00, 0x17, 0x00, 0x1d, 0x00, 0x00, 0x25, 0x35, 0x23, 0x15, 0x33, 0x15, 0x21, 0x35, 0x33, 0x11,
    0x23, 0x11, 0x23, 0x11, 0x23, 0x35, 0x21, 0x15, 0x23, 0x15, 0x33, 0x15, 0x33, 0x15, 0x25, 0x15,
    0x23, 0x35, 0x33, 0x35, 0x02, 0x40, 0xc0, 0xc0, 0xfe, 0xc0, 0x40, 0x80, 0x40, 0x40, 0x01, 0x80,
    0x40, 0xc0, 0x40, 0xfe, 0x00, 0x80, 0x40, 0x40, 0x80, 0x80, 0x40, 0x40, 0x01, 0x40, 0xff, 0x00,
    0x01, 0x00, 0x40, 0x40, 0x80, 0x40, 0x80, 0x40, 0x80, 0x40, 0x40, 0x00, 0x00, 0x02, 0x00, 0x00,
    0x00, 0x00, 0x02, 0x80, 0x01, 0xc0, 0x00, 0x03, 0x00, 0x23, 0x00, 0x00, 0x25, 0x35, 0x23, 0x15,
    0x07, 0x35, 0x33, 0x35, 0x23, 0x15, 0x33, 0x15, 0x23, 0x35, 0x33, 0x11, 0x23, 0x35, 0x33, 0x15,
    0x23, 0x15, 0x33, 0x35, 0x23, 0x35, 0x33, 0x15, 0x23, 0x15, 0x33, 0x15, 0x33, 0x15, 0x23, 0x15,
    0x02, 0x40, 0xc0, 0x80, 0x40, 0xc0, 0x40, 0xc0, 0x40, 0x40, 0xc0, 0x40, 0xc0, 0x40, 0xc0, 0x40,
    0xc0, 0x40, 0x40, 0x40, 0x80, 0x80, 0x40, 0x40, 0x80, 0x80, 0x40, 0x40, 0x01, 0x40, 0x40, 0x40,
    0x80, 0x80, 0x40, 0x40, 0x80, 0x40, 0x80, 0x40, 0x00, 0x03, 0x00, 0x00, 0x00, 0x00, 0x02, 0x00,
    0x01, 0xc0, 0x00, 0x11, 0x00, 0x19, 0x00, 0x1d, 0x00, 0x00, 0x11, 0x35, 0x21, 0x15, 0x23, 0x15,
    0x33, 0x15, 0x23, 0x15, 0x33, 0x15, 0x23, 0x35, 0x33, 0x11, 0x23, 0x15, 0x01, 0x35, 0x33, 0x35,
    0x33, 0x15, 0x33, 0x15, 0x03, 0x23, 0x35, 0x33, 0x01, 0x40, 0x80, 0x40, 0x40, 0x40, 0xc0, 0x40,
    0x40, 0x01, 0x00, 0x40, 0x40, 0x40, 0x80, 0x80, 0x80, 0x01, 0x40, 0x80, 0x40, 0x80, 0x40, 0x80,
    0x40, 0x40, 0x01, 0x40, 0x40, 0xfe, 0xc0, 0x40, 0xc0, 0xc0, 0x40, 0x01, 0x00, 0x40, 0x00, 0x00,
    0x00, 0x07, 0x00, 0x00, 0x00, 0x00, 0x01, 0x80, 0x02, 0x80, 0x00, 0x0f, 0x00, 0x13, 0x00, 0x19,
    0x00, 0x1d, 0x00, 0x23, 0x00, 0x27, 0x00, 0x2b, 0x00, 0x00, 0x37, 0x23, 0x15, 0x33, 0x15, 0x23,
    0x35, 0x33, 0x11, 0x23, 0x35, 0x33, 0x15, 0x23, 0x15, 0x33, 0x11, 0x35, 0x33, 0x15, 0x11, 0x35,
    0x33, 0x15, 0x33, 0x15, 0x03, 0x35, 0x33, 0x15, 0x3d, 0x01, 0x33, 0x15, 0x23, 0x15, 0x03, 0x35,
    0x33, 0x15, 0x03, 0x33, 0x15, 0x23, 0xc0, 0x40, 0x40, 0xc0, 0x40, 0x40, 0xc0, 0x40, 0x40, 0x40,
    0x40, 0x40, 0xc0, 0x40, 0x80, 0x40, 0x40, 0x40, 0x80, 0x40, 0x40, 0xc0, 0x80, 0x40, 0x40, 0x01,
    0x40, 0x40, 0x40, 0x80, 0x01, 0x00, 0x40, 0x40, 0xfe, 0x00, 0x80, 0x40, 0x40, 0x01, 0x00, 0x40,
    0x40, 0x40, 0x80, 0x40, 0x40, 0x01, 0x00, 0x40, 0x40, 0xfe, 0x80, 0x40, 0x00, 0x05, 0x00, 0x00,
    0x00, 0x00, 0x01, 0xc0, 0x02, 0x80, 0x00, 0x03, 0x00, 0x07, 0x00, 0x0b, 0x00, 0x1b, 0x00, 0x2b,
    0x00, 0x00, 0x37, 0x35, 0x33, 0x15, 0x03, 0x35, 0x33, 0x15, 0x27, 0x23, 0x35, 0x33, 0x13, 0x35,
    0x33, 0x35, 0x23, 0x35, 0x33, 0x15, 0x23, 0x11, 0x33, 0x15, 0x23, 0x35, 0x33, 0x35, 0x07, 0x15,
    0x23, 0x15, 0x33, 0x15, 0x23, 0x35, 0x33, 0x11, 0x23, 0x35, 0x33, 0x15, 0x23, 0x15, 0xc0, 0x40,
    0x40, 0x40, 0x40, 0x40, 0x40, 0x40, 0x40, 0x40, 0xc0, 0x40, 0x40, 0xc0, 0x40, 0x80, 0x40, 0x40,
    0xc0, 0x40, 0x40, 0xc0, 0x40, 0xc0, 0x40, 0x40, 0x01, 0x40, 0x40, 0x40, 0x40, 0x40, 0xfe, 0x80,
    0x40, 0x40, 0x40, 0x40, 0xfe, 0xc0, 0x40, 0x40, 0xc0, 0x40, 0x40, 0x40, 0x40, 0x40, 0x01, 0x40,
    0x40, 0x40, 0xc0, 0x00, 0x00, 0x09, 0x00, 0x00, 0x00, 0x00, 0x01, 0xc0, 0x02, 0x80, 0x00, 0x03,
    0x00, 0x07, 0x00, 0x0b, 0x00, 0x0f, 0x00, 0x13, 0x00, 0x1b, 0x00, 0x23, 0x00, 0x27, 0x00, 0x2b,
    0x00, 0x00, 0x13, 0x35, 0x33, 0x15, 0x03, 0x15, 0x23, 0x35, 0x33, 0x35, 0x33, 0x15, 0x3d, 0x01,
    0x33, 0x15, 0x2b, 0x01, 0x35, 0x3b, 0x01, 0x35, 0x23, 0x35, 0x33, 0x15, 0x23, 0x15, 0x21, 0x23,
    0x35, 0x23, 0x35, 0x33, 0x15, 0x23, 0x37, 0x35, 0x33, 0x15, 0x2b, 0x01, 0x35, 0x33, 0xc0, 0x40,
    0x40, 0x80, 0x80, 0x40, 0x40, 0x80, 0x40, 0x40, 0x80, 0x40, 0xc0, 0x40, 0xff, 0x00, 0x40, 0x40,
    0xc0, 0x40, 0x80, 0x40, 0x80, 0x40, 0x40, 0x02, 0x00, 0x40, 0x40, 0xfe, 0x40, 0x40, 0x40, 0x80,
    0x80, 0x80, 0x80, 0x80, 0x80, 0x40, 0x40, 0x40, 0x40, 0x40, 0x40, 0x40, 0xc0, 0x40, 0x40, 0x40,
    0x00, 0x01, 0x00, 0x00, 0xff, 0x80, 0x01, 0xc0, 0x01, 0xc0, 0x00, 0x17, 0x00, 0x00, 0x17, 0x35,
    0x23, 0x35, 0x33, 0x11, 0x23, 0x35, 0x33, 0x15, 0x23, 0x11, 0x33, 0x11, 0x23, 0x35, 0x33, 0x15,
    0x23, 0x11, 0x33, 0x15, 0x23, 0x15, 0xc0, 0xc0, 0x40, 0x40, 0xc0, 0x40, 0xc0, 0x40, 0xc0, 0x40,
    0x40, 0xc0, 0x80, 0x80, 0x40, 0x01, 0x40, 0x40, 0x40, 0xfe, 0xc0, 0x01, 0x40, 0x40, 0x40, 0xfe,
    0xc0, 0x40, 0x80, 0x00, 0x00, 0x02, 0x00, 0x00, 0x00, 0x00, 0x01, 0xc0, 0x01, 0xc0, 0x00, 0x17,
    0x00, 0x1b, 0x00, 0x00, 0x21, 0x35, 0x33, 0x35, 0x23, 0x15, 0x33, 0x15, 0x23, 0x35, 0x33, 0x35,
    0x33, 0x35, 0x33, 0x15, 0x33, 0x35, 0x33, 0x15, 0x33, 0x15, 0x33, 0x15, 0x01, 0x35, 0x33, 0x15,
    0x01, 0x00, 0x40, 0xc0, 0x40, 0xc0, 0x40, 0x40, 0x40, 0x40, 0x40, 0x40, 0x40, 0xff, 0x00, 0x40,
    0x40, 0x40, 0x40, 0x40, 0x40, 0x80, 0xc0, 0xc0, 0xc0, 0xc0, 0x80, 0x40, 0x01, 0x80, 0x40, 0x40,
    0x00, 0x02, 0x00, 0x00, 0x00, 0x00, 0x01, 0x80, 0x01, 0xc0, 0x00, 0x11, 0x00, 0x15, 0x00, 0x00,
    0x25, 0x23, 0x15, 0x33, 0x15, 0x21, 0x35, 0x33, 0x11, 0x23, 0x35, 0x21, 0x15, 0x23, 0x35, 0x23,
    0x15, 0x33, 0x15, 0x33, 0x15, 0x23, 0x01, 0x40, 0xc0, 0xc0, 0xfe, 0xc0, 0x40, 0x40, 0x01, 0x40,
    0x40, 0x80, 0xc0, 0x40, 0x40, 0xc0, 0x80, 0x40, 0x40, 0x01, 0x40, 0x40, 0x80, 0x40, 0x80, 0x40,
    0x80, 0x00, 0x00, 0x00, 0x00, 0x03, 0x00, 0x00, 0x00, 0x00, 0x01, 0x80, 0x01, 0xc0, 0x00, 0x03,
    0x00, 0x11, 0x00, 0x15, 0x00, 0x00, 0x01, 0x23, 0x15, 0x33, 0x17, 0x15, 0x21, 0x35, 0x33, 0x11,
    0x23, 0x35, 0x21, 0x15, 0x33, 0x15, 0x23, 0x15, 0x37, 0x33, 0x15, 0x23, 0x01, 0x00, 0x80, 0x80,
    0x40, 0xfe, 0xc0, 0x40, 0x40, 0x01, 0x00, 0x40, 0xc0, 0xc0, 0x40, 0x40, 0x01, 0x80, 0x80, 0xc0,
    0x40, 0x40, 0x01, 0x40, 0x40, 0x40, 0xc0, 0x80, 0x80, 0x80, 0x00, 0x00, 0x00, 0x01, 0x00, 0x00,
    0x00, 0x00, 0x01, 0x80, 0x01, 0xc0, 0x00, 0x0d, 0x00, 0x00, 0x01, 0x35, 0x23, 0x11, 0x33, 0x15,
    0x23, 0x35, 0x33, 0x11, 0x23, 0x35, 0x21, 0x15, 0x01, 0x40, 0xc0, 0x40, 0xc0, 0x40, 0x40, 0x01,
    0x80, 0x01, 0x40, 0x40, 0xfe, 0xc0, 0x40, 0x40, 0x01, 0x40, 0x40, 0x80, 0x00, 0x02, 0x00, 0x00,
    0xff, 0x80, 0x01, 0xc0, 0x01, 0xc0, 0x00, 0x11, 0x00, 0x17, 0x00, 0x00, 0x05, 0x35, 0x21, 0x15,
    0x23, 0x35, 0x33, 0x35, 0x33, 0x11, 0x23, 0x35, 0x21, 0x15, 0x23, 0x11, 0x33, 0x15, 0x27, 0x11,
    0x23, 0x11, 0x23, 0x15, 0x01, 0x80, 0xfe, 0xc0, 0x40, 0x40, 0x40, 0x40, 0x01, 0x80, 0x40, 0x40,
    0x80, 0x80, 0x40, 0x80, 0x80, 0x80, 0xc0, 0x40, 0x01, 0x00, 0x40, 0x40, 0xfe, 0xc0, 0xc0, 0xc0,
    0x01, 0x40, 0xff, 0x00, 0x40, 0x00, 0x00, 0x00, 0x00, 0x01, 0x00, 0x00, 0x00, 0x00, 0x01, 0x80,
    0x01, 0xc0, 0x00, 0x17, 0x00, 0x00, 0x37, 0x35, 0x23, 0x15, 0x33, 0x35, 0x33, 0x15, 0x21, 0x35,
    0x33, 0x11, 0x23, 0x35, 0x21, 0x15, 0x23, 0x35, 0x23, 0x15, 0x33, 0x35, 0x33, 0x15, 0xc0, 0x40,
    0xc0, 0x40, 0xfe, 0x80, 0x40, 0x40, 0x01, 0x80, 0x40, 0xc0, 0x40, 0x40, 0x80, 0x40, 0x80, 0x40,
    0x80, 0x40, 0x01, 0x40, 0x40, 0x80, 0x40, 0x80, 0x40, 0xc0, 0x00, 0x00, 0x00, 0x09, 0x00, 0x00,
    0x00, 0x00, 0x02, 0x40, 0x01, 0xc0, 0x00, 0x03, 0x00, 0x09, 0x00, 0x0d, 0x00, 0x11, 0x00, 0x17,
    0x00, 0x1d, 0x00, 0x21, 0x00, 0x35, 0x00, 0x3b, 0x00, 0x00, 0x37, 0x35, 0x33, 0x15, 0x05, 0x35,
    0x33, 0x15, 0x33, 0x15, 0x03, 0x35, 0x33, 0x15, 0x21, 0x23, 0x35, 0x33, 0x21, 0x35, 0x33, 0x15,
    0x23, 0x15, 0x21, 0x23, 0x35, 0x23, 0x35, 0x33, 0x01, 0x33, 0x15, 0x23, 0x35, 0x23, 0x15, 0x33,
    0x15, 0x23, 0x35, 0x33, 0x35, 0x23, 0x35, 0x33, 0x35, 0x23, 0x35, 0x33, 0x15, 0x23, 0x15, 0x33,
    0x05, 0x15, 0x23, 0x35, 0x33, 0x35, 0x80, 0x40, 0x01, 0x00, 0x40, 0x40, 0xc0, 0x40, 0xff, 0x00,
    0x40, 0x40, 0x01, 0x00, 0x80, 0x40, 0xfe, 0x80, 0x40, 0x40, 0x80, 0x01, 0x00, 0x40, 0x40, 0x40,
    0x40, 0xc0, 0x40, 0x40, 0x40, 0x40, 0xc0, 0x40, 0x40, 0xff, 0x00, 0x80, 0x40, 0x80, 0x40, 0x40,
    0x80, 0x80, 0x40, 0x40, 0x01, 0x00, 0x40, 0x40, 0x40, 0x80, 0x40, 0x40, 0x40, 0x40, 0xff, 0x00,
    0x40, 0x40, 0x80, 0x40, 0x40, 0x80, 0x40, 0x80, 0x40, 0x40, 0x80, 0x80, 0x80, 0x40, 0x40, 0x00,
    0x00, 0x07, 0x00, 0x00, 0x00, 0x00, 0x01, 0x40, 0x01, 0xc0, 0x00, 0x03, 0x00, 0x07, 0x00, 0x0b,
    0x00, 0x0f, 0x00, 0x13, 0x00, 0x19, 0x00, 0x1d, 0x00, 0x00, 0x25, 0x15, 0x23, 0x35, 0x33, 0x35,
    0x33, 0x15, 0x21, 0x23, 0x35, 0x33, 0x37, 0x23, 0x35, 0x33, 0x31, 0x35, 0x33, 0x15, 0x25, 0x35,
    0x33, 0x15, 0x33, 0x15, 0x37, 0x23, 0x35, 0x33, 0x01, 0x00, 0xc0, 0xc0, 0x40, 0xff, 0x00, 0x40,
    0x40, 0xc0, 0x80, 0x80, 0x40, 0xfe, 0xc0, 0x40, 0x40, 0x80, 0x80, 0x80, 0x40, 0x40, 0x40, 0x80,
    0x80, 0x40, 0x40, 0x40, 0x80, 0x80, 0x40, 0x80, 0x40, 0x40, 0x40, 0x40, 0x00, 0x03, 0x00, 0x00,
    0x00, 0x00, 0x01, 0xc0, 0x01, 0xc0, 0x00, 0x03, 0x00, 0x13, 0x00, 0x23, 0x00, 0x00, 0x37, 0x35,
    0x33, 0x15, 0x3d, 0x01, 0x33, 0x35, 0x23, 0x35, 0x33, 0x15, 0x23, 0x11, 0x33, 0x15, 0x23, 0x35,
    0x33, 0x35, 0x07, 0x15, 0x23, 0x15, 0x33, 0x15, 0x23, 0x35, 0x33, 0x11, 0x23, 0x35, 0x33, 0x15,
    0x23, 0x15, 0xc0, 0x40, 0x40, 0x40, 0xc0, 0x40, 0x40, 0xc0, 0x40, 0x80, 0x40, 0x40, 0xc0, 0x40,
    0x40, 0xc0, 0x40, 0xc0, 0x40, 0x40, 0x40, 0x40, 0x40, 0x40, 0x40, 0xfe, 0xc0, 0x40, 0x40, 0xc0,
    0x40, 0x40, 0x40, 0x40, 0x40, 0x01, 0x40, 0x40, 0x40, 0xc0, 0x00, 0x00, 0x00, 0x06, 0x00, 0x00,
    0x00, 0x00, 0x01, 0xc0, 0x02, 0x80, 0x00, 0x03, 0x00, 0x07, 0x00, 0x0b, 0x00, 0x0f, 0x00, 0x1f,
    0x00, 0x2f, 0x00, 0x00, 0x37, 0x35, 0x33, 0x15, 0x03, 0x35, 0x33, 0x15, 0x3d, 0x01, 0x33, 0x15,
    0x2b, 0x01, 0x35, 0x33, 0x13, 0x35, 0x33, 0x35, 0x23, 0x35, 0x33, 0x15, 0x23, 0x11, 0x33, 0x15,
    0x23, 0x35, 0x33, 0x35, 0x07, 0x15, 0x23, 0x15, 0x33, 0x15, 0x23, 0x35, 0x33, 0x11, 0x23, 0x35,
    0x33, 0x15, 0x23, 0x15, 0xc0, 0x40, 0x40, 0x40, 0x40, 0x80, 0x40, 0x40, 0x40, 0x40, 0x40, 0xc0,
    0x40, 0x40, 0xc0, 0x40, 0x80, 0x40, 0x40, 0xc0, 0x40, 0x40, 0xc0, 0x40, 0xc0, 0x40, 0x40, 0x01,
    0x40, 0x40, 0x40, 0x40, 0x40, 0x40, 0x40, 0xfe, 0x80, 0x40, 0x40, 0x40, 0x40, 0xfe, 0xc0, 0x40,
    0x40, 0xc0, 0x40, 0x40, 0x40, 0x40, 0x40, 0x01, 0x40, 0x40, 0x40, 0xc0, 0x00, 0x05, 0x00, 0x00,
    0x00, 0x00, 0x01, 0x80, 0x01, 0xc0, 0x00, 0x0f, 0x00, 0x15, 0x00, 0x19, 0x00, 0x1f, 0x00, 0x23,
    0x00, 0x00, 0x37, 0x23, 0x15, 0x33, 0x15, 0x23, 0x35, 0x33, 0x11, 0x23, 0x35, 0x33, 0x15, 0x23,
    0x15, 0x33, 0x13, 0x35, 0x33, 0x15, 0x33, 0x15, 0x03, 0x35, 0x33, 0x15, 0x3d, 0x01, 0x33, 0x15,
    0x23, 0x15, 0x07, 0x33, 0x15, 0x23, 0xc0, 0x40, 0x40, 0xc0, 0x40, 0x40, 0xc0, 0x40, 0x40, 0x40,
    0x40, 0x40, 0xc0, 0x40, 0x80, 0x40, 0x80, 0x40, 0x40, 0xc0, 0x80, 0x40, 0x40, 0x01, 0x40, 0x40,
    0x40, 0x80, 0xff, 0x00, 0x80, 0x40, 0x40, 0x01, 0x00, 0x40, 0x40, 0x40, 0x80, 0x40, 0x40, 0x80,
    0x40, 0x00, 0x00, 0x00, 0x00, 0x02, 0x00, 0x00, 0x00, 0x00, 0x01, 0xc0, 0x01, 0xc0, 0x00, 0x0f,
    0x00, 0x15, 0x00, 0x00, 0x37, 0x11, 0x23, 0x35, 0x21, 0x15, 0x23, 0x11, 0x33, 0x15, 0x23, 0x35,
    0x33, 0x11, 0x23, 0x11, 0x23, 0x15, 0x23, 0x35, 0x33, 0x35, 0x80, 0x40, 0x01, 0x80, 0x40, 0x40,
    0xc0, 0x40, 0x80, 0x40, 0x80, 0x40, 0x80, 0x01, 0x00, 0x40, 0x40, 0xfe, 0xc0, 0x40, 0x40, 0x01,
    0x40, 0xff, 0x00, 0x80, 0x40, 0x40, 0x00, 0x00, 0x00, 0x05, 0x00, 0x00, 0x00, 0x00, 0x02, 0x40,
    0x01, 0xc0, 0x00, 0x0d, 0x00, 0x11, 0x00, 0x15, 0x00, 0x23, 0x00, 0x27, 0x00, 0x00, 0x01, 0x35,
    0x33, 0x35, 0x33, 0x15, 0x23, 0x11, 0x33, 0x15, 0x23, 0x35, 0x33, 0x35, 0x03, 0x35, 0x33, 0x15,
    0x03, 0x33, 0x15, 0x23, 0x35, 0x23, 0x15, 0x33, 0x15, 0x23, 0x35, 0x33, 0x11, 0x23, 0x35, 0x33,
    0x15, 0x33, 0x17, 0x15, 0x23, 0x35, 0x01, 0x80, 0x40, 0x80, 0x40, 0x40, 0xc0, 0x40, 0xc0, 0x40,
    0x80, 0x40, 0x40, 0x40, 0x40, 0xc0, 0x40, 0x40, 0x80, 0x40, 0xc0, 0x40, 0x01, 0x00, 0x80, 0x40,
    0x40, 0xfe, 0xc0, 0x40, 0x40, 0xc0, 0xff, 0x00, 0x80, 0x80, 0x01, 0x00, 0x80, 0x80, 0xc0, 0x40,
    0x40, 0x01, 0x40, 0x40, 0x40, 0x80, 0x80, 0x80, 0x00, 0x01, 0x00, 0x00, 0x00, 0x00, 0x01, 0xc0,
    0x01, 0xc0, 0x00, 0x1b, 0x00, 0x00, 0x21, 0x35, 0x33, 0x35, 0x23, 0x15, 0x33, 0x15, 0x23, 0x35,
    0x33, 0x11, 0x23, 0x35, 0x33, 0x15, 0x23, 0x15, 0x33, 0x35, 0x23, 0x35, 0x33, 0x15, 0x23, 0x11,
    0x33, 0x15, 0x01, 0x00, 0x40, 0xc0, 0x40, 0xc0, 0x40, 0x40, 0xc0, 0x40, 0xc0, 0x40, 0xc0, 0x40,
    0x40, 0x40, 0x80, 0x80, 0x40, 0x40, 0x01, 0x40, 0x40, 0x40, 0x80, 0x80, 0x40, 0x40, 0xfe, 0xc0,
    0x40, 0x00, 0x00, 0x00, 0x00, 0x08, 0x00, 0x00, 0x00, 0x00, 0x01, 0xc0, 0x01, 0xc0, 0x00, 0x03,
    0x00, 0x07, 0x00, 0x0b, 0x00, 0x0f, 0x00, 0x13, 0x00, 0x17, 0x00, 0x1b, 0x00, 0x1f, 0x00, 0x00,
    0x25, 0x15, 0x23, 0x35, 0x33, 0x35, 0x33, 0x15, 0x21, 0x23, 0x35, 0x33, 0x21, 0x35, 0x33, 0x15,
    0x21, 0x23, 0x35, 0x33, 0x21, 0x23, 0x35, 0x33, 0x05, 0x35, 0x33, 0x15, 0x37, 0x23, 0x35, 0x33,
    0x01, 0x40, 0xc0, 0xc0, 0x40, 0xff, 0x00, 0x40, 0x40, 0x01, 0x00, 0x40, 0xfe, 0x80, 0x40, 0x40,
    0x01, 0x40, 0x40, 0x40, 0xfe, 0xc0, 0x40, 0xc0, 0xc0, 0xc0, 0x40, 0x40, 0x40, 0x40, 0x40, 0x40,
    0xc0, 0xc0, 0xc0, 0x40, 0x40, 0x40, 0x40, 0x40, 0x40, 0x00, 0x00, 0x00, 0x00, 0x01, 0x00, 0x00,
    0x00, 0x00, 0x01, 0xc0, 0x01, 0xc0, 0x00, 0x13, 0x00, 0x00, 0x21, 0x35, 0x33, 0x11, 0x23, 0x11,
    0x33, 0x15, 0x23, 0x35, 0x33, 0x11, 0x23, 0x35, 0x21, 0x15, 0x23, 0x11, 0x33, 0x15, 0x01, 0x00,
    0x40, 0xc0, 0x40, 0xc0, 0x40, 0x40, 0x01, 0xc0, 0x40, 0x40, 0x40, 0x01, 0x40, 0xfe, 0xc0, 0x40,
    0x40, 0x01, 0x40, 0x40, 0x40, 0xfe, 0xc0, 0x40, 0x00, 0x02, 0x00, 0x00, 0x00, 0x00, 0x01, 0x80,
    0x01, 0xc0, 0x00, 0x0f, 0x00, 0x13, 0x00, 0x00, 0x01, 0x23, 0x15, 0x33, 0x15, 0x23, 0x15, 0x33,
    0x15, 0x23, 0x35, 0x33, 0x11, 0x23, 0x35, 0x21, 0x15, 0x33, 0x15, 0x23, 0x01, 0x40, 0xc0, 0xc0,
    0xc0, 0x40, 0xc0, 0x40, 0x40, 0x01, 0x40, 0x40, 0x40, 0x01, 0x80, 0x80, 0x40, 0x80, 0x40, 0x40,
    0x01, 0x40, 0x40, 0x40, 0x80, 0x00, 0x00, 0x00, 0x00, 0x07, 0x00, 0x00, 0x00, 0x00, 0x01, 0xc0,
    0x01, 0xc0, 0x00, 0x07, 0x00, 0x0b, 0x00, 0x0f, 0x00, 0x13, 0x00, 0x17, 0x00, 0x1b, 0x00, 0x1f,
    0x00, 0x00, 0x01, 0x35, 0x23, 0x35, 0x33, 0x35, 0x33, 0x15, 0x07, 0x15, 0x21, 0x35, 0x21, 0x35,
    0x33, 0x15, 0x21, 0x23, 0x35, 0x33, 0x2b, 0x01, 0x35, 0x33, 0x31, 0x35, 0x33, 0x15, 0x37, 0x23,
    0x35, 0x33, 0x01, 0x80, 0x40, 0x40, 0x40, 0x40, 0xff, 0x00, 0x01, 0x00, 0x40, 0xfe, 0xc0, 0x40,
    0x40, 0x40, 0x40, 0x40, 0x40, 0xc0, 0xc0, 0xc0, 0x01, 0x00, 0x40, 0x40, 0x40, 0xc0, 0xc0, 0x40,
    0x40, 0x40, 0x40, 0x40, 0xc0, 0x40, 0x40, 0x40, 0x40, 0x00, 0x00, 0x00, 0x00, 0x01, 0x00, 0x00,
    0x00, 0x00, 0x01, 0xc0, 0x01, 0xc0, 0x00, 0x0f, 0x00, 0x00, 0x01, 0x35, 0x23, 0x11, 0x33, 0x15,
    0x23, 0x35, 0x33, 0x11, 0x23, 0x15, 0x23, 0x35, 0x21, 0x15, 0x01, 0x80, 0x80, 0x40, 0xc0, 0x40,
    0x80, 0x40, 0x01, 0xc0, 0x01, 0x40, 0x40, 0xfe, 0xc0, 0x40, 0x40, 0x01, 0x40, 0x40, 0x80, 0x80,
    0x00, 0x06, 0x00, 0x00, 0x00, 0x00, 0x01, 0xc0, 0x01, 0xc0, 0x00, 0x03, 0x00, 0x07, 0x00, 0x0b,
    0x00, 0x0f, 0x00, 0x17, 0x00, 0x1f, 0x00, 0x00, 0x37, 0x15, 0x23, 0x35, 0x33, 0x35, 0x33, 0x15,
    0x3d, 0x01, 0x33, 0x15, 0x2b, 0x01, 0x35, 0x3b, 0x01, 0x35, 0x23, 0x35, 0x33, 0x15, 0x23, 0x15,
    0x21, 0x23, 0x35, 0x23, 0x35, 0x33, 0x15, 0x23, 0xc0, 0x80, 0x80, 0x40, 0x40, 0x80, 0x40, 0x40,
    0x80, 0x40, 0xc0, 0x40, 0xff, 0x00, 0x40, 0x40, 0xc0, 0x40, 0x40, 0x40, 0x40, 0x80, 0x80, 0x80,
    0x80, 0x80, 0x80, 0x40, 0x40, 0x40, 0x40, 0x40, 0x40, 0x40, 0x00, 0x00, 0x00, 0x03, 0x00, 0x00,
    0x00, 0x00, 0x01, 0xc0, 0x02, 0x00, 0x00, 0x03, 0x00, 0x1b, 0x00, 0x1f, 0x00, 0x00, 0x37, 0x35,
    0x23, 0x15, 0x3d, 0x01, 0x33, 0x35, 0x33, 0x15, 0x33, 0x15, 0x23, 0x15, 0x33, 0x15, 0x23, 0x15,
    0x33, 0x15, 0x23, 0x35, 0x33, 0x35, 0x23, 0x35, 0x23, 0x35, 0x21, 0x33, 0x15, 0x23, 0xc0, 0x80,
    0x80, 0x40, 0x80, 0x80, 0x80, 0x80, 0x40, 0xc0, 0x40, 0x80, 0x40, 0x01, 0x80, 0x40, 0x40, 0xc0,
    0xc0, 0xc0, 0xc0, 0x40, 0x40, 0x40, 0x40, 0xc0, 0x40, 0x40, 0x40, 0x40, 0x40, 0x40, 0xc0, 0xc0,
    0x00, 0x09, 0x00, 0x00, 0x00, 0x00, 0x01, 0xc0, 0x01, 0xc0, 0x00, 0x07, 0x00, 0x0f, 0x00, 0x13,
    0x00, 0x17, 0x00, 0x1b, 0x00, 0x1f, 0x00, 0x23, 0x00, 0x2b, 0x00, 0x33, 0x00, 0x00, 0x21, 0x35,
    0x33, 0x35, 0x33, 0x15, 0x33, 0x15, 0x21, 0x35, 0x33, 0x35, 0x33, 0x15, 0x33, 0x15, 0x37, 0x23,
    0x35, 0x33, 0x07, 0x35, 0x33, 0x15, 0x3d, 0x01, 0x33, 0x15, 0x3d, 0x01, 0x33, 0x15, 0x2b, 0x01,
    0x35, 0x3b, 0x01, 0x35, 0x23, 0x35, 0x33, 0x15, 0x23, 0x15, 0x21, 0x23, 0x35, 0x23, 0x35, 0x33,
    0x15, 0x23, 0x01, 0x00, 0x40, 0x40, 0x40, 0xfe, 0x40, 0x40, 0x40, 0x40, 0x80, 0x40, 0x40, 0xc0,
    0x40, 0x40, 0x40, 0x80, 0x40, 0x40, 0x80, 0x40, 0xc0, 0x40, 0xff, 0x00, 0x40, 0x40, 0xc0, 0x40,
    0x40, 0x40, 0x40, 0x40, 0x40, 0x40, 0x40, 0x40, 0x80, 0x40, 0x40, 0x40, 0x40, 0x40, 0x40, 0x40,
    0x40, 0x40, 0x40, 0x40, 0x40, 0x40, 0x40, 0x40, 0x40, 0x40, 0x40, 0x00, 0x00, 0x01, 0x00, 0x00,
    0xff, 0x80, 0x01, 0xc0, 0x01, 0xc0, 0x00, 0x15, 0x00, 0x00, 0x05, 0x35, 0x21, 0x35, 0x33, 0x11,
    0x23, 0x35, 0x33, 0x15, 0x23, 0x11, 0x33, 0x11, 0x23, 0x35, 0x33, 0x15, 0x23, 0x11, 0x33, 0x15,
    0x01, 0x80, 0xfe, 0x80, 0x40, 0x40, 0xc0, 0x40, 0xc0, 0x40, 0xc0, 0x40, 0x40, 0x80, 0x80, 0x40,
    0x01, 0x40, 0x40, 0x40, 0xfe, 0xc0, 0x01, 0x40, 0x40, 0x40, 0xfe, 0xc0, 0xc0, 0x00, 0x00, 0x00,
    0x00, 0x03, 0x00, 0x00, 0x00, 0x00, 0x01, 0xc0, 0x01, 0xc0, 0x00, 0x0f, 0x00, 0x17, 0x00, 0x1b,
    0x00, 0x00, 0x25, 0x35, 0x33, 0x35, 0x23, 0x35, 0x33, 0x15, 0x23, 0x11, 0x33, 0x15, 0x23, 0x35,
    0x33, 0x35, 0x2b, 0x01, 0x35, 0x23, 0x35, 0x33, 0x15, 0x23, 0x17, 0x15, 0x23, 0x35, 0x01, 0x00,
    0x40, 0x40, 0xc0, 0x40, 0x40, 0xc0, 0x40, 0xc0, 0x40, 0x40, 0xc0, 0x40, 0x80, 0x80, 0xc0, 0x40,
    0x80, 0x40, 0x40, 0xfe, 0xc0, 0x40, 0x40, 0x80, 0xc0, 0x40, 0x40, 0xc0, 0x40, 0x40, 0x00, 0x00,
    0x00, 0x01, 0x00, 0x00, 0x00, 0x00, 0x02, 0xc0, 0x01, 0xc0, 0x00, 0x1b, 0x00, 0x00, 0x31, 0x35,
    0x33, 0x11, 0x23, 0x35, 0x33, 0x15, 0x23, 0x11, 0x33, 0x11, 0x23, 0x35, 0x33, 0x15, 0x23, 0x11,
    0x33, 0x11, 0x23, 0x35, 0x33, 0x15, 0x23, 0x11, 0x33, 0x15, 0x40, 0x40, 0xc0, 0x40, 0xc0, 0x40,
    0xc0, 0x40, 0xc0, 0x40, 0xc0, 0x40, 0x40, 0x40, 0x01, 0x40, 0x40, 0x40, 0xfe, 0xc0, 0x01, 0x40,
    0x40, 0x40, 0xfe, 0xc0, 0x01, 0x40, 0x40, 0x40, 0xfe, 0xc0, 0x40, 0x00, 0x00, 0x01, 0x00, 0x00,
    0xff, 0x80, 0x02, 0xc0, 0x01, 0xc0, 0x00, 0x1d, 0x00, 0x00, 0x05, 0x35, 0x21, 0x35, 0x33, 0x11,
    0x23, 0x35, 0x33, 0x15, 0x23, 0x11, 0x33, 0x11, 0x23, 0x35, 0x33, 0x15, 0x23, 0x11, 0x33, 0x11,
    0x23, 0x35, 0x33, 0x15, 0x23, 0x11, 0x33, 0x15, 0x02, 0x80, 0xfd, 0x80, 0x40, 0x40, 0xc0, 0x40,
    0xc0, 0x40, 0xc0, 0x40, 0xc0, 0x40, 0xc0, 0x40, 0x40, 0x80, 0x80, 0x40, 0x01, 0x40, 0x40, 0x40,
    0xfe, 0xc0, 0x01, 0x40, 0x40, 0x40, 0xfe, 0xc0, 0x01, 0x40, 0x40, 0x40, 0xfe, 0xc0, 0xc0, 0x00,
    0x00, 0x02, 0x00, 0x00, 0x00, 0x00, 0x02, 0x00, 0x01, 0xc0, 0x00, 0x11, 0x00, 0x15, 0x00, 0x00,
    0x25, 0x23, 0x15, 0x33, 0x15, 0x21, 0x35, 0x33, 0x11, 0x23, 0x15, 0x23, 0x35, 0x21, 0x15, 0x23,
    0x15, 0x33, 0x15, 0x33, 0x15, 0x23, 0x01, 0xc0, 0xc0, 0xc0, 0xfe, 0xc0, 0x40, 0x80, 0x40, 0x01,
    0x40, 0x40, 0xc0, 0x40, 0x40, 0xc0, 0x80, 0x40, 0x40, 0x01, 0x40, 0x80, 0xc0, 0x40, 0x80, 0x40,
    0x80, 0x00, 0x00, 0x00, 0x00, 0x03, 0x00, 0x00, 0x00, 0x00, 0x02, 0x40, 0x01, 0xc0, 0x00, 0x0b,
    0x00, 0x0f, 0x00, 0x1f, 0x00, 0x00, 0x21, 0x35, 0x33, 0x11, 0x23, 0x35, 0x33, 0x15, 0x23, 0x11,
    0x33, 0x15, 0x25, 0x35, 0x23, 0x15, 0x07, 0x35, 0x33, 0x11, 0x23, 0x35, 0x33, 0x15, 0x23, 0x15,
    0x33, 0x15, 0x33, 0x15, 0x23, 0x15, 0x01, 0x80, 0x40, 0x40, 0xc0, 0x40, 0x40, 0xfe, 0xc0, 0x80,
    0x80, 0x40, 0x40, 0xc0, 0x40, 0x80, 0x40, 0x40, 0x40, 0x01, 0x40, 0x40, 0x40, 0xfe, 0xc0, 0x40,
    0x40, 0x80, 0x80, 0x40, 0x40, 0x01, 0x40, 0x40, 0x40, 0x80, 0x40, 0x80, 0x40, 0x00, 0x00, 0x00,
    0x00, 0x02, 0x00, 0x00, 0x00, 0x00, 0x01, 0x80, 0x01, 0xc0, 0x00, 0x03, 0x00, 0x13, 0x00, 0x00,
    0x25, 0x35, 0x23, 0x15, 0x07, 0x35, 0x33, 0x11, 0x23, 0x35, 0x33, 0x15, 0x23, 0x15, 0x33, 0x15,
    0x33, 0x15, 0x23, 0x15, 0x01, 0x40, 0xc0, 0x80, 0x40, 0x40, 0xc0, 0x40, 0xc0, 0x40, 0x40, 0x40,
    0x80, 0x80, 0x40, 0x40, 0x01, 0x40, 0x40, 0x40, 0x80, 0x40, 0x80, 0x40, 0x00, 0x07, 0x00, 0x00,
    0x00, 0x00, 0x01, 0x80, 0x01, 0xc0, 0x00, 0x03, 0x00, 0x07, 0x00, 0x0b, 0x00, 0x13, 0x00, 0x17,
    0x00, 0x1d, 0x00, 0x21, 0x00, 0x00, 0x25, 0x15, 0x23, 0x35, 0x33, 0x35, 0x33, 0x15, 0x21, 0x23,
    0x35, 0x33, 0x21, 0x35, 0x23, 0x35, 0x33, 0x35, 0x33, 0x15, 0x27, 0x23, 0x35, 0x33, 0x05, 0x35,
    0x33, 0x15, 0x33, 0x15, 0x37, 0x23, 0x35, 0x33, 0x01, 0x00, 0xc0, 0xc0, 0x40, 0xff, 0x00, 0x40,
    0x40, 0x01, 0x00, 0xc0, 0xc0, 0x40, 0x40, 0x40, 0x40, 0xfe, 0xc0, 0x40, 0x40, 0x80, 0x80, 0x80,
    0x40, 0x40, 0x40, 0x40, 0x40, 0x40, 0x40, 0x40, 0x40, 0xc0, 0xc0, 0x40, 0x40, 0x80, 0x40, 0x40,
    0x40, 0x40, 0x00, 0x00, 0x00, 0x04, 0x00, 0x00, 0x00, 0x00, 0x02, 0x40, 0x01, 0xc0, 0x00, 0x03,
    0x00, 0x17, 0x00, 0x1b, 0x00, 0x1f, 0x00, 0x00, 0x25, 0x15, 0x23, 0x35, 0x05, 0x35, 0x33, 0x11,
    0x23, 0x35, 0x33, 0x15, 0x23, 0x15, 0x33, 0x35, 0x33, 0x11, 0x23, 0x35, 0x23, 0x15, 0x33, 0x15,
    0x25, 0x11, 0x33, 0x11, 0x03, 0x23, 0x35, 0x33, 0x02, 0x00, 0xc0, 0xfe, 0xc0, 0x40, 0x40, 0xc0,
    0x40, 0x80, 0x40, 0x40, 0x80, 0x40, 0x01, 0x40, 0x40, 0x40, 0xc0, 0xc0, 0x40, 0x40, 0x40, 0x40,
    0x40, 0x01, 0x40, 0x40, 0x40, 0x80, 0x80, 0xfe, 0xc0, 0x80, 0x80, 0x40, 0x40, 0x01, 0x40, 0xfe,
    0xc0, 0x01, 0x40, 0x40, 0x00, 0x03, 0x00, 0x00, 0x00, 0x00, 0x01, 0xc0, 0x01, 0xc0, 0x00, 0x11,
    0x00, 0x17, 0x00, 0x1b, 0x00, 0x00, 0x13, 0x35, 0x21, 0x15, 0x23, 0x11, 0x33, 0x15, 0x23, 0x35,
    0x33, 0x35, 0x23, 0x15, 0x23, 0x35, 0x33, 0x35, 0x03, 0x15, 0x23, 0x35, 0x33, 0x35, 0x37, 0x23,
    0x35, 0x33, 0x80, 0x01, 0x40, 0x40, 0x40, 0xc0, 0x40, 0x80, 0x40, 0xc0, 0xc0, 0x80, 0x40, 0x40,
    0x40, 0x40, 0x01, 0x80, 0x40, 0x40, 0xfe, 0xc0, 0x40, 0x40, 0x80, 0x40, 0x80, 0x80, 0xff, 0x00,
    0x80, 0x40, 0x40, 0x80, 0x80, 0x00, 0x00, 0x00, 0x00, 0x03, 0x00, 0x00, 0x00, 0x00, 0x01, 0x80,
    0x01, 0x40, 0x00, 0x0b, 0x00, 0x0f, 0x00, 0x13, 0x00, 0x00, 0x33, 0x35, 0x23, 0x35, 0x33, 0x35,
    0x33, 0x35, 0x33, 0x15, 0x33, 0x15, 0x27, 0x35, 0x23, 0x15, 0x37, 0x23, 0x35, 0x33, 0x40, 0x40,
    0x40, 0xc0, 0x40, 0x40, 0x80, 0xc0, 0xc0, 0xc0, 0xc0, 0x40, 0x40, 0x40, 0x40, 0xc0, 0x40, 0x40,
    0x40, 0x40, 0xc0, 0x40, 0x00, 0x07, 0x00, 0x00, 0x00, 0x00, 0x01, 0x40, 0x02, 0x00, 0x00, 0x03,
    0x00, 0x07, 0x00, 0x0f, 0x00, 0x13, 0x00, 0x17, 0x00, 0x1b, 0x00, 0x1f, 0x00, 0x00, 0x25, 0x15,
    0x23, 0x35, 0x33, 0x35, 0x33, 0x15, 0x21, 0x23, 0x11, 0x33, 0x15, 0x33, 0x15, 0x23, 0x37, 0x23,
    0x35, 0x33, 0x23, 0x35, 0x33, 0x15, 0x37, 0x15, 0x23, 0x35, 0x33, 0x35, 0x33, 0x15, 0x01, 0x00,
    0xc0, 0xc0, 0x40, 0xff, 0x00, 0x40, 0x40, 0x40, 0x40, 0xc0, 0x80, 0x80, 0xc0, 0x40, 0x80, 0x80,
    0x80, 0x40, 0x40, 0x40, 0x40, 0xc0, 0xc0, 0x01, 0x00, 0x40, 0x40, 0x40, 0x40, 0x40, 0x40, 0x80,
    0x40, 0x40, 0x40, 0x40, 0x00, 0x03, 0x00, 0x00, 0x00, 0x00, 0x01, 0x80, 0x01, 0x40, 0x00, 0x03,
    0x00, 0x07, 0x00, 0x15, 0x00, 0x00, 0x01, 0x23, 0x15, 0x33, 0x17, 0x35, 0x23, 0x15, 0x33, 0x15,
    0x21, 0x35, 0x33, 0x35, 0x23, 0x35, 0x21, 0x15, 0x33, 0x15, 0x33, 0x15, 0x01, 0x00, 0x80, 0x80,
    0x40, 0xc0, 0xc0, 0xfe, 0xc0, 0x40, 0x40, 0x01, 0x00, 0x40, 0x40, 0x01, 0x00, 0x40, 0x80, 0x40,
    0x40, 0x40, 0x40, 0xc0, 0x40, 0x40, 0x80, 0x40, 0x00, 0x01, 0x00, 0x00, 0x00, 0x00, 0x01, 0x40,
    0x01, 0x40, 0x00, 0x0d, 0x00, 0x00, 0x25, 0x35, 0x23, 0x15, 0x33, 0x15, 0x23, 0x35, 0x33, 0x35,
    0x23, 0x35, 0x21, 0x15, 0x01, 0x00, 0x80, 0x40, 0xc0, 0x40, 0x40, 0x01, 0x40, 0xc0, 0x40, 0xc0,
    0x40, 0x40, 0xc0, 0x40, 0x80, 0x00, 0x00, 0x00, 0x00, 0x02, 0x00, 0x00, 0xff, 0x80, 0x01, 0x80,
    0x01, 0x40, 0x00, 0x11, 0x00, 0x17, 0x00, 0x00, 0x05, 0x35, 0x21, 0x15, 0x23, 0x35, 0x33, 0x35,
    0x33, 0x35, 0x23, 0x35, 0x21, 0x15, 0x23, 0x15, 0x33, 0x15, 0x27, 0x35, 0x23, 0x15, 0x23, 0x15,
    0x01, 0x40, 0xff, 0x00, 0x40, 0x40, 0x40, 0x40, 0x01, 0x40, 0x40, 0x40, 0x80, 0x40, 0x40, 0x80,
    0x80, 0x80, 0xc0, 0x40, 0x80, 0x40, 0x40, 0xc0, 0xc0, 0xc0, 0xc0, 0x80, 0x40, 0x00, 0x00, 0x00,
    0x00, 0x03, 0x00, 0x00, 0x00, 0x00, 0x01, 0x40, 0x01, 0x40, 0x00, 0x03, 0x00, 0x0d, 0x00, 0x11,
    0x00, 0x00, 0x25, 0x15, 0x23, 0x35, 0x31, 0x23, 0x35, 0x33, 0x15, 0x33, 0x35, 0x33, 0x15, 0x21,
    0x37, 0x23, 0x35, 0x33, 0x01, 0x00, 0xc0, 0x40, 0x40, 0xc0, 0x40, 0xff, 0x00, 0xc0, 0xc0, 0xc0,
    0x40, 0x40, 0x40, 0xc0, 0x40, 0x40, 0x80, 0x80, 0x40, 0x00, 0x00, 0x00, 0x00, 0x05, 0x00, 0x00,
    0x00, 0x00, 0x01, 0xc0, 0x01, 0x40, 0x00, 0x0b, 0x00, 0x11, 0x00, 0x17, 0x00, 0x1d, 0x00, 0x23,
    0x00, 0x00, 0x25, 0x23, 0x15, 0x23, 0x35, 0x23, 0x35, 0x33, 0x35, 0x33, 0x15, 0x33, 0x31, 0x35,
    0x33, 0x15, 0x23, 0x15, 0x21, 0x23, 0x35, 0x23, 0x35, 0x33, 0x1d, 0x01, 0x23, 0x35, 0x33, 0x35,
    0x21, 0x33, 0x15, 0x33, 0x15, 0x23, 0x01, 0x40, 0x40, 0x40, 0x40, 0x40, 0x40, 0x40, 0x80, 0x40,
    0xff, 0x00, 0x40, 0x40, 0x80, 0x80, 0x40, 0x01, 0x00, 0x40, 0x40, 0x80, 0x80, 0x80, 0x80, 0x40,
    0x80, 0x80, 0x80, 0x40, 0x40, 0x40, 0x40, 0xc0, 0x80, 0x40, 0x40, 0x40, 0x40, 0x00, 0x00, 0x00,
    0x00, 0x06, 0x00, 0x00, 0x00, 0x00, 0x01, 0x40, 0x01, 0x40, 0x00, 0x03, 0x00, 0x07, 0x00, 0x0b,
    0x00, 0x0f, 0x00, 0x13, 0x00, 0x17, 0x00, 0x00, 0x25, 0x15, 0x23, 0x35, 0x33, 0x35, 0x33, 0x15,
    0x21, 0x23, 0x35, 0x3b, 0x01, 0x23, 0x35, 0x33, 0x31, 0x35, 0x33, 0x15, 0x27, 0x23, 0x35, 0x33,
    0x01, 0x00, 0xc0, 0xc0, 0x40, 0xff, 0x00, 0x40, 0x40, 0xc0, 0x80, 0x80, 0x40, 0x40, 0xc0, 0xc0,
    0x40, 0x40, 0x40, 0x40, 0x40, 0x40, 0x40, 0x40, 0x40, 0x40, 0x40, 0x00, 0x00, 0x03, 0x00, 0x00,
    0x00, 0x00, 0x01, 0xc0, 0x01, 0x40, 0x00, 0x03, 0x00, 0x11, 0x00, 0x1f, 0x00, 0x00, 0x37, 0x35,
    0x33, 0x15, 0x3d, 0x01, 0x33, 0x35, 0x33, 0x15, 0x23, 0x15, 0x33, 0x15, 0x23, 0x35, 0x33, 0x35,
    0x07, 0x15, 0x23, 0x15, 0x23, 0x35, 0x33, 0x35, 0x23, 0x35, 0x33, 0x15, 0x23, 0x15, 0xc0, 0x40,
    0x40, 0x80, 0x40, 0x40, 0xc0, 0x40, 0x80, 0x40, 0x80, 0x40, 0x40, 0xc0, 0x40, 0x80, 0x40, 0x40,
    0x40, 0x40, 0x40, 0x40, 0xc0, 0x40, 0x40, 0x80, 0x40, 0x40, 0x40, 0x40, 0xc0, 0x40, 0x40, 0x80,
    0x00, 0x06, 0x00, 0x00, 0x00, 0x00, 0x01, 0xc0, 0x02, 0x00, 0x00, 0x03, 0x00, 0x07, 0x00, 0x0b,
    0x00, 0x0f, 0x00, 0x1d, 0x00, 0x2b, 0x00, 0x00, 0x37, 0x35, 0x33, 0x15, 0x03, 0x35, 0x33, 0x15,
    0x3d, 0x01, 0x33, 0x15, 0x2b, 0x01, 0x35, 0x33, 0x13, 0x35, 0x33, 0x35, 0x33, 0x15, 0x23, 0x15,
    0x33, 0x15, 0x23, 0x35, 0x33, 0x35, 0x07, 0x15, 0x23, 0x15, 0x23, 0x35, 0x33, 0x35, 0x23, 0x35,
    0x33, 0x15, 0x23, 0x15, 0xc0, 0x40, 0x40, 0x40, 0x40, 0x80, 0x40, 0x40, 0x40, 0x40, 0x80, 0x40,
    0x40, 0xc0, 0x40, 0x80, 0x40, 0x80, 0x40, 0x40, 0xc0, 0x40, 0x80, 0x40, 0x40, 0x01, 0x00, 0x40,
    0x40, 0x40, 0x40, 0x40, 0x40, 0xfe, 0xc0, 0x40, 0x40, 0x40, 0xc0, 0x40, 0x40, 0x80, 0x40, 0x40,
    0x40, 0x40, 0xc0, 0x40, 0x40, 0x80, 0x00, 0x00, 0x00, 0x03, 0x00, 0x00, 0x00, 0x00, 0x01, 0x80,
    0x01, 0x40, 0x00, 0x05, 0x00, 0x15, 0x00, 0x19, 0x00, 0x00, 0x21, 0x35, 0x33, 0x15, 0x33, 0x15,
    0x21, 0x35, 0x33, 0x35, 0x23, 0x35, 0x33, 0x15, 0x33, 0x35, 0x33, 0x15, 0x23, 0x15, 0x33, 0x15,
    0x13, 0x15, 0x23, 0x35, 0x01, 0x00, 0x40, 0x40, 0xfe, 0x80, 0x40, 0x40, 0x80, 0x40, 0x40, 0x80,
    0x40, 0xc0, 0x80, 0x80, 0x40, 0x40, 0x40, 0xc0, 0x40, 0x80, 0x40, 0x80, 0x40, 0x40, 0x01, 0x40,
    0x40, 0x40, 0x00, 0x00, 0x00, 0x02, 0x00, 0x00, 0x00, 0x00, 0x01, 0x80, 0x01, 0x40, 0x00, 0x0f,
    0x00, 0x15, 0x00, 0x00, 0x37, 0x35, 0x23, 0x35, 0x21, 0x15, 0x23, 0x15, 0x33, 0x15, 0x23, 0x35,
    0x33, 0x35, 0x23, 0x15, 0x23, 0x15, 0x23, 0x35, 0x33, 0x35, 0x80, 0x40, 0x01, 0x40, 0x40, 0x40,
    0xc0, 0x40, 0x40, 0x40, 0x80, 0x40, 0x80, 0x80, 0x40, 0x40, 0xc0, 0x40, 0x40, 0xc0, 0x80, 0x80,
    0x40, 0x40, 0x00, 0x00, 0x00, 0x03, 0x00, 0x00, 0x00, 0x00, 0x01, 0xc0, 0x01, 0x40, 0x00, 0x03,
    0x00, 0x11, 0x00, 0x1f, 0x00, 0x00, 0x37, 0x35, 0x33, 0x1d, 0x01, 0x35, 0x33, 0x35, 0x23, 0x35,
    0x33, 0x35, 0x33, 0x15, 0x23, 0x15, 0x33, 0x15, 0x21, 0x35, 0x33, 0x35, 0x23, 0x35, 0x33, 0x15,
    0x33, 0x15, 0x23, 0x15, 0x33, 0x15, 0xc0, 0x40, 0x40, 0x40, 0x40, 0x80, 0x40, 0x40, 0xfe, 0x40,
    0x40, 0x40, 0x80, 0x40, 0x40, 0x40, 0x80, 0x40, 0x40, 0x80, 0x40, 0x80, 0x40, 0x40, 0x40, 0xc0,
    0x40, 0x40, 0xc0, 0x40, 0x40, 0x40, 0x80, 0x40, 0x00, 0x01, 0x00, 0x00, 0x00, 0x00, 0x01, 0xc0,
    0x01, 0x40, 0x00, 0x1b, 0x00, 0x00, 0x21, 0x35, 0x33, 0x35, 0x23, 0x15, 0x33, 0x15, 0x23, 0x35,
    0x33, 0x35, 0x23, 0x35, 0x33, 0x15, 0x23, 0x15, 0x33, 0x35, 0x23, 0x35, 0x33, 0x15, 0x23, 0x15,
    0x33, 0x15, 0x01, 0x00, 0x40, 0xc0, 0x40, 0xc0, 0x40, 0x40, 0xc0, 0x40, 0xc0, 0x40, 0xc0, 0x40,
    0x40, 0x40, 0x40, 0x40, 0x40, 0x40, 0xc0, 0x40, 0x40, 0x40, 0x40, 0x40, 0x40, 0xc0, 0x40, 0x00,
    0x00, 0x04, 0x00, 0x00, 0x00, 0x00, 0x01, 0x40, 0x01, 0x40, 0x00, 0x03, 0x00, 0x07, 0x00, 0x0b,
    0x00, 0x0f, 0x00, 0x00, 0x25, 0x15, 0x23, 0x35, 0x33, 0x35, 0x33, 0x15, 0x21, 0x23, 0x35, 0x3b,
    0x01, 0x23, 0x35, 0x33, 0x01, 0x00, 0xc0, 0xc0, 0x40, 0xff, 0x00, 0x40, 0x40, 0xc0, 0xc0, 0xc0,
    0x40, 0x40, 0x40, 0xc0, 0xc0, 0xc0, 0x40, 0x00, 0x00, 0x01, 0x00, 0x00, 0x00, 0x00, 0x01, 0xc0,
    0x01, 0x40, 0x00, 0x13, 0x00, 0x00, 0x21, 0x35, 0x33, 0x35, 0x23, 0x15, 0x33, 0x15, 0x23, 0x35,
    0x33, 0x35, 0x23, 0x35, 0x21, 0x15, 0x23, 0x15, 0x33, 0x15, 0x01, 0x00, 0x40, 0xc0, 0x40, 0xc0,
    0x40, 0x40, 0x01, 0xc0, 0x40, 0x40, 0x40, 0xc0, 0xc0, 0x40, 0x40, 0xc0, 0x40, 0x40, 0xc0, 0x40,
    0x00, 0x04, 0x00, 0x00, 0xff, 0x80, 0x01, 0x80, 0x01, 0x40, 0x00, 0x11, 0x00, 0x15, 0x00, 0x19,
    0x00, 0x1d, 0x00, 0x00, 0x37, 0x23, 0x15, 0x33, 0x15, 0x23, 0x35, 0x33, 0x11, 0x23, 0x35, 0x33,
    0x15, 0x33, 0x15, 0x23, 0x15, 0x33, 0x17, 0x35, 0x33, 0x15, 0x27, 0x23, 0x35, 0x33, 0x03, 0x33,
    0x15, 0x23, 0xc0, 0x40, 0x40, 0xc0, 0x40, 0x40, 0x80, 0x40, 0x40, 0x40, 0x80, 0x40, 0x40, 0x80,
    0x80, 0x80, 0x80, 0x80, 0x40, 0x80, 0x40, 0x40, 0x01, 0x40, 0x40, 0x40, 0x40, 0x40, 0x40, 0xc0,
    0xc0, 0xc0, 0x40, 0xff, 0x00, 0x40, 0x00, 0x00, 0x00, 0x04, 0x00, 0x00, 0x00, 0x00, 0x01, 0x40,
    0x01, 0x40, 0x00, 0x03, 0x00, 0x07, 0x00, 0x0b, 0x00, 0x0f, 0x00, 0x00, 0x25, 0x35, 0x33, 0x15,
    0x07, 0x15, 0x23, 0x35, 0x31, 0x23, 0x35, 0x3b, 0x01, 0x23, 0x35, 0x33, 0x01, 0x00, 0x40, 0x40,
    0xc0, 0x40, 0x40, 0xc0, 0xc0, 0xc0, 0xc0, 0x40, 0x40, 0x80, 0x40, 0x40, 0xc0, 0x40, 0x00, 0x00,
    0x00, 0x01, 0x00, 0x00, 0x00, 0x00, 0x01, 0x40, 0x01, 0x40, 0x00, 0x0f, 0x00, 0x00, 0x25, 0x35,
    0x23, 0x15, 0x33, 0x15, 0x23, 0x35, 0x33, 0x35, 0x23, 0x15, 0x23, 0x35, 0x21, 0x15, 0x01, 0x00,
    0x40, 0x40, 0xc0, 0x40, 0x40, 0x40, 0x01, 0x40, 0xc0, 0x40, 0xc0, 0x40, 0x40, 0xc0, 0x40, 0x80,
    0x80, 0x00, 0x00, 0x00, 0x00, 0x04, 0x00, 0x00, 0xff, 0x80, 0x01, 0x40, 0x01, 0x40, 0x00, 0x03,
    0x00, 0x07, 0x00, 0x0d, 0x00, 0x13, 0x00, 0x00, 0x17, 0x15, 0x23, 0x35, 0x33, 0x35, 0x33, 0x15,
    0x35, 0x11, 0x33, 0x15, 0x23, 0x15, 0x2b, 0x01, 0x35, 0x23, 0x35, 0x33, 0x80, 0x80, 0x80, 0x40,
    0x80, 0x40, 0x80, 0x40, 0x40, 0x80, 0x40, 0x40, 0x40, 0x80, 0x80, 0x80, 0x01, 0x00, 0x40, 0xc0,
    0xc0, 0x40, 0x00, 0x00, 0x00, 0x03, 0x00, 0x00, 0xff, 0x80, 0x01, 0xc0, 0x01, 0xc0, 0x00, 0x03,
    0x00, 0x1d, 0x00, 0x21, 0x00, 0x00, 0x37, 0x35, 0x23, 0x15, 0x3d, 0x01, 0x33, 0x35, 0x23, 0x35,
    0x33, 0x15, 0x33, 0x15, 0x23, 0x15, 0x33, 0x15, 0x23, 0x15, 0x33, 0x15, 0x23, 0x35, 0x33, 0x35,
    0x23, 0x35, 0x23, 0x35, 0x21, 0x33, 0x15, 0x23, 0xc0, 0x80, 0x80, 0x40, 0x80, 0x80, 0x80, 0x80,
    0x80, 0x40, 0xc0, 0x40, 0x80, 0x40, 0x01, 0x80, 0x40, 0x40, 0x40, 0xc0, 0xc0, 0xc0, 0x40, 0x40,
    0x40, 0x80, 0x40, 0xc0, 0x40, 0x40, 0x40, 0x40, 0x40, 0x40, 0xc0, 0xc0, 0x00, 0x05, 0x00, 0x00,
    0x00, 0x00, 0x01, 0x40, 0x01, 0x40, 0x00, 0x05, 0x00, 0x0b, 0x00, 0x0f, 0x00, 0x15, 0x00, 0x1b,
    0x00, 0x00, 0x33, 0x35, 0x33, 0x15, 0x33, 0x15, 0x21, 0x35, 0x33, 0x35, 0x33, 0x15, 0x3d, 0x01,
    0x33, 0x15, 0x3d, 0x01, 0x33, 0x15, 0x23, 0x15, 0x2b, 0x01, 0x35, 0x23, 0x35, 0x33, 0xc0, 0x40,
    0x40, 0xfe, 0xc0, 0x40, 0x40, 0x40, 0x80, 0x40, 0x80, 0x40, 0x40, 0x80, 0x80, 0x40, 0x40, 0x40,
    0x40, 0x80, 0x80, 0x40, 0x40, 0x40, 0x80, 0x40, 0x40, 0x40, 0x40, 0x00, 0x00, 0x01, 0x00, 0x00,
    0xff, 0x80, 0x01, 0xc0, 0x01, 0x40, 0x00, 0x15, 0x00, 0x00, 0x05, 0x35, 0x21, 0x35, 0x33, 0x35,
    0x23, 0x35, 0x33, 0x15, 0x23, 0x15, 0x33, 0x35, 0x23, 0x35, 0x33, 0x15, 0x23, 0x15, 0x33, 0x15,
    0x01, 0x80, 0xfe, 0x80, 0x40, 0x40, 0xc0, 0x40, 0xc0, 0x40, 0xc0, 0x40, 0x40, 0x80, 0x80, 0x40,
    0xc0, 0x40, 0x40, 0xc0, 0xc0, 0x40, 0x40, 0xc0, 0xc0, 0x00, 0x00, 0x00, 0x00, 0x03, 0x00, 0x00,
    0x00, 0x00, 0x01, 0xc0, 0x01, 0x40, 0x00, 0x0d, 0x00, 0x15, 0x00, 0x19, 0x00, 0x00, 0x25, 0x35,
    0x33, 0x35, 0x23, 0x35, 0x33, 0x15, 0x23, 0x15, 0x33, 0x15, 0x23, 0x35, 0x2b, 0x01, 0x35, 0x23,
    0x35, 0x33, 0x15, 0x23, 0x17, 0x15, 0x23, 0x35, 0x01, 0x00, 0x40, 0x40, 0xc0, 0x40, 0x40, 0x80,
    0xc0, 0x40, 0x40, 0xc0, 0x40, 0x80, 0x80, 0x80, 0x40, 0x40, 0x40, 0x40, 0xc0, 0x40, 0x80, 0x80,
    0x40, 0x40, 0x80, 0x40, 0x40, 0x00, 0x00, 0x00, 0x00, 0x01, 0x00, 0x00, 0x00, 0x00, 0x02, 0x40,
    0x01, 0x40, 0x00, 0x17, 0x00, 0x00, 0x31, 0x35, 0x33, 0x35, 0x23, 0x35, 0x33, 0x15, 0x23, 0x15,
    0x33, 0x11, 0x33, 0x11, 0x33, 0x35, 0x23, 0x35, 0x33, 0x15, 0x23, 0x15, 0x33, 0x15, 0x40, 0x40,
    0xc0, 0x40, 0x80, 0x40, 0x80, 0x40, 0xc0, 0x40, 0x40, 0x40, 0xc0, 0x40, 0x40, 0xc0, 0x01, 0x00,
    0xff, 0x00, 0xc0, 0x40, 0x40, 0xc0, 0x40, 0x00, 0x00, 0x01, 0x00, 0x00, 0xff, 0x80, 0x02, 0x40,
    0x01, 0x40, 0x00, 0x19, 0x00, 0x00, 0x05, 0x35, 0x21, 0x35, 0x33, 0x35, 0x23, 0x35, 0x33, 0x15,
    0x23, 0x15, 0x33, 0x11, 0x33, 0x11, 0x33, 0x35, 0x23, 0x35, 0x33, 0x15, 0x23, 0x15, 0x33, 0x15,
    0x02, 0x00, 0xfe, 0x00, 0x40, 0x40, 0xc0, 0x40, 0x80, 0x40, 0x80, 0x40, 0xc0, 0x40, 0x40, 0x80,
    0x80, 0x40, 0xc0, 0x40, 0x40, 0xc0, 0x01, 0x00, 0xff, 0x00, 0xc0, 0x40, 0x40, 0xc0, 0xc0, 0x00,
    0x00, 0x02, 0x00, 0x00, 0x00, 0x00, 0x02, 0x00, 0x01, 0x40, 0x00, 0x11, 0x00, 0x15, 0x00, 0x00,
    0x25, 0x23, 0x15, 0x33, 0x15, 0x21, 0x35, 0x33, 0x35, 0x23, 0x15, 0x23, 0x35, 0x21, 0x15, 0x23,
    0x15, 0x33, 0x15, 0x33, 0x15, 0x23, 0x01, 0xc0, 0xc0, 0xc0, 0xfe, 0xc0, 0x40, 0x80, 0x40, 0x01,
    0x40, 0x40, 0xc0, 0x40, 0x40, 0x80, 0x40, 0x40, 0x40, 0xc0, 0x40, 0x80, 0x40, 0x40, 0x40, 0x40,
    0x00, 0x03, 0x00, 0x00, 0x00, 0x00, 0x02, 0x40, 0x01, 0x40, 0x00, 0x0b, 0x00, 0x0f, 0x00, 0x1f,
    0x00, 0x00, 0x21, 0x35, 0x33, 0x35, 0x23, 0x35, 0x33, 0x15, 0x23, 0x15, 0x33, 0x15, 0x25, 0x35,
    0x23, 0x15, 0x07, 0x35, 0x33, 0x35, 0x23, 0x35, 0x33, 0x15, 0x23, 0x15, 0x33, 0x15, 0x33, 0x15,
    0x23, 0x15, 0x01, 0x80, 0x40, 0x40, 0xc0, 0x40, 0x40, 0xfe, 0xc0, 0x80, 0x80, 0x40, 0x40, 0xc0,
    0x40, 0x80, 0x40, 0x40, 0x40, 0xc0, 0x40, 0x40, 0xc0, 0x40, 0x40, 0x40, 0x40, 0x40, 0x40, 0xc0,
    0x40, 0x40, 0x40, 0x40, 0x40, 0x40, 0x00, 0x00, 0x00, 0x02, 0x00, 0x00, 0x00, 0x00, 0x01, 0x80,
    0x01, 0x40, 0x00, 0x03, 0x00, 0x13, 0x00, 0x00, 0x25, 0x35, 0x23, 0x15, 0x07, 0x35, 0x33, 0x35,
    0x23, 0x35, 0x33, 0x15, 0x23, 0x15, 0x33, 0x15, 0x33, 0x15, 0x23, 0x15, 0x01, 0x40, 0xc0, 0x80,
    0x40, 0x40, 0xc0, 0x40, 0xc0, 0x40, 0x40, 0x40, 0x40, 0x40, 0x40, 0x40, 0xc0, 0x40, 0x40, 0x40,
    0x40, 0x40, 0x40, 0x00, 0x00, 0x05, 0x00, 0x00, 0x00, 0x00, 0x01, 0x40, 0x01, 0x40, 0x00, 0x03,
    0x00, 0x07, 0x00, 0x0f, 0x00, 0x13, 0x00, 0x17, 0x00, 0x00, 0x3d, 0x01, 0x33, 0x15, 0x17, 0x15,
    0x23, 0x35, 0x33, 0x35, 0x23, 0x35, 0x33, 0x35, 0x33, 0x15, 0x21, 0x23, 0x35, 0x33, 0x37, 0x23,
    0x35, 0x33, 0x40, 0xc0, 0xc0, 0xc0, 0x80, 0x80, 0x40, 0xff, 0x00, 0x40, 0x40, 0xc0, 0xc0, 0xc0,
    0xc0, 0x40, 0x40, 0x80, 0x40, 0x40, 0x40, 0x40, 0x40, 0xc0, 0x40, 0x80, 0x40, 0x00, 0x00, 0x00,
    0x00, 0x04, 0x00, 0x00, 0x00, 0x00, 0x02, 0x40, 0x01, 0x40, 0x00, 0x03, 0x00, 0x17, 0x00, 0x1b,
    0x00, 0x1f, 0x00, 0x00, 0x25, 0x15, 0x23, 0x35, 0x05, 0x35, 0x33, 0x35, 0x23, 0x35, 0x33, 0x15,
    0x23, 0x15, 0x33, 0x35, 0x33, 0x15, 0x23, 0x35, 0x23, 0x15, 0x33, 0x15, 0x25, 0x35, 0x33, 0x15,
    0x27, 0x23, 0x35, 0x33, 0x02, 0x00, 0xc0, 0xfe, 0xc0, 0x40, 0x40, 0xc0, 0x40, 0x80, 0x40, 0x40,
    0x80, 0x40, 0x01, 0x40, 0x40, 0x40, 0xc0, 0xc0, 0x40, 0x40, 0x40, 0x40, 0x40, 0xc0, 0x40, 0x40,
    0x40, 0x40, 0xc0, 0x40, 0x40, 0x40, 0x40, 0xc0, 0xc0, 0xc0, 0x40, 0x00, 0x00, 0x03, 0x00, 0x00,
    0x00, 0x00, 0x01, 0x80, 0x01, 0x40, 0x00, 0x03, 0x00, 0x13, 0x00, 0x19, 0x00, 0x00, 0x25, 0x35,
    0x23, 0x15, 0x3d, 0x01, 0x21, 0x15, 0x23, 0x15, 0x33, 0x15, 0x23, 0x35, 0x33, 0x35, 0x23, 0x35,
    0x23, 0x35, 0x17, 0x15, 0x23, 0x35, 0x33, 0x35, 0x01, 0x00, 0x80, 0x01, 0x00, 0x40, 0x40, 0xc0,
    0x40, 0x80, 0x40, 0x40, 0x80, 0x40, 0xc0, 0x40, 0x40, 0x40, 0x40, 0x40, 0xc0, 0x40, 0x40, 0x40,
    0x40, 0x40, 0x80, 0x80, 0x40, 0x40, 0x00, 0x00, 0x00, 0x05, 0x00, 0x00, 0x00, 0x00, 0x01, 0x40,
    0x02, 0x00, 0x00, 0x03, 0x00, 0x07, 0x00, 0x11, 0x00, 0x15, 0x00, 0x19, 0x00, 0x00, 0x13, 0x35,
    0x33, 0x15, 0x13, 0x15, 0x23, 0x35, 0x31, 0x23, 0x35, 0x33, 0x15, 0x33, 0x35, 0x33, 0x15, 0x21,
    0x37, 0x23, 0x35, 0x33, 0x27, 0x23, 0x35, 0x33, 0x80, 0x40, 0x40, 0xc0, 0x40, 0x40, 0xc0, 0x40,
    0xff, 0x00, 0xc0, 0xc0, 0xc0, 0x80, 0x40, 0x40, 0x01, 0x80, 0x40, 0x40, 0xfe, 0xc0, 0x40, 0x40,
    0xc0, 0x40, 0x40, 0x80, 0x80, 0x40, 0x80, 0x40, 0x00, 0x05, 0x00, 0x00, 0x00, 0x00, 0x01, 0x40,
    0x01, 0xc0, 0x00, 0x03, 0x00, 0x07, 0x00, 0x0b, 0x00, 0x15, 0x00, 0x19, 0x00, 0x00, 0x13, 0x35,
    0x33, 0x15, 0x23, 0x35, 0x33, 0x15, 0x13, 0x15, 0x23, 0x35, 0x31, 0x23, 0x35, 0x33, 0x15, 0x33,
    0x35, 0x33, 0x15, 0x21, 0x37, 0x23, 0x35, 0x33, 0xc0, 0x40, 0xc0, 0x40, 0x80, 0xc0, 0x40, 0x40,
    0xc0, 0x40, 0xff, 0x00, 0xc0, 0xc0, 0xc0, 0x01, 0x80, 0x40, 0x40, 0x40, 0x40, 0xfe, 0xc0, 0x40,
    0x40, 0xc0, 0x40, 0x40, 0x80, 0x80, 0x40, 0x00, 0x00, 0x04, 0x00, 0x00, 0xff, 0x80, 0x01, 0x80,
    0x01, 0xc0, 0x00, 0x13, 0x00, 0x17, 0x00, 0x1b, 0x00, 0x1f, 0x00, 0x00, 0x13, 0x23, 0x15, 0x33,
    0x15, 0x23, 0x15, 0x33, 0x15, 0x23, 0x35, 0x33, 0x11, 0x23, 0x35, 0x33, 0x35, 0x33, 0x15, 0x33,
    0x13, 0x35, 0x33, 0x15, 0x35, 0x11, 0x33, 0x11, 0x03, 0x33, 0x15, 0x23, 0xc0, 0x40, 0x40, 0x40,
    0x40, 0xc0, 0x40, 0x40, 0x40, 0x40, 0x40, 0x40, 0x40, 0x40, 0xc0, 0x80, 0x80, 0x01, 0x40, 0x40,
    0x40, 0x80, 0x40, 0x40, 0x01, 0x00, 0x40, 0x40, 0x40, 0xfe, 0x00, 0x40, 0x40, 0x40, 0x01, 0x40,
    0xfe, 0xc0, 0x01, 0x80, 0x40, 0x00, 0x00, 0x00, 0x00, 0x03, 0x00, 0x00, 0x00, 0x00, 0x01, 0x40,
    0x02, 0x00, 0x00, 0x0d, 0x00, 0x11, 0x00, 0x15, 0x00, 0x00, 0x25, 0x35, 0x23, 0x15, 0x33, 0x15,
    0x23, 0x35, 0x33, 0x35, 0x23, 0x35, 0x21, 0x15, 0x27, 0x35, 0x33, 0x15, 0x3d, 0x01, 0x33, 0x15,
    0x01, 0x00, 0x80, 0x40, 0xc0, 0x40, 0x40, 0x01, 0x40, 0xc0, 0x40, 0x40, 0xc0, 0x40, 0xc0, 0x40,
    0x40, 0xc0, 0x40, 0x80, 0xc0, 0x40, 0x40, 0x40, 0x40, 0x40, 0x00, 0x00, 0x00, 0x05, 0x00, 0x00,
    0x00, 0x00, 0x01, 0x40, 0x01, 0x40, 0x00, 0x03, 0x00, 0x07, 0x00, 0x0b, 0x00, 0x13, 0x00, 0x17,
    0x00, 0x00, 0x25, 0x35, 0x33, 0x15, 0x07, 0x15, 0x23, 0x35, 0x33, 0x35, 0x33, 0x15, 0x21, 0x23,
    0x35, 0x33, 0x15, 0x33, 0x15, 0x23, 0x37, 0x23, 0x35, 0x33, 0x01, 0x00, 0x40, 0x40, 0xc0, 0xc0,
    0x40, 0xff, 0x00, 0x40, 0x40, 0x80, 0x80, 0xc0, 0xc0, 0xc0, 0xc0, 0x40, 0x40, 0x80, 0x40, 0x40,
    0x40, 0x40, 0xc0, 0x40, 0x40, 0x80, 0x40, 0x00, 0x00, 0x05, 0x00, 0x00, 0x00, 0x00, 0x01, 0x40,
    0x01, 0x40, 0x00, 0x03, 0x00, 0x07, 0x00, 0x0b, 0x00, 0x0f, 0x00, 0x13, 0x00, 0x00, 0x25, 0x15,
    0x21, 0x35, 0x21, 0x35, 0x33, 0x15, 0x27, 0x23, 0x35, 0x33, 0x2b, 0x01, 0x35, 0x33, 0x37, 0x15,
    0x23, 0x35, 0x01, 0x00, 0xff, 0x00, 0x01, 0x00, 0x40, 0x40, 0xc0, 0xc0, 0xc0, 0x40, 0x40, 0xc0,
    0xc0, 0x40, 0x40, 0x40, 0x40, 0x40, 0x40, 0x40, 0x40, 0x40, 0x40, 0x40, 0x00, 0x02, 0x00, 0x00,
    0x00, 0x00, 0x00, 0xc0, 0x01, 0xc0, 0x00, 0x03, 0x00, 0x0d, 0x00, 0x00, 0x13, 0x35, 0x33, 0x15,
    0x03, 0x35, 0x33, 0x35, 0x23, 0x35, 0x33, 0x11, 0x33, 0x15, 0x40, 0x40, 0x80, 0x40, 0x40, 0x80,
    0x40, 0x01, 0x80, 0x40, 0x40, 0xfe, 0x80, 0x40, 0xc0, 0x40, 0xff, 0x00, 0x40, 0x00, 0x00, 0x00,
    0x00, 0x03, 0x00, 0x00, 0x00, 0x00, 0x00, 0xc0, 0x01, 0xc0, 0x00, 0x03, 0x00, 0x07, 0x00, 0x11,
    0x00, 0x00, 0x13, 0x35, 0x33, 0x15, 0x23, 0x35, 0x33, 0x15, 0x03, 0x35, 0x33, 0x35, 0x23, 0x35,
    0x33, 0x11, 0x33, 0x15, 0x80, 0x40, 0xc0, 0x40, 0x40, 0x40, 0x40, 0x80, 0x40, 0x01, 0x80, 0x40,
    0x40, 0x40, 0x40, 0xfe, 0x80, 0x40, 0xc0, 0x40, 0xff, 0x00, 0x40, 0x00, 0x00, 0x03, 0x00, 0x00,
    0xff, 0x80, 0x00, 0x80, 0x01, 0xc0, 0x00, 0x03, 0x00, 0x07, 0x00, 0x0d, 0x00, 0x00, 0x15, 0x35,
    0x33, 0x15, 0x11, 0x35, 0x33, 0x15, 0x03, 0x11, 0x23, 0x35, 0x33, 0x11, 0x40, 0x40, 0x40, 0x40,
    0x80, 0x80, 0x40, 0x40, 0x02, 0x00, 0x40, 0x40, 0xfe, 0x40, 0x01, 0x40, 0x40, 0xfe, 0x80, 0x00,
    0x00, 0x03, 0x00, 0x00, 0x00, 0x00, 0x02, 0x80, 0x01, 0x40, 0x00, 0x03, 0x00, 0x17, 0x00, 0x1d,
    0x00, 0x00, 0x25, 0x35, 0x23, 0x15, 0x33, 0x15, 0x21, 0x35, 0x33, 0x35, 0x23, 0x15, 0x23, 0x35,
    0x23, 0x35, 0x21, 0x15, 0x23, 0x15, 0x33, 0x15, 0x33, 0x15, 0x25, 0x15, 0x23, 0x35, 0x33, 0x35,
    0x02, 0x40, 0xc0, 0xc0, 0xfe, 0xc0, 0x40, 0x80, 0x40, 0x40, 0x01, 0x80, 0x40, 0xc0, 0x40, 0xfe,
    0x00, 0x80, 0x40, 0x40, 0x40, 0x40, 0x40, 0x40, 0xc0, 0x80, 0x80, 0x40, 0x40, 0x40, 0x40, 0x40,
    0x40, 0x80, 0x40, 0x40, 0x00, 0x02, 0x00, 0x00, 0x00, 0x00, 0x02, 0x80, 0x01, 0x40, 0x00, 0x03,
    0x00, 0x23, 0x00, 0x00, 0x25, 0x35, 0x23, 0x15, 0x07, 0x35, 0x33, 0x35, 0x23, 0x15, 0x33, 0x15,
    0x23, 0x35, 0x33, 0x35, 0x23, 0x35, 0x33, 0x15, 0x23, 0x15, 0x33, 0x35, 0x23, 0x35, 0x33, 0x15,
    0x23, 0x15, 0x33, 0x15, 0x33, 0x15, 0x23, 0x15, 0x02, 0x40, 0xc0, 0x80, 0x40, 0xc0, 0x40, 0xc0,
    0x40, 0x40, 0xc0, 0x40, 0xc0, 0x40, 0xc0, 0x40, 0xc0, 0x40, 0x40, 0x40, 0x40, 0x40, 0x40, 0x40,
    0x40, 0x40, 0x40, 0x40, 0xc0, 0x40, 0x40, 0x40, 0x40, 0x40, 0x40, 0x40, 0x40, 0x40, 0x40, 0x00,
    0x00, 0x03, 0x00, 0x00, 0x00, 0x00, 0x01, 0xc0, 0x01, 0xc0, 0x00, 0x13, 0x00, 0x19, 0x00, 0x1d,
    0x00, 0x00, 0x13, 0x23, 0x15, 0x33, 0x15, 0x23, 0x15, 0x33, 0x15, 0x23, 0x35, 0x33, 0x11, 0x23,
    0x35, 0x33, 0x35, 0x33, 0x15, 0x33, 0x13, 0x11, 0x33, 0x15, 0x33, 0x15, 0x01, 0x33, 0x15, 0x23,
    0xc0, 0x40, 0x40, 0x40, 0x40, 0xc0, 0x40, 0x40, 0x40, 0x40, 0x40, 0x80, 0x40, 0x40, 0xff, 0x00,
    0x80, 0x80, 0x01, 0x40, 0x40, 0x40, 0x80, 0x40, 0x40, 0x01, 0x00, 0x40, 0x40, 0x40, 0xfe, 0x80,
    0x01, 0x00, 0xc0, 0x40, 0x01, 0x40, 0x40, 0x00, 0x00, 0x05, 0x00, 0x00, 0x00, 0x00, 0x01, 0x80,
    0x02, 0x00, 0x00, 0x03, 0x00, 0x09, 0x00, 0x19, 0x00, 0x1d, 0x00, 0x21, 0x00, 0x00, 0x13, 0x35,
    0x33, 0x15, 0x13, 0x35, 0x33, 0x15, 0x33, 0x15, 0x21, 0x35, 0x33, 0x35, 0x23, 0x35, 0x33, 0x15,
    0x33, 0x35, 0x33, 0x15, 0x23, 0x15, 0x33, 0x15, 0x13, 0x15, 0x23, 0x35, 0x27, 0x35, 0x33, 0x15,
    0x80, 0x40, 0x40, 0x40, 0x40, 0xfe, 0x80, 0x40, 0x40, 0x80, 0x40, 0x40, 0x80, 0x40, 0xc0, 0x80,
    0x40, 0x40, 0x01, 0x80, 0x40, 0x40, 0xfe, 0x80, 0x80, 0x40, 0x40, 0x40, 0xc0, 0x40, 0x80, 0x40,
    0x80, 0x40, 0x40, 0x01, 0x40, 0x40, 0x40, 0x80, 0x40, 0x40, 0x00, 0x00, 0x00, 0x05, 0x00, 0x00,
    0x00, 0x00, 0x01, 0xc0, 0x02, 0x00, 0x00, 0x03, 0x00, 0x07, 0x00, 0x0b, 0x00, 0x19, 0x00, 0x27,
    0x00, 0x00, 0x37, 0x35, 0x33, 0x15, 0x03, 0x35, 0x33, 0x15, 0x27, 0x23, 0x35, 0x33, 0x13, 0x35,
    0x33, 0x35, 0x33, 0x15, 0x23, 0x15, 0x33, 0x15, 0x23, 0x35, 0x33, 0x35, 0x07, 0x15, 0x23, 0x15,
    0x23, 0x35, 0x33, 0x35, 0x23, 0x35, 0x33, 0x15, 0x23, 0x15, 0xc0, 0x40, 0x40, 0x40, 0x40, 0x40,
    0x40, 0x40, 0x40, 0x80, 0x40, 0x40, 0xc0, 0x40, 0x80, 0x40, 0x80, 0x40, 0x40, 0xc0, 0x40, 0x80,
    0x40, 0x40, 0x01, 0x00, 0x40, 0x40, 0x40, 0x40, 0xfe, 0xc0, 0x40, 0x40, 0x40, 0xc0, 0x40, 0x40,
    0x80, 0x40, 0x40, 0x40, 0x40, 0xc0, 0x40, 0x40, 0x80, 0x00, 0x00, 0x00, 0x00, 0x07, 0x00, 0x00,
    0xff, 0x80, 0x01, 0x40, 0x02, 0x00, 0x00, 0x03, 0x00, 0x07, 0x00, 0x0b, 0x00, 0x11, 0x00, 0x17,
    0x00, 0x1b, 0x00, 0x1f, 0x00, 0x00, 0x13, 0x35, 0x33, 0x15, 0x03, 0x15, 0x23, 0x35, 0x33, 0x35,
    0x33, 0x15, 0x35, 0x11, 0x33, 0x15, 0x23, 0x15, 0x2b, 0x01, 0x35, 0x23, 0x35, 0x33, 0x37, 0x35,
    0x33, 0x15, 0x2b, 0x01, 0x35, 0x33, 0x80, 0x40, 0x40, 0x80, 0x80, 0x40, 0x80, 0x40, 0x80, 0x40,
    0x40, 0x80, 0x40, 0x40, 0x80, 0x40, 0x40, 0x01, 0x80, 0x40, 0x40, 0xfe, 0x40, 0x40, 0x40, 0x80,
    0x80, 0x80, 0x01, 0x00, 0x40, 0xc0, 0xc0, 0x40, 0x80, 0x40, 0x40, 0x40, 0x00, 0x01, 0x00, 0x00,
    0xff, 0x80, 0x01, 0xc0, 0x01, 0x40, 0x00, 0x17, 0x00, 0x00, 0x17, 0x35, 0x23, 0x35, 0x33, 0x35,
    0x23, 0x35, 0x33, 0x15, 0x23, 0x15, 0x33, 0x35, 0x23, 0x35, 0x33, 0x15, 0x23, 0x15, 0x33, 0x15,
    0x23, 0x15, 0xc0, 0xc0, 0x40, 0x40, 0xc0, 0x40, 0xc0, 0x40, 0xc0, 0x40, 0x40, 0xc0, 0x80, 0x80,
    0x40, 0xc0, 0x40, 0x40, 0xc0, 0xc0, 0x40, 0x40, 0xc0, 0x40, 0x80, 0x00, 0x00, 0x01, 0x00, 0x00,
    0x00, 0x00, 0x01, 0x80, 0x02, 0x40, 0x00, 0x0d, 0x00, 0x00, 0x31, 0x35, 0x33, 0x11, 0x23, 0x35,
    0x21, 0x35, 0x33, 0x15, 0x21, 0x11, 0x33, 0x15, 0x40, 0x40, 0x01, 0x40, 0x40, 0xff, 0x00, 0x40,
    0x40, 0x01, 0x40, 0x40, 0x80, 0xc0, 0xfe, 0xc0, 0x40, 0x00, 0x00, 0x00, 0x00, 0x01, 0x00, 0x00,
    0x00, 0x00, 0x01, 0x40, 0x01, 0xc0, 0x00, 0x0d, 0x00, 0x00, 0x31, 0x35, 0x33, 0x35, 0x23, 0x35,
    0x21, 0x35, 0x33, 0x15, 0x23, 0x15, 0x33, 0x15, 0x40, 0x40, 0x01, 0x00, 0x40, 0xc0, 0x40, 0x40,
    0xc0, 0x40, 0x80, 0xc0, 0xc0, 0x40, 0x00, 0x00, 0x00, 0x01, 0x00, 0x00, 0x00, 0x00, 0x01, 0x80,
    0x01, 0xc0, 0x00, 0x15, 0x00, 0x00, 0x01, 0x35, 0x23, 0x15, 0x33, 0x15, 0x23, 0x15, 0x33, 0x15,
    0x23, 0x35, 0x33, 0x35, 0x23, 0x35, 0x33, 0x35, 0x23, 0x35, 0x21, 0x15, 0x01, 0x40, 0xc0, 0x80,
    0x80, 0x40, 0xc0, 0x40, 0x40, 0x40, 0x40, 0x01, 0x80, 0x01, 0x40, 0x40, 0x80, 0x40, 0x80, 0x40,
    0x40, 0x80, 0x40, 0x80, 0x40, 0x80, 0x00, 0x00, 0x00, 0x01, 0x00, 0x00, 0x00, 0x00, 0x01, 0x40,
    0x01, 0x40, 0x00, 0x15, 0x00, 0x00, 0x25, 0x35, 0x23, 0x15, 0x33, 0x15, 0x23, 0x15, 0x33, 0x15,
    0x23, 0x35, 0x33, 0x35, 0x23, 0x35, 0x33, 0x35, 0x23, 0x35, 0x21, 0x15, 0x01, 0x00, 0x80, 0x40,
    0x40, 0x40, 0xc0, 0x40, 0x40, 0x40, 0x40, 0x01, 0x40, 0xc0, 0x40, 0x40, 0x40, 0x40, 0x40, 0x40,
    0x40, 0x40, 0x40, 0x40, 0x80, 0x00, 0x00, 0x00, 0x00, 0x09, 0x00, 0x00, 0xff, 0x80, 0x02, 0x40,
    0x01, 0xc0, 0x00, 0x03, 0x00, 0x0b, 0x00, 0x0f, 0x00, 0x13, 0x00, 0x19, 0x00, 0x1f, 0x00, 0x23,
    0x00, 0x37, 0x00, 0x3d, 0x00, 0x00, 0x37, 0x35, 0x33, 0x15, 0x01, 0x35, 0x23, 0x35, 0x33, 0x15,
    0x33, 0x15, 0x03, 0x35, 0x33, 0x15, 0x21, 0x23, 0x35, 0x33, 0x21, 0x35, 0x33, 0x15, 0x23, 0x15,
    0x21, 0x23, 0x35, 0x23, 0x35, 0x33, 0x01, 0x33, 0x15, 0x23, 0x35, 0x23, 0x15, 0x33, 0x15, 0x23,
    0x35, 0x33, 0x35, 0x23, 0x35, 0x33, 0x35, 0x23, 0x35, 0x33, 0x15, 0x23, 0x15, 0x33, 0x05, 0x15,
    0x23, 0x35, 0x33, 0x35, 0x80, 0x40, 0x01, 0x40, 0x40, 0x40, 0x40, 0xc0, 0x40, 0xff, 0x00, 0x40,
    0x40, 0x01, 0x00, 0x80, 0x40, 0xfe, 0x80, 0x40, 0x40, 0x80, 0x01, 0x00, 0x40, 0x40, 0x40, 0x40,
    0xc0, 0x40, 0x40, 0x40, 0x40, 0xc0, 0x40, 0x40, 0xff, 0x00, 0x80, 0x40, 0x80, 0x40, 0x40, 0xff,
    0x00, 0x80, 0x80, 0x40, 0xc0, 0x01, 0x80, 0x40, 0x40, 0x40, 0x80, 0x40, 0x40, 0x40, 0x40, 0xff,
    0x00, 0x40, 0x40, 0x80, 0x40, 0x40, 0x80, 0x40, 0x80, 0x40, 0x40, 0x80, 0x80, 0x80, 0x40, 0x40,
    0x00, 0x05, 0x00, 0x00, 0xff, 0x80, 0x01, 0xc0, 0x01, 0x40, 0x00, 0x0b, 0x00, 0x13, 0x00, 0x19,
    0x00, 0x1f, 0x00, 0x25, 0x00, 0x00, 0x37, 0x35, 0x33, 0x35, 0x33, 0x15, 0x33, 0x15, 0x23, 0x15,
    0x23, 0x35, 0x13, 0x35, 0x23, 0x35, 0x33, 0x15, 0x33, 0x15, 0x03, 0x35, 0x33, 0x15, 0x23, 0x15,
    0x21, 0x23, 0x35, 0x23, 0x35, 0x33, 0x1d, 0x01, 0x23, 0x35, 0x33, 0x35, 0x80, 0x40, 0x40, 0x40,
    0x40, 0x40, 0xc0, 0x40, 0x40, 0x40, 0x80, 0x80, 0x40, 0xff, 0x00, 0x40, 0x40, 0x80, 0x80, 0x40,
    0x80, 0x40, 0x80, 0x80, 0x40, 0x80, 0x80, 0xff, 0x00, 0x80, 0x80, 0x40, 0xc0, 0x01, 0x40, 0x80,
    0x40, 0x40, 0x40, 0x40, 0xc0, 0x80, 0x40, 0x40, 0x00, 0x08, 0x00, 0x00, 0xff, 0x80, 0x01, 0x40,
    0x01, 0xc0, 0x00, 0x03, 0x00, 0x09, 0x00, 0x0d, 0x00, 0x11, 0x00, 0x15, 0x00, 0x19, 0x00, 0x1f,
    0x00, 0x23, 0x00, 0x00, 0x17, 0x15, 0x23, 0x35, 0x33, 0x35, 0x23, 0x35, 0x33, 0x15, 0x3d, 0x01,
    0x33, 0x15, 0x21, 0x23, 0x35, 0x33, 0x37, 0x23, 0x35, 0x33, 0x31, 0x35, 0x33, 0x15, 0x25, 0x35,
    0x33, 0x15, 0x33, 0x15, 0x37, 0x23, 0x35, 0x33, 0xc0, 0x80, 0x80, 0x80, 0xc0, 0x40, 0xff, 0x00,
    0x40, 0x40, 0xc0, 0x80, 0x80, 0x40, 0xfe, 0xc0, 0x40, 0x40, 0x80, 0x80, 0x80, 0x40, 0x40, 0x40,
    0x40, 0x40, 0x80, 0x80, 0x80, 0x80, 0x40, 0x40, 0x40, 0x80, 0x80, 0x40, 0x80, 0x40, 0x40, 0x40,
    0x40, 0x00, 0x00, 0x00, 0x00, 0x07, 0x00, 0x00, 0xff, 0x80, 0x01, 0x40, 0x01, 0x40, 0x00, 0x03,
    0x00, 0x0b, 0x00, 0x0f, 0x00, 0x13, 0x00, 0x17, 0x00, 0x1b, 0x00, 0x1f, 0x00, 0x00, 0x17, 0x15,
    0x23, 0x35, 0x33, 0x35, 0x23, 0x35, 0x33, 0x15, 0x23, 0x15, 0x37, 0x35, 0x33, 0x15, 0x21, 0x23,
    0x35, 0x3b, 0x01, 0x23, 0x35, 0x33, 0x31, 0x35, 0x33, 0x15, 0x27, 0x23, 0x35, 0x33, 0x80, 0x80,
    0x80, 0x40, 0xc0, 0x40, 0x40, 0x40, 0xff, 0x00, 0x40, 0x40, 0xc0, 0x80, 0x80, 0x40, 0x40, 0xc0,
    0xc0, 0x40, 0x40, 0x40, 0x40, 0x40, 0x40, 0x40, 0x80, 0x40, 0x40, 0x40, 0x40, 0x40, 0x40, 0x40,
    0x40, 0x00, 0x00, 0x00, 0x00, 0x05, 0x00, 0x00, 0xff, 0x80, 0x01, 0x80, 0x01, 0xc0, 0x00, 0x0f,
    0x00, 0x17, 0x00, 0x1b, 0x00, 0x21, 0x00, 0x25, 0x00, 0x00, 0x37, 0x23, 0x15, 0x33, 0x15, 0x23,
    0x35, 0x33, 0x11, 0x23, 0x35, 0x33, 0x15, 0x23, 0x15, 0x33, 0x13, 0x35, 0x23, 0x35, 0x33, 0x15,
    0x33, 0x15, 0x03, 0x35, 0x33, 0x15, 0x3d, 0x01, 0x33, 0x15, 0x23, 0x15, 0x07, 0x33, 0x15, 0x23,
    0xc0, 0x40, 0x40, 0xc0, 0x40, 0x40, 0xc0, 0x40, 0x40, 0x80, 0x40, 0x40, 0x40, 0xc0, 0x40, 0x80,
    0x40, 0x80, 0x40, 0x40, 0xc0, 0x80, 0x40, 0x40, 0x01, 0x40, 0x40, 0x40, 0x80, 0xfe, 0x80, 0x80,
    0x80, 0x40, 0xc0, 0x01, 0x80, 0x40, 0x40, 0x40, 0x80, 0x40, 0x40, 0x80, 0x40, 0x00, 0x00, 0x00,
    0x00, 0x03, 0x00, 0x00, 0xff, 0x80, 0x01, 0x80, 0x01, 0x40, 0x00, 0x07, 0x00, 0x17, 0x00, 0x1b,
    0x00, 0x00, 0x05, 0x35, 0x23, 0x35, 0x33, 0x15, 0x33, 0x15, 0x25, 0x35, 0x33, 0x35, 0x23, 0x35,
    0x33, 0x15, 0x33, 0x35, 0x33, 0x15, 0x23, 0x15, 0x33, 0x15, 0x13, 0x15, 0x23, 0x35, 0x01, 0x40,
    0x40, 0x40, 0x40, 0xfe, 0x80, 0x40, 0x40, 0x80, 0x40, 0x40, 0x80, 0x40, 0xc0, 0x80, 0x80, 0x80,
    0x80, 0x40, 0xc0, 0x80, 0x40, 0xc0, 0x40, 0x80, 0x40, 0x80, 0x40, 0x40, 0x01, 0x40, 0x40, 0x40,
    0x00, 0x05, 0x00, 0x00, 0x00, 0x00, 0x02, 0x00, 0x01, 0xc0, 0x00, 0x03, 0x00, 0x07, 0x00, 0x0d,
    0x00, 0x1f, 0x00, 0x25, 0x00, 0x00, 0x25, 0x23, 0x35, 0x33, 0x27, 0x35, 0x33, 0x15, 0x3d, 0x01,
    0x33, 0x15, 0x23, 0x15, 0x07, 0x23, 0x15, 0x33, 0x15, 0x23, 0x35, 0x33, 0x11, 0x23, 0x15, 0x23,
    0x35, 0x21, 0x15, 0x23, 0x15, 0x33, 0x17, 0x33, 0x15, 0x33, 0x15, 0x23, 0x01, 0x80, 0x40, 0x40,
    0x40, 0x40, 0x80, 0x40, 0x80, 0x40, 0x40, 0xc0, 0x40, 0x80, 0x40, 0x01, 0x40, 0x40, 0x40, 0x40,
    0x40, 0x40, 0x80, 0x80, 0x40, 0x40, 0x40, 0x40, 0x40, 0x80, 0x40, 0x40, 0x80, 0x80, 0x40, 0x40,
    0x01, 0x40, 0x80, 0xc0, 0x40, 0x80, 0x80, 0x40, 0x40, 0x00, 0x00, 0x00, 0x00, 0x03, 0x00, 0x00,
    0x00, 0x00, 0x02, 0x00, 0x01, 0x40, 0x00, 0x11, 0x00, 0x15, 0x00, 0x1b, 0x00, 0x00, 0x25, 0x23,
    0x15, 0x33, 0x15, 0x23, 0x35, 0x33, 0x35, 0x23, 0x15, 0x23, 0x35, 0x21, 0x15, 0x33, 0x35, 0x33,
    0x37, 0x15, 0x23, 0x35, 0x15, 0x33, 0x15, 0x33, 0x15, 0x23, 0x01, 0x80, 0x80, 0x40, 0xc0, 0x40,
    0x80, 0x40, 0x01, 0x00, 0x40, 0x40, 0x80, 0x80, 0x40, 0x40, 0x80, 0x80, 0x40, 0x40, 0x40, 0xc0,
    0x40, 0x80, 0x80, 0x40, 0x40, 0x40, 0x40, 0xc0, 0x40, 0x40, 0x00, 0x00, 0x00, 0x01, 0x00, 0x00,
    0xff, 0x80, 0x01, 0xc0, 0x01, 0xc0, 0x00, 0x1d, 0x00, 0x00, 0x05, 0x35, 0x23, 0x35, 0x33, 0x35,
    0x23, 0x15, 0x33, 0x15, 0x23, 0x35, 0x33, 0x11, 0x23, 0x35, 0x33, 0x15, 0x23, 0x15, 0x33, 0x35,
    0x23, 0x35, 0x33, 0x15, 0x23, 0x11, 0x33, 0x15, 0x01, 0x80, 0x80, 0x40, 0xc0, 0x40, 0xc0, 0x40,
    0x40, 0xc0, 0x40, 0xc0, 0x40, 0xc0, 0x40, 0x40, 0x80, 0x80, 0x40, 0x80, 0x80, 0x40, 0x40, 0x01,
    0x40, 0x40, 0x40, 0x80, 0x80, 0x40, 0x40, 0xfe, 0xc0, 0xc0, 0x00, 0x00, 0x00, 0x01, 0x00, 0x00,
    0xff, 0x80, 0x01, 0xc0, 0x01, 0x40, 0x00, 0x1d, 0x00, 0x00, 0x05, 0x35, 0x23, 0x35, 0x33, 0x35,
    0x23, 0x15, 0x33, 0x15, 0x23, 0x35, 0x33, 0x35, 0x23, 0x35, 0x33, 0x15, 0x23, 0x15, 0x33, 0x35,
    0x23, 0x35, 0x33, 0x15, 0x23, 0x15, 0x33, 0x15, 0x01, 0x80, 0x80, 0x40, 0xc0, 0x40, 0xc0, 0x40,
    0x40, 0xc0, 0x40, 0xc0, 0x40, 0xc0, 0x40, 0x40, 0x80, 0x80, 0x40, 0x40, 0x40, 0x40, 0x40, 0xc0,
    0x40, 0x40, 0x40, 0x40, 0x40, 0x40, 0xc0, 0xc0, 0x00, 0x08, 0x00, 0x00, 0x00, 0x00, 0x02, 0x00,
    0x01, 0xc0, 0x00, 0x03, 0x00, 0x0b, 0x00, 0x0f, 0x00, 0x13, 0x00, 0x17, 0x00, 0x1b, 0x00, 0x1f,
    0x00, 0x23, 0x00, 0x00, 0x25, 0x15, 0x23, 0x35, 0x05, 0x35, 0x33, 0x35, 0x33, 0x15, 0x23, 0x15,
    0x27, 0x23, 0x35, 0x33, 0x21, 0x11, 0x33, 0x11, 0x2b, 0x01, 0x11, 0x33, 0x03, 0x23, 0x11, 0x33,
    0x21, 0x23, 0x35, 0x33, 0x05, 0x35, 0x33, 0x15, 0x02, 0x00, 0x80, 0xff, 0x00, 0x80, 0x80, 0x40,
    0xc0, 0x40, 0x40, 0x01, 0x00, 0x40, 0xc0, 0x40, 0x40, 0xc0, 0x40, 0x40, 0x01, 0x40, 0x80, 0x80,
    0xfe, 0xc0, 0x40, 0x40, 0x40, 0x40, 0x40, 0x40, 0x40, 0x40, 0x40, 0x40, 0x40, 0x01, 0x00, 0xff,
    0x00, 0x01, 0x00, 0xff, 0x00, 0x01, 0x00, 0x40, 0x40, 0x40, 0x40, 0x00, 0x00, 0x07, 0x00, 0x00,
    0x00, 0x00, 0x01, 0x80, 0x01, 0x40, 0x00, 0x03, 0x00, 0x0b, 0x00, 0x0f, 0x00, 0x13, 0x00, 0x17,
    0x00, 0x1b, 0x00, 0x1f, 0x00, 0x00, 0x21, 0x35, 0x33, 0x15, 0x21, 0x35, 0x33, 0x35, 0x33, 0x15,
    0x23, 0x15, 0x27, 0x23, 0x35, 0x33, 0x05, 0x35, 0x33, 0x15, 0x2b, 0x01, 0x35, 0x3b, 0x01, 0x23,
    0x35, 0x33, 0x05, 0x35, 0x33, 0x15, 0x01, 0x40, 0x40, 0xfe, 0xc0, 0x80, 0x80, 0x40, 0xc0, 0x40,
    0x40, 0x01, 0x00, 0x40, 0xc0, 0x40, 0x40, 0x80, 0x80, 0x80, 0xff, 0x00, 0x40, 0x40, 0x40, 0x40,
    0x40, 0x40, 0x40, 0x40, 0xc0, 0x80, 0x80, 0x80, 0x80, 0x40, 0x40, 0x40, 0x40, 0x00, 0x00, 0x00,
    0x00, 0x08, 0x00, 0x00, 0xff, 0x80, 0x01, 0xc0, 0x01, 0xc0, 0x00, 0x07, 0x00, 0x0b, 0x00, 0x13,
    0x00, 0x17, 0x00, 0x1b, 0x00, 0x1f, 0x00, 0x23, 0x00, 0x27, 0x00, 0x00, 0x01, 0x35, 0x23, 0x35,
    0x33, 0x35, 0x33, 0x15, 0x03, 0x15, 0x23, 0x35, 0x33, 0x35, 0x23, 0x35, 0x21, 0x15, 0x23, 0x15,
    0x37, 0x35, 0x33, 0x15, 0x21, 0x23, 0x35, 0x33, 0x2b, 0x01, 0x35, 0x33, 0x31, 0x35, 0x33, 0x15,
    0x37, 0x23, 0x35, 0x33, 0x01, 0x80, 0x40, 0x40, 0x40, 0xc0, 0x80, 0x80, 0x80, 0x01, 0x00, 0x40,
    0x40, 0x40, 0xfe, 0xc0, 0x40, 0x40, 0x40, 0x40, 0x40, 0x40, 0xc0, 0xc0, 0xc0, 0x01, 0x00, 0x40,
    0x40, 0x40, 0xc0, 0xfe, 0xc0, 0x40, 0x40, 0x40, 0x40, 0x40, 0x40, 0x80, 0x40, 0x40, 0x40, 0xc0,
    0x40, 0x40, 0x40, 0x40, 0x00, 0x05, 0x00, 0x00, 0xff, 0x80, 0x01, 0x40, 0x01, 0x40, 0x00, 0x03,
    0x00, 0x07, 0x00, 0x0d, 0x00, 0x11, 0x00, 0x15, 0x00, 0x00, 0x25, 0x35, 0x33, 0x15, 0x03, 0x15,
    0x23, 0x35, 0x33, 0x35, 0x23, 0x35, 0x33, 0x15, 0x27, 0x23, 0x35, 0x3b, 0x01, 0x23, 0x35, 0x33,
    0x01, 0x00, 0x40, 0x80, 0x80, 0x80, 0x80, 0xc0, 0xc0, 0x40, 0x40, 0xc0, 0xc0, 0xc0, 0xc0, 0x40,
    0x40, 0xff, 0x00, 0x40, 0x40, 0x40, 0x40, 0x80, 0x80, 0xc0, 0x40, 0x00, 0x00, 0x05, 0x00, 0x00,
    0x00, 0x00, 0x01, 0xc0, 0x01, 0xc0, 0x00, 0x07, 0x00, 0x0b, 0x00, 0x0f, 0x00, 0x17, 0x00, 0x1f,
    0x00, 0x00, 0x33, 0x35, 0x33, 0x35, 0x33, 0x15, 0x33, 0x15, 0x03, 0x35, 0x33, 0x15, 0x2b, 0x01,
    0x35, 0x3b, 0x01, 0x35, 0x23, 0x35, 0x33, 0x15, 0x23, 0x15, 0x21, 0x23, 0x35, 0x23, 0x35, 0x33,
    0x15, 0x23, 0x80, 0x40, 0x40, 0x40, 0x40, 0x40, 0x80, 0x40, 0x40, 0x80, 0x40, 0xc0, 0x40, 0xff,
    0x00, 0x40, 0x40, 0xc0, 0x40, 0x40, 0xc0, 0xc0, 0x40, 0x01, 0x00, 0x40, 0x40, 0x40, 0x40, 0x40,
    0x40, 0x40, 0x40, 0x40, 0x40, 0x00, 0x00, 0x00, 0x00, 0x05, 0x00, 0x00, 0xff, 0x80, 0x01, 0xc0,
    0x01, 0x40, 0x00, 0x07, 0x00, 0x0b, 0x00, 0x0f, 0x00, 0x17, 0x00, 0x1f, 0x00, 0x00, 0x17, 0x35,
    0x33, 0x35, 0x33, 0x15, 0x33, 0x15, 0x03, 0x35, 0x33, 0x15, 0x2b, 0x01, 0x35, 0x3b, 0x01, 0x35,
    0x23, 0x35, 0x33, 0x15, 0x23, 0x15, 0x21, 0x23, 0x35, 0x23, 0x35, 0x33, 0x15, 0x23, 0x80, 0x40,
    0x40, 0x40, 0x40, 0x40, 0x80, 0x40, 0x40, 0x80, 0x40, 0xc0, 0x40, 0xff, 0x00, 0x40, 0x40, 0xc0,
    0x40, 0x80, 0x40, 0xc0, 0xc0, 0x40, 0x01, 0x00, 0x40, 0x40, 0x40, 0x40, 0x40, 0x40, 0x40, 0x40,
    0x40, 0x40, 0x00, 0x00, 0x00, 0x03, 0x00, 0x00, 0x00, 0x00, 0x01, 0xc0, 0x01, 0xc0, 0x00, 0x13,
    0x00, 0x1b, 0x00, 0x23, 0x00, 0x00, 0x33, 0x35, 0x33, 0x35, 0x23, 0x35, 0x33, 0x35, 0x33, 0x15,
    0x33, 0x35, 0x33, 0x15, 0x33, 0x15, 0x23, 0x15, 0x33, 0x15, 0x11, 0x35, 0x23, 0x35, 0x33, 0x15,
    0x23, 0x15, 0x21, 0x23, 0x35, 0x23, 0x35, 0x33, 0x15, 0x23, 0x80, 0x40, 0xc0, 0x80, 0x40, 0x40,
    0x40, 0x80, 0xc0, 0x40, 0x40, 0xc0, 0x40, 0xff, 0x00, 0x40, 0x40, 0xc0, 0x40, 0x40, 0x80, 0x40,
    0x40, 0x40, 0x40, 0x40, 0x40, 0x80, 0x40, 0x01, 0x40, 0x40, 0x40, 0x40, 0x40, 0x40, 0x40, 0x40,
    0x00, 0x05, 0x00, 0x00, 0xff, 0x80, 0x01, 0xc0, 0x01, 0x40, 0x00, 0x0f, 0x00, 0x13, 0x00, 0x17,
    0x00, 0x1f, 0x00, 0x27, 0x00, 0x00, 0x17, 0x35, 0x33, 0x35, 0x23, 0x35, 0x33, 0x35, 0x33, 0x15,
    0x33, 0x15, 0x23, 0x15, 0x33, 0x15, 0x03, 0x35, 0x33, 0x15, 0x2b, 0x01, 0x35, 0x3b, 0x01, 0x35,
    0x23, 0x35, 0x33, 0x15, 0x23, 0x15, 0x21, 0x23, 0x35, 0x23, 0x35, 0x33, 0x15, 0x23, 0x80, 0x40,
    0xc0, 0xc0, 0x40, 0xc0, 0xc0, 0x40, 0x40, 0x40, 0x80, 0x40, 0x40, 0x80, 0x40, 0xc0, 0x40, 0xff,
    0x00, 0x40, 0x40, 0xc0, 0x40, 0x80, 0x40, 0x40, 0x40, 0x40, 0x40, 0x40, 0x40, 0x40, 0x01, 0x00,
    0x40, 0x40, 0x40, 0x40, 0x40, 0x40, 0x40, 0x40, 0x40, 0x40, 0x00, 0x00, 0x00, 0x09, 0x00, 0x00,
    0xff, 0x80, 0x01, 0xc0, 0x01, 0xc0, 0x00, 0x09, 0x00, 0x11, 0x00, 0x15, 0x00, 0x19, 0x00, 0x1d,
    0x00, 0x21, 0x00, 0x25, 0x00, 0x2d, 0x00, 0x35, 0x00, 0x00, 0x05, 0x35, 0x23, 0x35, 0x33, 0x35,
    0x33, 0x15, 0x33, 0x15, 0x25, 0x35, 0x33, 0x35, 0x33, 0x15, 0x33, 0x15, 0x37, 0x23, 0x35, 0x33,
    0x07, 0x35, 0x33, 0x15, 0x3d, 0x01, 0x33, 0x15, 0x3d, 0x01, 0x33, 0x15, 0x2b, 0x01, 0x35, 0x3b,
    0x01, 0x35, 0x23, 0x35, 0x33, 0x15, 0x23, 0x15, 0x21, 0x23, 0x35, 0x23, 0x35, 0x33, 0x15, 0x23,
    0x01, 0x80, 0x80, 0x40, 0x40, 0x40, 0xfe, 0x40, 0x40, 0x40, 0x40, 0x80, 0x40, 0x40, 0xc0, 0x40,
    0x40, 0x40, 0x80, 0x40, 0x40, 0x80, 0x40, 0xc0, 0x40, 0xff, 0x00, 0x40, 0x40, 0xc0, 0x40, 0x80,
    0x80, 0x40, 0x40, 0x40, 0xc0, 0x80, 0x40, 0x40, 0x40, 0x40, 0x80, 0x40, 0x40, 0x40, 0x40, 0x40,
    0x40, 0x40, 0x40, 0x40, 0x40, 0x40, 0x40, 0x40, 0x40, 0x40, 0x40, 0x40, 0x40, 0x00, 0x00, 0x00,
    0x00, 0x05, 0x00, 0x00, 0xff, 0x80, 0x01, 0x40, 0x01, 0x40, 0x00, 0x07, 0x00, 0x0d, 0x00, 0x11,
    0x00, 0x17, 0x00, 0x1d, 0x00, 0x00, 0x05, 0x35, 0x23, 0x35, 0x33, 0x15, 0x33, 0x15, 0x25, 0x35,
    0x33, 0x35, 0x33, 0x15, 0x3d, 0x01, 0x33, 0x15, 0x3d, 0x01, 0x33, 0x15, 0x23, 0x15, 0x2b, 0x01,
    0x35, 0x23, 0x35, 0x33, 0x01, 0x00, 0x40, 0x40, 0x40, 0xfe, 0xc0, 0x40, 0x40, 0x40, 0x80, 0x40,
    0x80, 0x40, 0x40, 0x80, 0x80, 0x80, 0x80, 0x40, 0xc0, 0x80, 0x40, 0x40, 0x80, 0x80, 0x40, 0x40,
    0x40, 0x80, 0x40, 0x40, 0x40, 0x40, 0x00, 0x00, 0x00, 0x03, 0x00, 0x00, 0x00, 0x00, 0x01, 0xc0,
    0x01, 0xc0, 0x00, 0x07, 0x00, 0x17, 0x00, 0x1b, 0x00, 0x00, 0x21, 0x35, 0x33, 0x35, 0x33, 0x15,
    0x33, 0x15, 0x21, 0x35, 0x33, 0x11, 0x23, 0x35, 0x33, 0x15, 0x23, 0x15, 0x33, 0x15, 0x23, 0x15,
    0x33, 0x15, 0x13, 0x23, 0x35, 0x33, 0x01, 0x00, 0x40, 0x40, 0x40, 0xfe, 0x40, 0x40, 0x40, 0xc0,
    0x40, 0x40, 0x40, 0x40, 0x80, 0x80, 0x80, 0x40, 0xc0, 0xc0, 0x40, 0x40, 0x01, 0x40, 0x40, 0x40,
    0x80, 0x40, 0x80, 0x40, 0x01, 0x00, 0x40, 0x00, 0x00, 0x03, 0x00, 0x00, 0x00, 0x00, 0x01, 0x80,
    0x01, 0xc0, 0x00, 0x05, 0x00, 0x13, 0x00, 0x17, 0x00, 0x00, 0x21, 0x11, 0x33, 0x15, 0x33, 0x15,
    0x21, 0x35, 0x33, 0x11, 0x23, 0x35, 0x33, 0x15, 0x33, 0x15, 0x23, 0x15, 0x33, 0x15, 0x11, 0x35,
    0x33, 0x15, 0x01, 0x00, 0x40, 0x40, 0xfe, 0x80, 0x40, 0x40, 0x80, 0x40, 0x40, 0x40, 0x40, 0x01,
    0x00, 0xc0, 0x40, 0x40, 0x01, 0x40, 0x40, 0xc0, 0x40, 0x80, 0x40, 0x01, 0x00, 0x40, 0x40, 0x00,
    0x00, 0x05, 0x00, 0x00, 0x00, 0x00, 0x01, 0xc0, 0x02, 0x80, 0x00, 0x17, 0x00, 0x1b, 0x00, 0x1f,
    0x00, 0x23, 0x00, 0x27, 0x00, 0x00, 0x21, 0x35, 0x33, 0x35, 0x23, 0x15, 0x33, 0x15, 0x23, 0x35,
    0x33, 0x35, 0x33, 0x35, 0x33, 0x15, 0x33, 0x35, 0x33, 0x15, 0x33, 0x15, 0x33, 0x15, 0x01, 0x35,
    0x33, 0x15, 0x37, 0x15, 0x23, 0x35, 0x33, 0x35, 0x33, 0x15, 0x21, 0x23, 0x35, 0x33, 0x01, 0x00,
    0x40, 0xc0, 0x40, 0xc0, 0x40, 0x40, 0x40, 0x40, 0x40, 0x40, 0x40, 0xff, 0x00, 0x40, 0x40, 0xc0,
    0xc0, 0x40, 0xff, 0x00, 0x40, 0x40, 0x40, 0x40, 0x40, 0x40, 0x40, 0x80, 0xc0, 0xc0, 0xc0, 0xc0,
    0x80, 0x40, 0x01, 0x80, 0x40, 0x40, 0xc0, 0x40, 0x40, 0x40, 0x40, 0x40, 0x00, 0x06, 0x00, 0x00,
    0x00, 0x00, 0x01, 0x80, 0x02, 0x00, 0x00, 0x0b, 0x00, 0x0f, 0x00, 0x13, 0x00, 0x17, 0x00, 0x1b,
    0x00, 0x1f, 0x00, 0x00, 0x33, 0x35, 0x23, 0x35, 0x33, 0x35, 0x33, 0x35, 0x33, 0x15, 0x33, 0x15,
    0x27, 0x35, 0x23, 0x15, 0x37, 0x23, 0x35, 0x33, 0x35, 0x15, 0x23, 0x35, 0x33, 0x35, 0x33, 0x15,
    0x2b, 0x01, 0x35, 0x33, 0x40, 0x40, 0x40, 0xc0, 0x40, 0x40, 0x80, 0xc0, 0xc0, 0xc0, 0xc0, 0x80,
    0x80, 0x40, 0xc0, 0x40, 0x40, 0x40, 0x40, 0x40, 0x40, 0xc0, 0x40, 0x40, 0x40, 0x40, 0xc0, 0x40,
    0x80, 0x40, 0x40, 0x40, 0x40, 0x40, 0x00, 0x00, 0x00, 0x04, 0x00, 0x00, 0x00, 0x00, 0x01, 0x80,
    0x02, 0x80, 0x00, 0x17, 0x00, 0x1b, 0x00, 0x1f, 0x00, 0x23, 0x00, 0x00, 0x37, 0x35, 0x23, 0x15,
    0x33, 0x35, 0x33, 0x15, 0x21, 0x35, 0x33, 0x11, 0x23, 0x35, 0x21, 0x15, 0x23, 0x35, 0x23, 0x15,
    0x33, 0x35, 0x33, 0x15, 0x11, 0x15, 0x23, 0x35, 0x33, 0x35, 0x33, 0x15, 0x2b, 0x01, 0x35, 0x33,
    0xc0, 0x40, 0xc0, 0x40, 0xfe, 0x80, 0x40, 0x40, 0x01, 0x80, 0x40, 0xc0, 0x40, 0x40, 0x80, 0x80,
    0x40, 0xc0, 0x40, 0x40, 0x80, 0x40, 0x80, 0x40, 0x80, 0x40, 0x01, 0x40, 0x40, 0x80, 0x40, 0x80,
    0x40, 0xc0, 0x01, 0xc0, 0x40, 0x40, 0x40, 0x40, 0x40, 0x00, 0x00, 0x00, 0x00, 0x06, 0x00, 0x00,
    0x00, 0x00, 0x01, 0x40, 0x02, 0x00, 0x00, 0x03, 0x00, 0x0d, 0x00, 0x11, 0x00, 0x15, 0x00, 0x19,
    0x00, 0x1d, 0x00, 0x00, 0x25, 0x15, 0x23, 0x35, 0x31, 0x23, 0x35, 0x33, 0x15, 0x33, 0x35, 0x33,
    0x15, 0x21, 0x37, 0x23, 0x35, 0x33, 0x35, 0x15, 0x23, 0x35, 0x33, 0x35, 0x33, 0x15, 0x2b, 0x01,
    0x35, 0x33, 0x01, 0x00, 0xc0, 0x40, 0x40, 0xc0, 0x40, 0xff, 0x00, 0xc0, 0xc0, 0xc0, 0x80, 0x80,
    0x40, 0xc0, 0x40, 0x40, 0x40, 0x40, 0x40, 0xc0, 0x40, 0x40, 0x80, 0x80, 0x40, 0x80, 0x40, 0x40,
    0x40, 0x40, 0x40, 0x00, 0x00, 0x07, 0x00, 0x00, 0x00, 0x00, 0x01, 0xc0, 0x01, 0xc0, 0x00, 0x03,
    0x00, 0x07, 0x00, 0x0b, 0x00, 0x15, 0x00, 0x19, 0x00, 0x1f, 0x00, 0x23, 0x00, 0x00, 0x25, 0x15,
    0x23, 0x35, 0x33, 0x35, 0x33, 0x15, 0x21, 0x23, 0x35, 0x33, 0x21, 0x35, 0x21, 0x15, 0x23, 0x35,
    0x21, 0x35, 0x33, 0x15, 0x27, 0x23, 0x35, 0x33, 0x05, 0x35, 0x33, 0x15, 0x33, 0x15, 0x37, 0x23,
    0x35, 0x33, 0x01, 0x40, 0xc0, 0xc0, 0x40, 0xff, 0x00, 0x40, 0x40, 0x01, 0x00, 0xfe, 0xc0, 0x40,
    0x01, 0x80, 0x40, 0x40, 0x40, 0x40, 0xfe, 0x80, 0x40, 0x40, 0xc0, 0xc0, 0xc0, 0x40, 0x40, 0x40,
    0x40, 0x40, 0x40, 0x40, 0x40, 0x80, 0x40, 0xc0, 0xc0, 0x40, 0x40, 0x80, 0x40, 0x40, 0x40, 0x40,
    0x00, 0x03, 0x00, 0x00, 0x00, 0x00, 0x01, 0x40, 0x01, 0x40, 0x00, 0x03, 0x00, 0x0d, 0x00, 0x11,
    0x00, 0x00, 0x25, 0x15, 0x23, 0x35, 0x33, 0x35, 0x23, 0x15, 0x23, 0x35, 0x21, 0x35, 0x33, 0x15,
    0x27, 0x23, 0x35, 0x33, 0x01, 0x00, 0xc0, 0xc0, 0xc0, 0x40, 0x01, 0x00, 0x40, 0x40, 0xc0, 0xc0,
    0x40, 0x40, 0x40, 0x40, 0x40, 0x80, 0x40, 0xc0, 0xc0, 0x40, 0x00, 0x00, 0x00, 0x05, 0x00, 0x00,
    0x00, 0x00, 0x01, 0x40, 0x01, 0xc0, 0x00, 0x03, 0x00, 0x07, 0x00, 0x11, 0x00, 0x17, 0x00, 0x1b,
    0x00, 0x00, 0x25, 0x35, 0x33, 0x15, 0x21, 0x23, 0x35, 0x33, 0x37, 0x35, 0x23, 0x15, 0x23, 0x35,
    0x21, 0x15, 0x23, 0x1d, 0x01, 0x23, 0x35, 0x33, 0x15, 0x33, 0x1d, 0x01, 0x23, 0x35, 0x01, 0x00,
    0x40, 0xff, 0x00, 0x40, 0x40, 0x80, 0x80, 0x40, 0x01, 0x40, 0x40, 0x80, 0x40, 0x40, 0xc0, 0x40,
    0x80, 0x80, 0x40, 0xc0, 0x40, 0x40, 0x80, 0x40, 0x40, 0x80, 0x80, 0x40, 0xc0, 0x40, 0x40, 0x00,
    0x00, 0x05, 0x00, 0x00, 0xff, 0x80, 0x01, 0x40, 0x01, 0x40, 0x00, 0x03, 0x00, 0x07, 0x00, 0x11,
    0x00, 0x17, 0x00, 0x1b, 0x00, 0x00, 0x05, 0x35, 0x33, 0x15, 0x21, 0x23, 0x35, 0x33, 0x37, 0x35,
    0x23, 0x15, 0x23, 0x35, 0x21, 0x15, 0x23, 0x1d, 0x01, 0x23, 0x35, 0x33, 0x15, 0x33, 0x1d, 0x01,
    0x23, 0x35, 0x01, 0x00, 0x40, 0xff, 0x00, 0x40, 0x40, 0x80, 0x80, 0x40, 0x01, 0x40, 0x40, 0x80,
    0x40, 0x40, 0xc0, 0x40, 0x80, 0x80, 0x40, 0xc0, 0x40, 0x40, 0x80, 0x40, 0x40, 0x80, 0x80, 0x40,
    0xc0, 0x40, 0x40, 0x00, 0x00, 0x07, 0x00, 0x00, 0x00, 0x00, 0x01, 0xc0, 0x01, 0xc0, 0x00, 0x03,
    0x00, 0x07, 0x00, 0x0b, 0x00, 0x17, 0x00, 0x1b, 0x00, 0x1f, 0x00, 0x23, 0x00, 0x00, 0x25, 0x15,
    0x23, 0x35, 0x33, 0x35, 0x33, 0x15, 0x21, 0x23, 0x35, 0x33, 0x21, 0x35, 0x21, 0x15, 0x23, 0x35,
    0x33, 0x15, 0x21, 0x35, 0x33, 0x15, 0x27, 0x23, 0x35, 0x33, 0x05, 0x35, 0x33, 0x15, 0x37, 0x23,
    0x35, 0x33, 0x01, 0x40, 0xc0, 0xc0, 0x40, 0xff, 0x00, 0x40, 0x40, 0x01, 0x00, 0xfe, 0xc0, 0x40,
    0x40, 0x01, 0x40, 0x40, 0x40, 0x40, 0x40, 0xfe, 0xc0, 0x40, 0xc0, 0xc0, 0xc0, 0x40, 0x40, 0x40,
    0x40, 0x40, 0x40, 0x40, 0x40, 0xc0, 0x40, 0x40, 0xc0, 0xc0, 0x40, 0x40, 0x40, 0x40, 0x40, 0x40,
    0x00, 0x03, 0x00, 0x00, 0x00, 0x00, 0x01, 0x40, 0x01, 0x40, 0x00, 0x03, 0x00, 0x0f, 0x00, 0x13,
    0x00, 0x00, 0x25, 0x15, 0x23, 0x35, 0x33, 0x35, 0x23, 0x15, 0x23, 0x35, 0x33, 0x15, 0x33, 0x35,
    0x33, 0x15, 0x27, 0x23, 0x35, 0x33, 0x01, 0x00, 0xc0, 0xc0, 0xc0, 0x40, 0x40, 0xc0, 0x40, 0x40,
    0xc0, 0xc0, 0x40, 0x40, 0x40, 0x40, 0x40, 0xc0, 0x40, 0x40, 0xc0, 0xc0, 0x40, 0x00, 0x00, 0x00,
    0x00, 0x0a, 0x00, 0x00, 0x00, 0x00, 0x01, 0xc0, 0x02, 0x80, 0x00, 0x03, 0x00, 0x07, 0x00, 0x0b,
    0x00, 0x0f, 0x00, 0x13, 0x00, 0x17, 0x00, 0x1f, 0x00, 0x27, 0x00, 0x2b, 0x00, 0x2f, 0x00, 0x00,
    0x01, 0x35, 0x33, 0x15, 0x21, 0x35, 0x33, 0x15, 0x13, 0x15, 0x23, 0x35, 0x33, 0x35, 0x33, 0x15,
    0x3d, 0x01, 0x33, 0x15, 0x2b, 0x01, 0x35, 0x3b, 0x01, 0x35, 0x23, 0x35, 0x33, 0x15, 0x23, 0x15,
    0x21, 0x23, 0x35, 0x23, 0x35, 0x33, 0x15, 0x23, 0x37, 0x35, 0x33, 0x15, 0x21, 0x35, 0x33, 0x15,
    0x01, 0x00, 0x40, 0xff, 0x00, 0x40, 0x40, 0x80, 0x80, 0x40, 0x40, 0x80, 0x40, 0x40, 0x80, 0x40,
    0xc0, 0x40, 0xff, 0x00, 0x40, 0x40, 0xc0, 0x40, 0xc0, 0x40, 0xff, 0x00, 0x40, 0x02, 0x00, 0x40,
    0x40, 0x40, 0x40, 0xfe, 0x40, 0x40, 0x40, 0x80, 0x80, 0x80, 0x80, 0x80, 0x80, 0x40, 0x40, 0x40,
    0x40, 0x40, 0x40, 0x40, 0xc0, 0x40, 0x40, 0x40, 0x40, 0x00, 0x00, 0x00, 0x00, 0x08, 0x00, 0x00,
    0xff, 0x80, 0x01, 0x40, 0x02, 0x00, 0x00, 0x03, 0x00, 0x07, 0x00, 0x0b, 0x00, 0x0f, 0x00, 0x15,
    0x00, 0x1b, 0x00, 0x1f, 0x00, 0x23, 0x00, 0x00, 0x13, 0x35, 0x33, 0x15, 0x21, 0x35, 0x33, 0x15,
    0x13, 0x15, 0x23, 0x35, 0x33, 0x35, 0x33, 0x15, 0x35, 0x11, 0x33, 0x15, 0x23, 0x15, 0x2b, 0x01,
    0x35, 0x23, 0x35, 0x33, 0x37, 0x35, 0x33, 0x15, 0x21, 0x35, 0x33, 0x15, 0xc0, 0x40, 0xff, 0x00,
    0x40, 0x40, 0x80, 0x80, 0x40, 0x80, 0x40, 0x80, 0x40, 0x40, 0x80, 0x80, 0x40, 0xff, 0x00, 0x40,
    0x01, 0x80, 0x40, 0x40, 0x40, 0x40, 0xfe, 0x40, 0x40, 0x40, 0x80, 0x80, 0x80, 0x01, 0x00, 0x40,
    0xc0, 0xc0, 0x40, 0x80, 0x40, 0x40, 0x40, 0x40, 0x00, 0x05, 0x00, 0x00, 0x00, 0x00, 0x01, 0x80,
    0x01, 0xc0, 0x00, 0x03, 0x00, 0x07, 0x00, 0x13, 0x00, 0x17, 0x00, 0x1b, 0x00, 0x00, 0x25, 0x15,
    0x23, 0x35, 0x33, 0x35, 0x33, 0x15, 0x2b, 0x01, 0x35, 0x23, 0x35, 0x33, 0x35, 0x33, 0x15, 0x33,
    0x15, 0x23, 0x17, 0x23, 0x35, 0x33, 0x27, 0x23, 0x35, 0x33, 0x01, 0x40, 0x80, 0x80, 0x40, 0xc0,
    0x40, 0x40, 0x40, 0x40, 0xc0, 0xc0, 0x80, 0x40, 0x40, 0xc0, 0x80, 0x80, 0x40, 0x40, 0x40, 0x40,
    0x40, 0xc0, 0x40, 0x40, 0x40, 0x40, 0x80, 0x40, 0xc0, 0x40, 0x00, 0x00, 0x00, 0x05, 0x00, 0x00,
    0xff, 0xc0, 0x01, 0x80, 0x02, 0x00, 0x00, 0x03, 0x00, 0x07, 0x00, 0x1f, 0x00, 0x23, 0x00, 0x27,
    0x00, 0x00, 0x13, 0x35, 0x23, 0x15, 0x17, 0x35, 0x23, 0x15, 0x37, 0x23, 0x15, 0x33, 0x15, 0x23,
    0x15, 0x23, 0x35, 0x23, 0x35, 0x33, 0x11, 0x23, 0x35, 0x33, 0x35, 0x33, 0x15, 0x33, 0x15, 0x23,
    0x15, 0x33, 0x35, 0x33, 0x15, 0x23, 0x15, 0x33, 0x15, 0x23, 0xc0, 0x40, 0x40, 0x40, 0xc0, 0x40,
    0x40, 0x40, 0x40, 0xc0, 0x40, 0x40, 0xc0, 0x40, 0x40, 0x40, 0x40, 0x40, 0x40, 0x40, 0x40, 0x01,
    0x00, 0x80, 0x80, 0xc0, 0x80, 0x80, 0x80, 0x80, 0x40, 0x40, 0x40, 0x40, 0x01, 0x40, 0x40, 0x40,
    0x40, 0x40, 0x80, 0x80, 0x80, 0x40, 0x80, 0x00, 0x00, 0x04, 0x00, 0x00, 0x00, 0x00, 0x01, 0x00,
    0x01, 0xc0, 0x00, 0x0d, 0x00, 0x11, 0x00, 0x15, 0x00, 0x19, 0x00, 0x00, 0x33, 0x35, 0x33, 0x35,
    0x23, 0x35, 0x33, 0x35, 0x33, 0x15, 0x33, 0x15, 0x23, 0x15, 0x27, 0x23, 0x35, 0x33, 0x37, 0x23,
    0x35, 0x33, 0x31, 0x35, 0x33, 0x15, 0x40, 0x40, 0x40, 0x40, 0x40, 0x40, 0x40, 0x80, 0x40, 0x40,
    0x40, 0x40, 0x40, 0x40, 0x40, 0x80, 0x40, 0x40, 0x40, 0x40, 0xc0, 0x40, 0x40, 0xc0, 0x40, 0x40,
    0x40, 0x00, 0x00, 0x00, 0x00, 0x04, 0x00, 0x00, 0x00, 0x00, 0x01, 0x80, 0x02, 0x40, 0x00, 0x03,
    0x00, 0x11, 0x00, 0x15, 0x00, 0x19, 0x00, 0x00, 0x01, 0x23, 0x15, 0x33, 0x17, 0x15, 0x21, 0x35,
    0x33, 0x11, 0x23, 0x35, 0x21, 0x15, 0x33, 0x15, 0x23, 0x15, 0x11, 0x35, 0x33, 0x15, 0x13, 0x33,
    0x15, 0x23, 0x01, 0x00, 0x80, 0x80, 0x40, 0xfe, 0xc0, 0x40, 0x40, 0x01, 0x00, 0x40, 0xc0, 0x40,
    0x80, 0x40, 0x40, 0x01, 0x80, 0x80, 0xc0, 0x40, 0x40, 0x01, 0x40, 0x40, 0x40, 0xc0, 0x80, 0x01,
    0xc0, 0x40, 0x40, 0xfe, 0xc0, 0x80, 0x00, 0x00, 0x00, 0x05, 0x00, 0x00, 0x00, 0x00, 0x01, 0x80,
    0x01, 0xc0, 0x00, 0x03, 0x00, 0x07, 0x00, 0x17, 0x00, 0x1b, 0x00, 0x1f, 0x00, 0x00, 0x13, 0x35,
    0x33, 0x15, 0x13, 0x15, 0x23, 0x35, 0x07, 0x35, 0x33, 0x11, 0x23, 0x35, 0x33, 0x15, 0x33, 0x15,
    0x23, 0x15, 0x33, 0x15, 0x23, 0x15, 0x37, 0x35, 0x33, 0x15, 0x27, 0x23, 0x35, 0x33, 0xc0, 0x40,
    0x40, 0x80, 0xc0, 0x40, 0x40, 0x80, 0x40, 0x40, 0x40, 0x40, 0xc0, 0x40, 0x40, 0x80, 0x80, 0x01,
    0x80, 0x40, 0x40, 0xfe, 0xc0, 0x40, 0x40, 0x40, 0x40, 0x01, 0x40, 0x40, 0xc0, 0x40, 0x40, 0x40,
    0x40, 0x40, 0xc0, 0xc0, 0xc0, 0x40, 0x00, 0x00, 0x00, 0x03, 0x00, 0x00, 0x00, 0x00, 0x01, 0xc0,
    0x02, 0x40, 0x00, 0x03, 0x00, 0x0b, 0x00, 0x1b, 0x00, 0x00, 0x13, 0x35, 0x33, 0x15, 0x13, 0x35,
    0x33, 0x35, 0x23, 0x35, 0x23, 0x11, 0x07, 0x35, 0x33, 0x11, 0x23, 0x35, 0x21, 0x15, 0x33, 0x15,
    0x33, 0x15, 0x23, 0x15, 0x23, 0x15, 0xc0, 0x40, 0x40, 0x40, 0x40, 0xc0, 0x80, 0x40, 0x40, 0x01,
    0x40, 0x40, 0x40, 0x40, 0x40, 0x02, 0x00, 0x40, 0x40, 0xfe, 0x40, 0x40, 0xc0, 0x40, 0xfe, 0xc0,
    0x40, 0x40, 0x01, 0x40, 0x40, 0x40, 0x40, 0xc0, 0x40, 0x40, 0x00, 0x00, 0x00, 0x05, 0x00, 0x00,
    0x00, 0x00, 0x01, 0x80, 0x01, 0xc0, 0x00, 0x0f, 0x00, 0x13, 0x00, 0x17, 0x00, 0x1b, 0x00, 0x1f,
    0x00, 0x00, 0x37, 0x35, 0x33, 0x35, 0x23, 0x35, 0x33, 0x35, 0x23, 0x35, 0x33, 0x11, 0x33, 0x15,
    0x23, 0x35, 0x03, 0x35, 0x33, 0x15, 0x03, 0x23, 0x35, 0x3b, 0x01, 0x23, 0x35, 0x33, 0x11, 0x15,
    0x23, 0x35, 0xc0, 0x40, 0x40, 0x40, 0x40, 0x80, 0x40, 0x80, 0xc0, 0x40, 0x40, 0x40, 0x40, 0x80,
    0x80, 0x80, 0x80, 0x40, 0x40, 0x40, 0x40, 0x80, 0x40, 0xfe, 0x80, 0x40, 0x40, 0x01, 0x40, 0x40,
    0x40, 0xfe, 0xc0, 0xc0, 0x40, 0xff, 0x00, 0x40, 0x40, 0x00, 0x00, 0x00, 0x00, 0x03, 0x00, 0x00,
    0xff, 0x80, 0x01, 0xc0, 0x01, 0xc0, 0x00, 0x03, 0x00, 0x0b, 0x00, 0x1b, 0x00, 0x00, 0x17, 0x35,
    0x33, 0x15, 0x37, 0x35, 0x33, 0x35, 0x23, 0x35, 0x23, 0x11, 0x07, 0x35, 0x33, 0x11, 0x23, 0x35,
    0x21, 0x15, 0x33, 0x15, 0x33, 0x15, 0x23, 0x15, 0x23, 0x15, 0xc0, 0x40, 0x40, 0x40, 0x40, 0xc0,
    0x80, 0x40, 0x40, 0x01, 0x40, 0x40, 0x40, 0x40, 0x40, 0x80, 0x40, 0x40, 0xc0, 0x40, 0xc0, 0x40,
    0xfe, 0xc0, 0x40, 0x40, 0x01, 0x40, 0x40, 0x40, 0x40, 0xc0, 0x40, 0x40, 0x00, 0x05, 0x00, 0x00,
    0xff, 0x80, 0x01, 0x80, 0x01, 0xc0, 0x00, 0x0f, 0x00, 0x13, 0x00, 0x17, 0x00, 0x1b, 0x00, 0x1f,
    0x00, 0x00, 0x37, 0x35, 0x33, 0x35, 0x23, 0x35, 0x33, 0x35, 0x23, 0x35, 0x33, 0x11, 0x33, 0x15,
    0x23, 0x35, 0x07, 0x35, 0x33, 0x15, 0x27, 0x23, 0x35, 0x3b, 0x01, 0x23, 0x35, 0x33, 0x11, 0x15,
    0x23, 0x35, 0xc0, 0x40, 0x40, 0x40, 0x40, 0x80, 0x40, 0x80, 0x80, 0x40, 0x80, 0x40, 0x40, 0x80,
    0x80, 0x80, 0x80, 0x40, 0x40, 0x40, 0x40, 0x80, 0x40, 0xfe, 0x80, 0x40, 0x40, 0xc0, 0x40, 0x40,
    0xc0, 0xc0, 0x40, 0xff, 0x00, 0x40, 0x40, 0x00, 0x00, 0x04, 0x00, 0x00, 0xff, 0x40, 0x01, 0xc0,
    0x01, 0xc0, 0x00, 0x03, 0x00, 0x07, 0x00, 0x0f, 0x00, 0x1f, 0x00, 0x00, 0x17, 0x35, 0x33, 0x15,
    0x3d, 0x01, 0x33, 0x15, 0x37, 0x35, 0x33, 0x35, 0x23, 0x35, 0x23, 0x11, 0x07, 0x35, 0x33, 0x11,
    0x23, 0x35, 0x21, 0x15, 0x33, 0x15, 0x33, 0x15, 0x23, 0x15, 0x23, 0x15, 0x40, 0x40, 0x40, 0x80,
    0x40, 0x40, 0xc0, 0x80, 0x40, 0x40, 0x01, 0x40, 0x40, 0x40, 0x40, 0x40, 0xc0, 0x40, 0x40, 0x40,
    0x40, 0x40, 0xc0, 0x40, 0xc0, 0x40, 0xfe, 0xc0, 0x40, 0x40, 0x01, 0x40, 0x40, 0x40, 0x40, 0xc0,
    0x40, 0x40, 0x00, 0x00, 0x00, 0x06, 0x00, 0x00, 0xff, 0x40, 0x01, 0x80, 0x01, 0xc0, 0x00, 0x0f,
    0x00, 0x13, 0x00, 0x17, 0x00, 0x1b, 0x00, 0x1f, 0x00, 0x23, 0x00, 0x00, 0x37, 0x35, 0x33, 0x35,
    0x23, 0x35, 0x33, 0x35, 0x23, 0x35, 0x33, 0x11, 0x33, 0x15, 0x23, 0x35, 0x03, 0x35, 0x33, 0x15,
    0x3d, 0x01, 0x33, 0x15, 0x27, 0x23, 0x35, 0x3b, 0x01, 0x23, 0x35, 0x33, 0x11, 0x15, 0x23, 0x35,
    0xc0, 0x40, 0x40, 0x40, 0x40, 0x80, 0x40, 0x80, 0xc0, 0x40, 0x40, 0x80, 0x40, 0x40, 0x80, 0x80,
    0x80, 0x80, 0x40, 0x40, 0x40, 0x40, 0x80, 0x40, 0xfe, 0x80, 0x40, 0x40, 0xff, 0x00, 0x40, 0x40,
    0x40, 0x40, 0x40, 0xc0, 0xc0, 0x40, 0xff, 0x00, 0x40, 0x40, 0x00, 0x00, 0x00, 0x02, 0x00, 0x00,
    0x00, 0x00, 0x01, 0x80, 0x02, 0x40, 0x00, 0x15, 0x00, 0x19, 0x00, 0x00, 0x37, 0x35, 0x23, 0x15,
    0x33, 0x15, 0x23, 0x35, 0x33, 0x11, 0x23, 0x35, 0x21, 0x15, 0x23, 0x35, 0x23, 0x15, 0x33, 0x35,
    0x33, 0x15, 0x03, 0x35, 0x33, 0x15, 0xc0, 0x40, 0x40, 0xc0, 0x40, 0x40, 0x01, 0x80, 0x40, 0xc0,
    0x40, 0x40, 0x40, 0x40, 0x80, 0x40, 0x80, 0x40, 0x40, 0x01, 0x40, 0x40, 0x80, 0x40, 0x80, 0x40,
    0xc0, 0x01, 0x80, 0x40, 0x40, 0x00, 0x00, 0x00, 0x00, 0x03, 0x00, 0x00, 0x00, 0x00, 0x01, 0x00,
    0x02, 0x40, 0x00, 0x03, 0x00, 0x13, 0x00, 0x17, 0x00, 0x00, 0x13, 0x35, 0x33, 0x15, 0x13, 0x15,
    0x21, 0x35, 0x33, 0x35, 0x23, 0x35, 0x33, 0x35, 0x33, 0x15, 0x33, 0x15, 0x23, 0x15, 0x13, 0x15,
    0x23, 0x35, 0x80, 0x40, 0x40, 0xff, 0x00, 0x40, 0x40, 0x40, 0x40, 0x80, 0x80, 0x80, 0x80, 0x02,
    0x00, 0x40, 0x40, 0xfe, 0x40, 0x40, 0x40, 0xc0, 0x40, 0x40, 0x40, 0x40, 0xc0, 0x01, 0x80, 0x40,
    0x40, 0x00, 0x00, 0x00, 0x00, 0x02, 0x00, 0x00, 0xff, 0x80, 0x01, 0xc0, 0x01, 0xc0, 0x00, 0x03,
    0x00, 0x1f, 0x00, 0x00, 0x17, 0x35, 0x33, 0x15, 0x3d, 0x01, 0x33, 0x35, 0x23, 0x15, 0x33, 0x15,
    0x23, 0x35, 0x33, 0x11, 0x23, 0x35, 0x33, 0x15, 0x23, 0x15, 0x33, 0x35, 0x23, 0x35, 0x33, 0x15,
    0x23, 0x11, 0x33, 0x15, 0xc0, 0x40, 0x40, 0xc0, 0x40, 0xc0, 0x40, 0x40, 0xc0, 0x40, 0xc0, 0x40,
    0xc0, 0x40, 0x40, 0x80, 0x40, 0x40, 0x80, 0x40, 0x80, 0x80, 0x40, 0x40, 0x01, 0x40, 0x40, 0x40,
    0x80, 0x80, 0x40, 0x40, 0xfe, 0xc0, 0x40, 0x00, 0x00, 0x04, 0x00, 0x00, 0xff, 0x80, 0x01, 0x80,
    0x01, 0xc0, 0x00, 0x03, 0x00, 0x0b, 0x00, 0x17, 0x00, 0x1b, 0x00, 0x00, 0x17, 0x35, 0x33, 0x15,
    0x3d, 0x01, 0x33, 0x35, 0x33, 0x15, 0x33, 0x15, 0x21, 0x35, 0x33, 0x11, 0x23, 0x35, 0x33, 0x15,
    0x33, 0x15, 0x23, 0x15, 0x13, 0x35, 0x33, 0x15, 0x80, 0x40, 0x40, 0x40, 0x40, 0xfe, 0x80, 0x40,
    0x40, 0x80, 0x40, 0x40, 0x40, 0x40, 0x80, 0x40, 0x40, 0x80, 0x40, 0xc0, 0xc0, 0x40, 0x40, 0x01,
    0x40, 0x40, 0xc0, 0x40, 0xc0, 0x01, 0x00, 0x40, 0x40, 0x00, 0x00, 0x00, 0x00, 0x02, 0x00, 0x00,
    0xff, 0x80, 0x01, 0x80, 0x01, 0xc0, 0x00, 0x03, 0x00, 0x11, 0x00, 0x00, 0x17, 0x35, 0x33, 0x15,
    0x27, 0x35, 0x33, 0x11, 0x23, 0x35, 0x33, 0x15, 0x23, 0x11, 0x33, 0x35, 0x33, 0x15, 0x80, 0x40,
    0xc0, 0x40, 0x40, 0xc0, 0x40, 0xc0, 0x40, 0x80, 0x40, 0x40, 0x80, 0x40, 0x01, 0x40, 0x40, 0x40,
    0xfe, 0xc0, 0x40, 0x80, 0x00, 0x02, 0x00, 0x00, 0xff, 0x80, 0x00, 0xc0, 0x01, 0xc0, 0x00, 0x03,
    0x00, 0x0d, 0x00, 0x00, 0x17, 0x35, 0x33, 0x15, 0x27, 0x35, 0x33, 0x11, 0x23, 0x35, 0x33, 0x11,
    0x33, 0x15, 0x40, 0x40, 0x80, 0x40, 0x40, 0x80, 0x40, 0x80, 0x40, 0x40, 0x80, 0x40, 0x01, 0x40,
    0x40, 0xfe, 0x80, 0x40, 0x00, 0x02, 0x00, 0x00, 0xff, 0x80, 0x01, 0x80, 0x01, 0xc0, 0x00, 0x03,
    0x00, 0x11, 0x00, 0x00, 0x05, 0x15, 0x21, 0x35, 0x27, 0x35, 0x33, 0x11, 0x23, 0x35, 0x33, 0x15,
    0x23, 0x11, 0x33, 0x35, 0x33, 0x15, 0x01, 0x40, 0xff, 0x00, 0x40, 0x40, 0x40, 0xc0, 0x40, 0xc0,
    0x40, 0x40, 0x40, 0x40, 0x40, 0x40, 0x01, 0x40, 0x40, 0x40, 0xfe, 0xc0, 0x40, 0x80, 0x00, 0x00,
    0x00, 0x02, 0x00, 0x00, 0xff, 0x80, 0x00, 0xc0, 0x01, 0xc0, 0x00, 0x03, 0x00, 0x0d, 0x00, 0x00,
    0x17, 0x15, 0x23, 0x3d, 0x02, 0x33, 0x11, 0x23, 0x35, 0x33, 0x11, 0x33, 0x15, 0xc0, 0xc0, 0x40,
    0x40, 0x80, 0x40, 0x40, 0x40, 0x40, 0x40, 0x40, 0x01, 0x40, 0x40, 0xfe, 0x80, 0x40, 0x00, 0x00,
    0x00, 0x07, 0x00, 0x00, 0x00, 0x00, 0x02, 0x40, 0x02, 0x80, 0x00, 0x0d, 0x00, 0x11, 0x00, 0x15,
    0x00, 0x19, 0x00, 0x1d, 0x00, 0x2b, 0x00, 0x2f, 0x00, 0x00, 0x01, 0x35, 0x33, 0x35, 0x33, 0x15,
    0x23, 0x11, 0x33, 0x15, 0x23, 0x35, 0x33, 0x35, 0x03, 0x35, 0x33, 0x15, 0x03, 0x35, 0x33, 0x15,
    0x3d, 0x01, 0x33, 0x15, 0x03, 0x33, 0x15, 0x23, 0x35, 0x23, 0x15, 0x33, 0x15, 0x23, 0x35, 0x33,
    0x11, 0x23, 0x35, 0x33, 0x15, 0x33, 0x17, 0x15, 0x23, 0x35, 0x01, 0x80, 0x40, 0x80, 0x40, 0x40,
    0xc0, 0x40, 0xc0, 0x40, 0x40, 0x40, 0x40, 0xc0, 0x40, 0x40, 0x40, 0x40, 0xc0, 0x40, 0x40, 0x80,
    0x40, 0xc0, 0x40, 0x01, 0x00, 0x80, 0x40, 0x40, 0xfe, 0xc0, 0x40, 0x40, 0xc0, 0xff, 0x00, 0x80,
    0x80, 0x02, 0x00, 0x40, 0x40, 0x40, 0x40, 0x40, 0xfe, 0xc0, 0x80, 0x80, 0xc0, 0x40, 0x40, 0x01,
    0x40, 0x40, 0x40, 0x80, 0x80, 0x80, 0x00, 0x00, 0x00, 0x06, 0x00, 0x00, 0x00, 0x00, 0x02, 0x40,
    0x02, 0x00, 0x00, 0x03, 0x00, 0x07, 0x00, 0x0d, 0x00, 0x17, 0x00, 0x1b, 0x00, 0x1f, 0x00, 0x00,
    0x21, 0x11, 0x33, 0x11, 0x03, 0x35, 0x33, 0x15, 0x13, 0x11, 0x33, 0x15, 0x33, 0x15, 0x21, 0x35,
    0x33, 0x35, 0x23, 0x35, 0x21, 0x15, 0x23, 0x11, 0x01, 0x23, 0x35, 0x33, 0x27, 0x35, 0x33, 0x15,
    0x01, 0x00, 0x40, 0x40, 0x40, 0x80, 0x40, 0x40, 0xfd, 0xc0, 0x40, 0x40, 0x01, 0x00, 0x80, 0x01,
    0x40, 0x80, 0x80, 0x80, 0x40, 0x01, 0x00, 0xff, 0x00, 0x01, 0x80, 0x40, 0x40, 0xfe, 0x80, 0x01,
    0x00, 0xc0, 0x40, 0x40, 0xc0, 0x40, 0x40, 0xff, 0x00, 0x01, 0x00, 0x40, 0x80, 0x40, 0x40, 0x00,
    0x00, 0x06, 0x00, 0x00, 0x00, 0x00, 0x02, 0x40, 0x02, 0x40, 0x00, 0x0d, 0x00, 0x11, 0x00, 0x15,
    0x00, 0x19, 0x00, 0x27, 0x00, 0x2b, 0x00, 0x00, 0x01, 0x35, 0x33, 0x35, 0x33, 0x15, 0x23, 0x11,
    0x33, 0x15, 0x23, 0x35, 0x33, 0x35, 0x03, 0x35, 0x33, 0x15, 0x03, 0x35, 0x33, 0x15, 0x03, 0x33,
    0x15, 0x23, 0x35, 0x23, 0x15, 0x33, 0x15, 0x23, 0x35, 0x33, 0x11, 0x23, 0x35, 0x33, 0x15, 0x33,
    0x17, 0x15, 0x23, 0x35, 0x01, 0x80, 0x40, 0x80, 0x40, 0x40, 0xc0, 0x40, 0xc0, 0x40, 0x40, 0x40,
    0x80, 0x40, 0x40, 0x40, 0x40, 0xc0, 0x40, 0x40, 0x80, 0x40, 0xc0, 0x40, 0x01, 0x00, 0x80, 0x40,
    0x40, 0xfe, 0xc0, 0x40, 0x40, 0xc0, 0xff, 0x00, 0x80, 0x80, 0x02, 0x00, 0x40, 0x40, 0xff, 0x00,
    0x80, 0x80, 0xc0, 0x40, 0x40, 0x01, 0x40, 0x40, 0x40, 0x80, 0x80, 0x80, 0x00, 0x05, 0x00, 0x00,
    0x00, 0x00, 0x02, 0x40, 0x01, 0xc0, 0x00, 0x03, 0x00, 0x07, 0x00, 0x0d, 0x00, 0x17, 0x00, 0x1b,
    0x00, 0x00, 0x21, 0x11, 0x33, 0x11, 0x03, 0x35, 0x33, 0x15, 0x13, 0x11, 0x33, 0x15, 0x33, 0x15,
    0x21, 0x35, 0x33, 0x35, 0x23, 0x35, 0x21, 0x15, 0x23, 0x11, 0x01, 0x23, 0x35, 0x33, 0x01, 0x00,
    0x40, 0x40, 0x40, 0x80, 0x40, 0x40, 0xfd, 0xc0, 0x40, 0x40, 0x01, 0x00, 0x80, 0x01, 0x40, 0x80,
    0x80, 0x01, 0x00, 0xff, 0x00, 0x01, 0x80, 0x40, 0x40, 0xfe, 0x80, 0x01, 0x00, 0xc0, 0x40, 0x40,
    0xc0, 0x40, 0x40, 0xff, 0x00, 0x01, 0x00, 0x40, 0x00, 0x04, 0x00, 0x00, 0xff, 0x80, 0x01, 0xc0,
    0x01, 0xc0, 0x00, 0x0d, 0x00, 0x11, 0x00, 0x1d, 0x00, 0x21, 0x00, 0x00, 0x13, 0x23, 0x15, 0x33,
    0x15, 0x23, 0x35, 0x33, 0x11, 0x23, 0x35, 0x33, 0x15, 0x33, 0x11, 0x35, 0x33, 0x15, 0x37, 0x35,
    0x23, 0x35, 0x33, 0x35, 0x23, 0x35, 0x33, 0x15, 0x23, 0x11, 0x03, 0x33, 0x15, 0x23, 0xc0, 0x40,
    0x40, 0xc0, 0x40, 0x40, 0x80, 0x40, 0x40, 0x40, 0x40, 0x40, 0x40, 0xc0, 0x40, 0xc0, 0x40, 0x40,
    0x01, 0x00, 0xc0, 0x40, 0x40, 0x01, 0x40, 0x40, 0x40, 0xfe, 0x00, 0x40, 0x40, 0x80, 0x40, 0x80,
    0xc0, 0x40, 0x40, 0xfe, 0x80, 0x01, 0x00, 0x40, 0x00, 0x04, 0x00, 0x00, 0xff, 0x80, 0x01, 0x80,
    0x01, 0x40, 0x00, 0x03, 0x00, 0x0b, 0x00, 0x17, 0x00, 0x1b, 0x00, 0x00, 0x17, 0x35, 0x33, 0x15,
    0x3d, 0x01, 0x33, 0x35, 0x33, 0x15, 0x33, 0x15, 0x21, 0x35, 0x33, 0x35, 0x23, 0x35, 0x33, 0x15,
    0x33, 0x15, 0x23, 0x15, 0x13, 0x35, 0x33, 0x15, 0x80, 0x40, 0x40, 0x40, 0x40, 0xfe, 0x80, 0x40,
    0x40, 0x80, 0x40, 0x40, 0x40, 0x40, 0x80, 0x40, 0x40, 0x80, 0x40, 0xc0, 0xc0, 0x40, 0x40, 0xc0,
    0x40, 0x40, 0x40, 0xc0, 0x01, 0x00, 0x40, 0x40, 0x00, 0x04, 0x00, 0x00, 0xff, 0x80, 0x01, 0xc0,
    0x01, 0xc0, 0x00, 0x0d, 0x00, 0x19, 0x00, 0x1d, 0x00, 0x21, 0x00, 0x00, 0x13, 0x23, 0x15, 0x33,
    0x15, 0x23, 0x35, 0x33, 0x11, 0x23, 0x35, 0x33, 0x15, 0x33, 0x13, 0x35, 0x23, 0x35, 0x33, 0x35,
    0x23, 0x35, 0x33, 0x15, 0x23, 0x11, 0x07, 0x15, 0x21, 0x35, 0x13, 0x33, 0x15, 0x23, 0xc0, 0x40,
    0x40, 0xc0, 0x40, 0x40, 0x80, 0x40, 0x80, 0x40, 0x40, 0x40, 0xc0, 0x40, 0x40, 0xff, 0x00, 0x80,
    0x40, 0x40, 0x01, 0x00, 0xc0, 0x40, 0x40, 0x01, 0x40, 0x40, 0x40, 0xfe, 0x80, 0x40, 0x80, 0xc0,
    0x40, 0x40, 0xfe, 0x80, 0x40, 0x40, 0x40, 0x01, 0x40, 0x40, 0x00, 0x00, 0x00, 0x04, 0x00, 0x00,
    0xff, 0x80, 0x01, 0x80, 0x01, 0x40, 0x00, 0x03, 0x00, 0x0b, 0x00, 0x17, 0x00, 0x1b, 0x00, 0x00,
    0x05, 0x15, 0x21, 0x35, 0x37, 0x35, 0x33, 0x35, 0x33, 0x15, 0x33, 0x15, 0x21, 0x35, 0x33, 0x35,
    0x23, 0x35, 0x33, 0x15, 0x33, 0x15, 0x23, 0x15, 0x13, 0x35, 0x33, 0x15, 0x01, 0x40, 0xff, 0x00,
    0x80, 0x40, 0x40, 0x40, 0xfe, 0x80, 0x40, 0x40, 0x80, 0x40, 0x40, 0x40, 0x40, 0x40, 0x40, 0x40,
    0x40, 0x40, 0xc0, 0xc0, 0x40, 0x40, 0xc0, 0x40, 0x40, 0x40, 0xc0, 0x01, 0x00, 0x40, 0x40, 0x00,
    0x00, 0x03, 0x00, 0x00, 0x00, 0x00, 0x01, 0x80, 0x02, 0x40, 0x00, 0x0f, 0x00, 0x13, 0x00, 0x17,
    0x00, 0x00, 0x01, 0x23, 0x15, 0x33, 0x15, 0x23, 0x15, 0x33, 0x15, 0x23, 0x35, 0x33, 0x11, 0x23,
    0x35, 0x21, 0x27, 0x35, 0x33, 0x15, 0x17, 0x33, 0x15, 0x23, 0x01, 0x40, 0xc0, 0xc0, 0xc0, 0x40,
    0xc0, 0x40, 0x40, 0x01, 0x40, 0x80, 0x40, 0x40, 0x40, 0x40, 0x01, 0x80, 0x80, 0x40, 0x80, 0x40,
    0x40, 0x01, 0x40, 0x40, 0x40, 0x40, 0x40, 0x80, 0x80, 0x00, 0x00, 0x00, 0x00, 0x05, 0x00, 0x00,
    0xff, 0x80, 0x01, 0x80, 0x01, 0xc0, 0x00, 0x11, 0x00, 0x15, 0x00, 0x19, 0x00, 0x1d, 0x00, 0x21,
    0x00, 0x00, 0x37, 0x23, 0x15, 0x33, 0x15, 0x23, 0x35, 0x33, 0x11, 0x23, 0x35, 0x33, 0x15, 0x33,
    0x15, 0x23, 0x15, 0x33, 0x11, 0x35, 0x33, 0x15, 0x13, 0x35, 0x33, 0x15, 0x27, 0x23, 0x35, 0x33,
    0x03, 0x33, 0x15, 0x23, 0xc0, 0x40, 0x40, 0xc0, 0x40, 0x40, 0x80, 0x40, 0x40, 0x40, 0x40, 0x40,
    0x40, 0x40, 0x80, 0x80, 0x80, 0x80, 0x80, 0x40, 0x80, 0x40, 0x40, 0x01, 0x40, 0x40, 0x40, 0x40,
    0x40, 0x01, 0x00, 0x40, 0x40, 0xfe, 0xc0, 0xc0, 0xc0, 0xc0, 0x40, 0xff, 0x00, 0x40, 0x00, 0x00,
    0x00, 0x04, 0x00, 0x00, 0xff, 0x80, 0x01, 0xc0, 0x01, 0xc0, 0x00, 0x11, 0x00, 0x15, 0x00, 0x1b,
    0x00, 0x1f, 0x00, 0x00, 0x01, 0x23, 0x15, 0x33, 0x15, 0x23, 0x35, 0x23, 0x15, 0x33, 0x15, 0x23,
    0x35, 0x33, 0x11, 0x23, 0x35, 0x21, 0x03, 0x35, 0x33, 0x15, 0x37, 0x35, 0x33, 0x15, 0x33, 0x15,
    0x03, 0x33, 0x15, 0x23, 0x01, 0x40, 0xc0, 0xc0, 0x40, 0x80, 0x40, 0xc0, 0x40, 0x40, 0x01, 0x40,
    0x80, 0x40, 0x40, 0x40, 0x40, 0x80, 0x40, 0x40, 0x01, 0x80, 0x80, 0x80, 0x40, 0x80, 0x40, 0x40,
    0x01, 0x40, 0x40, 0xfd, 0xc0, 0x40, 0x40, 0x80, 0x80, 0x40, 0x40, 0x01, 0x80, 0x80, 0x00, 0x00,
    0x00, 0x03, 0x00, 0x00, 0xff, 0x80, 0x01, 0x40, 0x01, 0x40, 0x00, 0x05, 0x00, 0x09, 0x00, 0x17,
    0x00, 0x00, 0x13, 0x35, 0x33, 0x15, 0x23, 0x35, 0x03, 0x35, 0x33, 0x15, 0x13, 0x15, 0x23, 0x15,
    0x33, 0x15, 0x23, 0x35, 0x33, 0x35, 0x23, 0x35, 0x33, 0x15, 0xc0, 0x80, 0x40, 0xc0, 0x40, 0x40,
    0x40, 0x40, 0xc0, 0x40, 0x40, 0x80, 0x01, 0x00, 0x40, 0x80, 0x40, 0xfe, 0x80, 0x40, 0x40, 0x01,
    0x80, 0x40, 0x80, 0x40, 0x40, 0xc0, 0x40, 0x40, 0x00, 0x08, 0x00, 0x00, 0x00, 0x00, 0x01, 0x80,
    0x02, 0x40, 0x00, 0x03, 0x00, 0x07, 0x00, 0x0b, 0x00, 0x0f, 0x00, 0x13, 0x00, 0x17, 0x00, 0x1d,
    0x00, 0x21, 0x00, 0x00, 0x13, 0x35, 0x33, 0x15, 0x13, 0x15, 0x21, 0x35, 0x21, 0x35, 0x33, 0x15,
    0x21, 0x23, 0x35, 0x33, 0x25, 0x21, 0x35, 0x29, 0x01, 0x23, 0x35, 0x33, 0x17, 0x35, 0x33, 0x35,
    0x33, 0x15, 0x27, 0x23, 0x35, 0x33, 0xc0, 0x40, 0x40, 0xff, 0x00, 0x01, 0x00, 0x40, 0xfe, 0xc0,
    0x40, 0x40, 0x01, 0x00, 0xff, 0x00, 0x01, 0x00, 0xff, 0x00, 0x40, 0x40, 0xc0, 0x40, 0x40, 0x80,
    0xc0, 0xc0, 0x02, 0x00, 0x40, 0x40, 0xfe, 0x40, 0x40, 0x40, 0x80, 0x80, 0x40, 0x40, 0x40, 0x80,
    0x40, 0x40, 0x40, 0x80, 0x40, 0x40, 0x00, 0x00, 0x00, 0x06, 0x00, 0x00, 0x00, 0x00, 0x01, 0x40,
    0x01, 0xc0, 0x00, 0x03, 0x00, 0x07, 0x00, 0x0b, 0x00, 0x0f, 0x00, 0x13, 0x00, 0x17, 0x00, 0x00,
    0x13, 0x35, 0x33, 0x15, 0x13, 0x15, 0x21, 0x35, 0x21, 0x35, 0x33, 0x15, 0x27, 0x23, 0x35, 0x33,
    0x2b, 0x01, 0x35, 0x33, 0x37, 0x15, 0x23, 0x35, 0x80, 0x40, 0x40, 0xff, 0x00, 0x01, 0x00, 0x40,
    0x40, 0xc0, 0xc0, 0xc0, 0x40, 0x40, 0xc0, 0xc0, 0x01, 0x80, 0x40, 0x40, 0xfe, 0xc0, 0x40, 0x40,
    0x40, 0x40, 0x40, 0x40, 0x40, 0x40, 0x40, 0x40, 0x00, 0x08, 0x00, 0x00, 0xff, 0x80, 0x01, 0x80,
    0x01, 0xc0, 0x00, 0x03, 0x00, 0x07, 0x00, 0x0b, 0x00, 0x0f, 0x00, 0x13, 0x00, 0x17, 0x00, 0x1d,
    0x00, 0x21, 0x00, 0x00, 0x17, 0x35, 0x33, 0x15, 0x37, 0x15, 0x21, 0x35, 0x21, 0x35, 0x33, 0x15,
    0x21, 0x23, 0x35, 0x33, 0x25, 0x21, 0x35, 0x29, 0x01, 0x23, 0x35, 0x33, 0x17, 0x35, 0x33, 0x35,
    0x33, 0x15, 0x27, 0x23, 0x35, 0x33, 0xc0, 0x40, 0x40, 0xff, 0x00, 0x01, 0x00, 0x40, 0xfe, 0xc0,
    0x40, 0x40, 0x01, 0x00, 0xff, 0x00, 0x01, 0x00, 0xff, 0x00, 0x40, 0x40, 0xc0, 0x40, 0x40, 0x80,
    0xc0, 0xc0, 0x80, 0x40, 0x40, 0xc0, 0x40, 0x40, 0x80, 0x80, 0x40, 0x40, 0x40, 0x80, 0x40, 0x40,
    0x40, 0x80, 0x40, 0x40, 0x00, 0x06, 0x00, 0x00, 0xff, 0x80, 0x01, 0x40, 0x01, 0x40, 0x00, 0x03,
    0x00, 0x07, 0x00, 0x0b, 0x00, 0x0f, 0x00, 0x13, 0x00, 0x17, 0x00, 0x00, 0x17, 0x35, 0x33, 0x15,
    0x37, 0x15, 0x21, 0x35, 0x21, 0x35, 0x33, 0x15, 0x27, 0x23, 0x35, 0x33, 0x2b, 0x01, 0x35, 0x33,
    0x37, 0x15, 0x23, 0x35, 0x80, 0x40, 0x40, 0xff, 0x00, 0x01, 0x00, 0x40, 0x40, 0xc0, 0xc0, 0xc0,
    0x40, 0x40, 0xc0, 0xc0, 0x80, 0x40, 0x40, 0xc0, 0x40, 0x40, 0x40, 0x40, 0x40, 0x40, 0x40, 0x40,
    0x40, 0x40, 0x00, 0x00, 0x00, 0x02, 0x00, 0x00, 0x00, 0x00, 0x01, 0xc0, 0x02, 0x40, 0x00, 0x0f,
    0x00, 0x13, 0x00, 0x00, 0x01, 0x35, 0x23, 0x11, 0x33, 0x15, 0x23, 0x35, 0x33, 0x11, 0x23, 0x15,
    0x23, 0x35, 0x21, 0x15, 0x25, 0x35, 0x33, 0x15, 0x01, 0x80, 0x80, 0x40, 0xc0, 0x40, 0x80, 0x40,
    0x01, 0xc0, 0xff, 0x00, 0x40, 0x01, 0x40, 0x40, 0xfe, 0xc0, 0x40, 0x40, 0x01, 0x40, 0x40, 0x80,
    0x80, 0xc0, 0x40, 0x40, 0x00, 0x03, 0x00, 0x00, 0x00, 0x00, 0x01, 0x00, 0x02, 0x40, 0x00, 0x03,
    0x00, 0x07, 0x00, 0x13, 0x00, 0x00, 0x13, 0x35, 0x33, 0x15, 0x13, 0x15, 0x23, 0x35, 0x31, 0x23,
    0x35, 0x23, 0x35, 0x33, 0x35, 0x33, 0x15, 0x33, 0x15, 0x23, 0x40, 0x40, 0x80, 0x80, 0x40, 0x40,
    0x40, 0x40, 0x80, 0x80, 0x02, 0x00, 0x40, 0x40, 0xfe, 0x40, 0x40, 0x40, 0xc0, 0x40, 0x80, 0x80,
    0x40, 0x00, 0x00, 0x00, 0x00, 0x02, 0x00, 0x00, 0xff, 0x80, 0x01, 0xc0, 0x01, 0xc0, 0x00, 0x03,
    0x00, 0x13, 0x00, 0x00, 0x17, 0x35, 0x33, 0x15, 0x13, 0x35, 0x23, 0x11, 0x33, 0x15, 0x23, 0x35,
    0x33, 0x11, 0x23, 0x15, 0x23, 0x35, 0x21, 0x15, 0xc0, 0x40, 0x80, 0x80, 0x40, 0xc0, 0x40, 0x80,
    0x40, 0x01, 0xc0, 0x80, 0x40, 0x40, 0x01, 0xc0, 0x40, 0xfe, 0xc0, 0x40, 0x40, 0x01, 0x40, 0x40,
    0x80, 0x80, 0x00, 0x00, 0x00, 0x03, 0x00, 0x00, 0xff, 0x80, 0x01, 0x00, 0x01, 0xc0, 0x00, 0x03,
    0x00, 0x07, 0x00, 0x13, 0x00, 0x00, 0x17, 0x35, 0x33, 0x15, 0x37, 0x15, 0x23, 0x35, 0x31, 0x23,
    0x35, 0x23, 0x35, 0x33, 0x35, 0x33, 0x15, 0x33, 0x15, 0x23, 0x80, 0x40, 0x40, 0x80, 0x40, 0x40,
    0x40, 0x40, 0x80, 0x80, 0x80, 0x40, 0x40, 0xc0, 0x40, 0x40, 0xc0, 0x40, 0x80, 0x80, 0x40, 0x00,
    0x00, 0x09, 0x00, 0x00, 0x00, 0x00, 0x01, 0xc0, 0x02, 0x80, 0x00, 0x03, 0x00, 0x07, 0x00, 0x0b,
    0x00, 0x0f, 0x00, 0x17, 0x00, 0x1f, 0x00, 0x23, 0x00, 0x27, 0x00, 0x2b, 0x00, 0x00, 0x33, 0x35,
    0x33, 0x15, 0x03, 0x35, 0x33, 0x15, 0x13, 0x35, 0x33, 0x15, 0x2b, 0x01, 0x35, 0x3b, 0x01, 0x35,
    0x23, 0x35, 0x33, 0x15, 0x23, 0x15, 0x21, 0x23, 0x35, 0x23, 0x35, 0x33, 0x15, 0x23, 0x37, 0x15,
    0x23, 0x35, 0x33, 0x35, 0x33, 0x15, 0x21, 0x35, 0x33, 0x15, 0xc0, 0x40, 0xc0, 0x40, 0x80, 0x40,
    0x80, 0x40, 0x40, 0x80, 0x40, 0xc0, 0x40, 0xff, 0x00, 0x40, 0x40, 0xc0, 0x40, 0xc0, 0x80, 0x80,
    0x40, 0xff, 0x00, 0x40, 0x80, 0x80, 0x02, 0x00, 0x40, 0x40, 0xfe, 0x80, 0x80, 0x80, 0x80, 0x80,
    0x40, 0x40, 0x80, 0x80, 0x40, 0x40, 0xc0, 0x40, 0x40, 0x40, 0x40, 0x40, 0x40, 0x00, 0x00, 0x00,
    0x00, 0x07, 0x00, 0x00, 0x00, 0x00, 0x01, 0x40, 0x02, 0x00, 0x00, 0x03, 0x00, 0x07, 0x00, 0x0d,
    0x00, 0x13, 0x00, 0x17, 0x00, 0x1b, 0x00, 0x1f, 0x00, 0x00, 0x33, 0x35, 0x33, 0x15, 0x03, 0x35,
    0x33, 0x15, 0x13, 0x35, 0x33, 0x15, 0x23, 0x15, 0x2b, 0x01, 0x35, 0x23, 0x35, 0x33, 0x37, 0x15,
    0x23, 0x35, 0x33, 0x35, 0x33, 0x15, 0x21, 0x35, 0x33, 0x15, 0x80, 0x40, 0xc0, 0x40, 0x80, 0x80,
    0x40, 0x80, 0x40, 0x40, 0x80, 0x80, 0x80, 0x80, 0x40, 0xff, 0x00, 0x40, 0x80, 0x80, 0x01, 0x80,
    0x40, 0x40, 0xff, 0x00, 0xc0, 0x40, 0x80, 0x80, 0x40, 0x80, 0x40, 0x40, 0x40, 0x40, 0x40, 0x40,
    0x00, 0x09, 0x00, 0x00, 0x00, 0x00, 0x02, 0x40, 0x02, 0x80, 0x00, 0x03, 0x00, 0x07, 0x00, 0x0b,
    0x00, 0x13, 0x00, 0x17, 0x00, 0x1b, 0x00, 0x23, 0x00, 0x27, 0x00, 0x2b, 0x00, 0x00, 0x21, 0x35,
    0x33, 0x15, 0x21, 0x35, 0x33, 0x15, 0x13, 0x35, 0x33, 0x15, 0x13, 0x11, 0x23, 0x35, 0x33, 0x15,
    0x23, 0x11, 0x2b, 0x01, 0x35, 0x33, 0x07, 0x35, 0x33, 0x15, 0x2b, 0x01, 0x11, 0x23, 0x35, 0x33,
    0x15, 0x23, 0x17, 0x35, 0x33, 0x15, 0x03, 0x23, 0x35, 0x33, 0x01, 0x80, 0x40, 0xfe, 0xc0, 0x40,
    0x40, 0x40, 0x80, 0x40, 0xc0, 0x40, 0x80, 0x40, 0x40, 0xc0, 0x40, 0x80, 0x40, 0x40, 0xc0, 0x40,
    0x80, 0x40, 0x40, 0x40, 0x40, 0x80, 0x80, 0x80, 0x80, 0x02, 0x00, 0x40, 0x40, 0xfe, 0x80, 0x01,
    0x00, 0x40, 0x40, 0xff, 0x00, 0xc0, 0xc0, 0xc0, 0xc0, 0x01, 0x00, 0x40, 0x40, 0x40, 0x80, 0x80,
    0x01, 0x00, 0x40, 0x00, 0x00, 0x07, 0x00, 0x00, 0x00, 0x00, 0x01, 0xc0, 0x02, 0x00, 0x00, 0x03,
    0x00, 0x07, 0x00, 0x0b, 0x00, 0x11, 0x00, 0x15, 0x00, 0x1b, 0x00, 0x1f, 0x00, 0x00, 0x21, 0x35,
    0x33, 0x15, 0x23, 0x35, 0x33, 0x15, 0x11, 0x35, 0x33, 0x15, 0x13, 0x35, 0x33, 0x15, 0x23, 0x15,
    0x23, 0x35, 0x33, 0x15, 0x2b, 0x01, 0x35, 0x23, 0x35, 0x33, 0x37, 0x23, 0x35, 0x33, 0x01, 0x00,
    0x40, 0xc0, 0x40, 0x40, 0x40, 0x80, 0x40, 0xc0, 0x40, 0x80, 0x40, 0x40, 0x80, 0x40, 0x40, 0x40,
    0x80, 0x80, 0x80, 0x80, 0x01, 0x80, 0x40, 0x40, 0xff, 0x00, 0xc0, 0x40, 0x80, 0xc0, 0xc0, 0x80,
    0x40, 0x80, 0x40, 0x00, 0x00, 0x09, 0x00, 0x00, 0x00, 0x00, 0x02, 0x40, 0x02, 0x80, 0x00, 0x03,
    0x00, 0x07, 0x00, 0x0b, 0x00, 0x13, 0x00, 0x17, 0x00, 0x1b, 0x00, 0x23, 0x00, 0x27, 0x00, 0x2b,
    0x00, 0x00, 0x21, 0x35, 0x33, 0x15, 0x21, 0x35, 0x33, 0x15, 0x13, 0x35, 0x33, 0x15, 0x13, 0x11,
    0x23, 0x35, 0x33, 0x15, 0x23, 0x11, 0x2b, 0x01, 0x35, 0x33, 0x07, 0x35, 0x33, 0x15, 0x2b, 0x01,
    0x11, 0x23, 0x35, 0x33, 0x15, 0x23, 0x17, 0x35, 0x33, 0x15, 0x11, 0x35, 0x33, 0x15, 0x01, 0x80,
    0x40, 0xfe, 0xc0, 0x40, 0x40, 0x40, 0x80, 0x40, 0xc0, 0x40, 0x80, 0x40, 0x40, 0xc0, 0x40, 0x80,
    0x40, 0x40, 0xc0, 0x40, 0x80, 0x40, 0x40, 0x80, 0x80, 0x80, 0x80, 0x02, 0x00, 0x40, 0x40, 0xfe,
    0x80, 0x01, 0x00, 0x40, 0x40, 0xff, 0x00, 0xc0, 0xc0, 0xc0, 0xc0, 0x01, 0x00, 0x40, 0x40, 0x40,
    0x80, 0x80, 0x01, 0x00, 0x40, 0x40, 0x00, 0x00, 0x00, 0x07, 0x00, 0x00, 0x00, 0x00, 0x01, 0xc0,
    0x02, 0x00, 0x00, 0x03, 0x00, 0x07, 0x00, 0x0b, 0x00, 0x11, 0x00, 0x15, 0x00, 0x1b, 0x00, 0x1f,
    0x00, 0x00, 0x21, 0x35, 0x33, 0x15, 0x23, 0x35, 0x33, 0x15, 0x11, 0x35, 0x33, 0x15, 0x13, 0x35,
    0x33, 0x15, 0x23, 0x15, 0x23, 0x35, 0x33, 0x15, 0x2b, 0x01, 0x35, 0x23, 0x35, 0x33, 0x37, 0x35,
    0x33, 0x15, 0x01, 0x00, 0x40, 0xc0, 0x40, 0x40, 0x40, 0x80, 0x40, 0xc0, 0x40, 0x80, 0x40, 0x40,
    0x80, 0x80, 0x40, 0x80, 0x80, 0x80, 0x80, 0x01, 0x80, 0x40, 0x40, 0xff, 0x00, 0xc0, 0x40, 0x80,
    0xc0, 0xc0, 0x80, 0x40, 0x80, 0x40, 0x40, 0x00, 0x00, 0x09, 0x00, 0x00, 0x00, 0x00, 0x02, 0x40,
    0x02, 0x40, 0x00, 0x03, 0x00, 0x07, 0x00, 0x0b, 0x00, 0x0f, 0x00, 0x17, 0x00, 0x1b, 0x00, 0x1f,
    0x00, 0x27, 0x00, 0x2b, 0x00, 0x00, 0x21, 0x35, 0x33, 0x15, 0x21, 0x35, 0x33, 0x15, 0x13, 0x35,
    0x33, 0x15, 0x23, 0x35, 0x33, 0x15, 0x13, 0x11, 0x23, 0x35, 0x33, 0x15, 0x23, 0x11, 0x2b, 0x01,
    0x35, 0x33, 0x07, 0x35, 0x33, 0x15, 0x2b, 0x01, 0x11, 0x23, 0x35, 0x33, 0x15, 0x23, 0x17, 0x35,
    0x33, 0x15, 0x01, 0x80, 0x40, 0xfe, 0xc0, 0x40, 0x80, 0x40, 0xc0, 0x40, 0xc0, 0x40, 0xc0, 0x40,
    0x80, 0x40, 0x40, 0xc0, 0x40, 0x80, 0x40, 0x40, 0xc0, 0x40, 0x80, 0x40, 0x80, 0x80, 0x80, 0x80,
    0x02, 0x00, 0x40, 0x40, 0x40, 0x40, 0xfe, 0x80, 0x01, 0x00, 0x40, 0x40, 0xff, 0x00, 0xc0, 0xc0,
    0xc0, 0xc0, 0x01, 0x00, 0x40, 0x40, 0x40, 0x80, 0x80, 0x00, 0x00, 0x00, 0x00, 0x07, 0x00, 0x00,
    0x00, 0x00, 0x01, 0xc0, 0x01, 0xc0, 0x00, 0x03, 0x00, 0x07, 0x00, 0x0b, 0x00, 0x0f, 0x00, 0x15,
    0x00, 0x19, 0x00, 0x1f, 0x00, 0x00, 0x21, 0x35, 0x33, 0x15, 0x23, 0x35, 0x33, 0x15, 0x13, 0x35,
    0x33, 0x15, 0x23, 0x35, 0x33, 0x15, 0x13, 0x35, 0x33, 0x15, 0x23, 0x15, 0x23, 0x35, 0x33, 0x15,
    0x2b, 0x01, 0x35, 0x23, 0x35, 0x33, 0x01, 0x00, 0x40, 0xc0, 0x40, 0x40, 0x40, 0xc0, 0x40, 0x80,
    0x80, 0x40, 0xc0, 0x40, 0x80, 0x40, 0x40, 0x80, 0x80, 0x80, 0x80, 0x80, 0x01, 0x80, 0x40, 0x40,
    0x40, 0x40, 0xff, 0x00, 0xc0, 0x40, 0x80, 0xc0, 0xc0, 0x80, 0x40, 0x00, 0x00, 0x06, 0x00, 0x00,
    0xff, 0x80, 0x01, 0x40, 0x01, 0xc0, 0x00, 0x03, 0x00, 0x07, 0x00, 0x0f, 0x00, 0x13, 0x00, 0x17,
    0x00, 0x1f, 0x00, 0x00, 0x37, 0x35, 0x33, 0x15, 0x11, 0x35, 0x33, 0x15, 0x13, 0x35, 0x23, 0x15,
    0x23, 0x35, 0x21, 0x15, 0x07, 0x35, 0x33, 0x15, 0x07, 0x35, 0x33, 0x15, 0x07, 0x15, 0x33, 0x35,
    0x33, 0x15, 0x21, 0x35, 0x40, 0x40, 0x40, 0x40, 0xc0, 0x40, 0x01, 0x40, 0x80, 0x40, 0x80, 0x40,
    0x80, 0xc0, 0x40, 0xfe, 0xc0, 0x80, 0x40, 0x40, 0xff, 0x00, 0x40, 0x40, 0x01, 0xc0, 0x40, 0x40,
    0x80, 0x80, 0x40, 0x40, 0x40, 0x40, 0x40, 0x40, 0x40, 0x40, 0x40, 0x80, 0x80, 0x00, 0x00, 0x00,
    0x00, 0x04, 0x00, 0x00, 0xff, 0x80, 0x01, 0x40, 0x01, 0x40, 0x00, 0x03, 0x00, 0x07, 0x00, 0x11,
    0x00, 0x1b, 0x00, 0x00, 0x37, 0x35, 0x33, 0x15, 0x03, 0x35, 0x33, 0x15, 0x11, 0x35, 0x23, 0x15,
    0x23, 0x35, 0x21, 0x15, 0x23, 0x15, 0x07, 0x15, 0x33, 0x35, 0x33, 0x15, 0x21, 0x35, 0x33, 0x35,
    0x80, 0x40, 0x40, 0x40, 0x80, 0x40, 0x01, 0x40, 0x40, 0x80, 0x80, 0x40, 0xfe, 0xc0, 0x40, 0x80,
    0x40, 0x40, 0xff, 0x00, 0x40, 0x40, 0x01, 0x40, 0x40, 0x40, 0x80, 0x40, 0x40, 0x40, 0x40, 0x40,
    0x80, 0x40, 0x40, 0x00, 0x00, 0x03, 0x00, 0x00, 0xff, 0x80, 0x00, 0x80, 0x02, 0x40, 0x00, 0x03,
    0x00, 0x07, 0x00, 0x0b, 0x00, 0x00, 0x15, 0x11, 0x33, 0x19, 0x01, 0x35, 0x33, 0x15, 0x07, 0x35,
    0x33, 0x15, 0x40, 0x40, 0x40, 0x40, 0x80, 0x02, 0x00, 0xfe, 0x00, 0x02, 0x80, 0x40, 0x40, 0x80,
    0x40, 0x40, 0x00, 0x00, 0x00, 0x02, 0x00, 0x00, 0xff, 0x80, 0x00, 0xc0, 0x01, 0xc0, 0x00, 0x0b,
    0x00, 0x0f, 0x00, 0x00, 0x17, 0x11, 0x23, 0x35, 0x33, 0x35, 0x33, 0x15, 0x33, 0x15, 0x23, 0x19,
    0x01, 0x35, 0x33, 0x15, 0x40, 0x40, 0x40, 0x40, 0x40, 0x40, 0x40, 0x80, 0x01, 0x00, 0x40, 0xc0,
    0x80, 0x40, 0xfe, 0xc0, 0x02, 0x00, 0x40, 0x40, 0x00, 0x06, 0x00, 0x00, 0x00, 0x00, 0x01, 0xc0,
    0x01, 0xc0, 0x00, 0x03, 0x00, 0x09, 0x00, 0x0d, 0x00, 0x15, 0x00, 0x19, 0x00, 0x1d, 0x00, 0x00,
    0x25, 0x15, 0x23, 0x35, 0x07, 0x35, 0x33, 0x11, 0x33, 0x11, 0x25, 0x35, 0x33, 0x15, 0x27, 0x23,
    0x35, 0x33, 0x35, 0x33, 0x15, 0x33, 0x27, 0x35, 0x33, 0x15, 0x27, 0x23, 0x35, 0x33, 0x01, 0x80,
    0xc0, 0xc0, 0x40, 0x40, 0x01, 0x00, 0x40, 0x40, 0xc0, 0x40, 0x40, 0x40, 0x40, 0x40, 0x40, 0xc0,
    0xc0, 0x40, 0x40, 0x40, 0x40, 0x40, 0x01, 0x40, 0xfe, 0x80, 0x40, 0x80, 0x80, 0x80, 0x40, 0x40,
    0x40, 0x40, 0x40, 0x40, 0x40, 0x40, 0x00, 0x00, 0x00, 0x03, 0x00, 0x00, 0xff, 0x80, 0x01, 0xc0,
    0x01, 0xc0, 0x00, 0x03, 0x00, 0x1b, 0x00, 0x1f, 0x00, 0x00, 0x17, 0x35, 0x33, 0x15, 0x3d, 0x01,
    0x33, 0x35, 0x23, 0x15, 0x33, 0x15, 0x23, 0x35, 0x33, 0x35, 0x33, 0x35, 0x33, 0x15, 0x33, 0x35,
    0x33, 0x15, 0x33, 0x15, 0x33, 0x15, 0x01, 0x35, 0x33, 0x15, 0xc0, 0x40, 0x40, 0xc0, 0x40, 0xc0,
    0x40, 0x40, 0x40, 0x40, 0x40, 0x40, 0x40, 0xff, 0x00, 0x40, 0x80, 0x40, 0x40, 0x80, 0x40, 0x40,
    0x40, 0x40, 0x40, 0x80, 0xc0, 0xc0, 0xc0, 0xc0, 0x80, 0x40, 0x01, 0x80, 0x40, 0x40, 0x00, 0x00,
    0x00, 0x04, 0x00, 0x00, 0xff, 0x80, 0x01, 0x80, 0x01, 0x40, 0x00, 0x03, 0x00, 0x0f, 0x00, 0x13,
    0x00, 0x17, 0x00, 0x00, 0x17, 0x35, 0x33, 0x15, 0x27, 0x35, 0x23, 0x35, 0x33, 0x35, 0x33, 0x35,
    0x33, 0x15, 0x33, 0x15, 0x27, 0x35, 0x23, 0x15, 0x37, 0x23, 0x35, 0x33, 0xc0, 0x40, 0xc0, 0x40,
    0x40, 0xc0, 0x40, 0x40, 0x80, 0xc0, 0xc0, 0xc0, 0xc0, 0x80, 0x40, 0x40, 0x80, 0x40, 0x40, 0x40,
    0x40, 0xc0, 0x40, 0x40, 0x40, 0x40, 0xc0, 0x40, 0x00, 0x05, 0x00, 0x00, 0x00, 0x00, 0x01, 0xc0,
    0x02, 0xc0, 0x00, 0x03, 0x00, 0x1b, 0x00, 0x1f, 0x00, 0x23, 0x00, 0x27, 0x00, 0x00, 0x13, 0x35,
    0x33, 0x15, 0x11, 0x35, 0x33, 0x35, 0x23, 0x15, 0x33, 0x15, 0x23, 0x35, 0x33, 0x35, 0x33, 0x35,
    0x33, 0x15, 0x33, 0x35, 0x33, 0x15, 0x33, 0x15, 0x33, 0x15, 0x01, 0x35, 0x33, 0x15, 0x3d, 0x01,
    0x33, 0x15, 0x27, 0x23, 0x35, 0x33, 0xc0, 0x40, 0x40, 0xc0, 0x40, 0xc0, 0x40, 0x40, 0x40, 0x40,
    0x40, 0x40, 0x40, 0xff, 0x00, 0x40, 0x40, 0x40, 0x80, 0x80, 0x02, 0x00, 0x40, 0x40, 0xfe, 0x00,
    0x40, 0x40, 0x40, 0x40, 0x40, 0x80, 0xc0, 0xc0, 0xc0, 0xc0, 0x80, 0x40, 0x01, 0x80, 0x40, 0x40,
    0xc0, 0x40, 0x40, 0x40, 0x40, 0x00, 0x00, 0x00, 0x00, 0x06, 0x00, 0x00, 0x00, 0x00, 0x01, 0x80,
    0x02, 0x40, 0x00, 0x03, 0x00, 0x0f, 0x00, 0x13, 0x00, 0x17, 0x00, 0x1b, 0x00, 0x1f, 0x00, 0x00,
    0x13, 0x35, 0x33, 0x15, 0x03, 0x35, 0x23, 0x35, 0x33, 0x35, 0x33, 0x35, 0x33, 0x15, 0x33, 0x15,
    0x27, 0x35, 0x23, 0x15, 0x37, 0x23, 0x35, 0x33, 0x27, 0x35, 0x33, 0x15, 0x27, 0x23, 0x35, 0x33,
    0x80, 0x40, 0x80, 0x40, 0x40, 0xc0, 0x40, 0x40, 0x80, 0xc0, 0xc0, 0xc0, 0xc0, 0x40, 0x40, 0x40,
    0x80, 0x80, 0x01, 0x80, 0x40, 0x40, 0xfe, 0x80, 0x40, 0x40, 0x40, 0x40, 0xc0, 0x40, 0x40, 0x40,
    0x40, 0xc0, 0x40, 0x80, 0x40, 0x40, 0x40, 0x40, 0x00, 0x07, 0x00, 0x00, 0x00, 0x00, 0x02, 0x00,
    0x02, 0xc0, 0x00, 0x03, 0x00, 0x07, 0x00, 0x0b, 0x00, 0x23, 0x00, 0x27, 0x00, 0x2b, 0x00, 0x2f,
    0x00, 0x00, 0x01, 0x35, 0x33, 0x15, 0x23, 0x35, 0x33, 0x15, 0x25, 0x23, 0x35, 0x33, 0x03, 0x35,
    0x33, 0x35, 0x23, 0x15, 0x33, 0x15, 0x23, 0x35, 0x33, 0x35, 0x33, 0x35, 0x33, 0x15, 0x33, 0x35,
    0x33, 0x15, 0x33, 0x15, 0x33, 0x15, 0x01, 0x35, 0x33, 0x15, 0x27, 0x35, 0x33, 0x15, 0x37, 0x35,
    0x33, 0x15, 0x01, 0x00, 0x40, 0xc0, 0x40, 0x01, 0x00, 0x40, 0x40, 0xc0, 0x40, 0xc0, 0x40, 0xc0,
    0x40, 0x40, 0x40, 0x40, 0x40, 0x40, 0x40, 0xff, 0x00, 0x40, 0x40, 0x40, 0xc0, 0x40, 0x02, 0x00,
    0x40, 0x40, 0x40, 0x40, 0x40, 0x40, 0xfd, 0x80, 0x40, 0x40, 0x40, 0x40, 0x40, 0x80, 0xc0, 0xc0,
    0xc0, 0xc0, 0x80, 0x40, 0x01, 0x80, 0x40, 0x40, 0xc0, 0x40, 0x40, 0x40, 0x40, 0x40, 0x00, 0x00,
    0x00, 0x08, 0x00, 0x00, 0x00, 0x00, 0x01, 0x80, 0x02, 0x80, 0x00, 0x03, 0x00, 0x07, 0x00, 0x0b,
    0x00, 0x17, 0x00, 0x1b, 0x00, 0x1f, 0x00, 0x23, 0x00, 0x27, 0x00, 0x00, 0x13, 0x35, 0x33, 0x15,
    0x23, 0x35, 0x33, 0x15, 0x37, 0x35, 0x33, 0x15, 0x01, 0x35, 0x23, 0x35, 0x33, 0x35, 0x33, 0x35,
    0x33, 0x15, 0x33, 0x15, 0x27, 0x35, 0x23, 0x15, 0x37, 0x23, 0x35, 0x33, 0x27, 0x35, 0x33, 0x15,
    0x37, 0x35, 0x33, 0x15, 0xc0, 0x40, 0xc0, 0x40, 0x80, 0x40, 0xff, 0x00, 0x40, 0x40, 0xc0, 0x40,
    0x40, 0x80, 0xc0, 0xc0, 0xc0, 0xc0, 0x80, 0x40, 0x80, 0x40, 0x01, 0x80, 0x40, 0x40, 0x40, 0x40,
    0x80, 0x40, 0x40, 0xfe, 0x00, 0x40, 0x40, 0x40, 0x40, 0xc0, 0x40, 0x40, 0x40, 0x40, 0xc0, 0x40,
    0x80, 0x40, 0x40, 0x80, 0x40, 0x40, 0x00, 0x00, 0x00, 0x07, 0xff, 0xc0, 0x00, 0x00, 0x01, 0xc0,
    0x02, 0xc0, 0x00, 0x03, 0x00, 0x07, 0x00, 0x0b, 0x00, 0x23, 0x00, 0x27, 0x00, 0x2b, 0x00, 0x2f,
    0x00, 0x00, 0x01, 0x35, 0x33, 0x15, 0x23, 0x35, 0x33, 0x15, 0x27, 0x35, 0x33, 0x15, 0x13, 0x35,
    0x33, 0x35, 0x23, 0x15, 0x33, 0x15, 0x23, 0x35, 0x33, 0x35, 0x33, 0x35, 0x33, 0x15, 0x33, 0x35,
    0x33, 0x15, 0x33, 0x15, 0x33, 0x15, 0x01, 0x35, 0x33, 0x15, 0x27, 0x35, 0x33, 0x15, 0x25, 0x23,
    0x35, 0x33, 0x01, 0x00, 0x40, 0xc0, 0x40, 0xc0, 0x40, 0xc0, 0x40, 0xc0, 0x40, 0xc0, 0x40, 0x40,
    0x40, 0x40, 0x40, 0x40, 0x40, 0xff, 0x00, 0x40, 0x40, 0x40, 0xff, 0x00, 0x40, 0x40, 0x02, 0x00,
    0x40, 0x40, 0x40, 0x40, 0x40, 0x40, 0x40, 0xfd, 0xc0, 0x40, 0x40, 0x40, 0x40, 0x40, 0x80, 0xc0,
    0xc0, 0xc0, 0xc0, 0x80, 0x40, 0x01, 0x80, 0x40, 0x40, 0xc0, 0x40, 0x40, 0x40, 0x40, 0x00, 0x00,
    0x00, 0x08, 0xff, 0xc0, 0x00, 0x00, 0x01, 0x80, 0x02, 0x80, 0x00, 0x03, 0x00, 0x07, 0x00, 0x0b,
    0x00, 0x17, 0x00, 0x1b, 0x00, 0x1f, 0x00, 0x23, 0x00, 0x27, 0x00, 0x00, 0x13, 0x35, 0x33, 0x15,
    0x23, 0x35, 0x33, 0x15, 0x27, 0x35, 0x33, 0x15, 0x11, 0x35, 0x23, 0x35, 0x33, 0x35, 0x33, 0x35,
    0x33, 0x15, 0x33, 0x15, 0x27, 0x35, 0x23, 0x15, 0x37, 0x23, 0x35, 0x33, 0x27, 0x35, 0x33, 0x15,
    0x27, 0x23, 0x35, 0x33, 0xc0, 0x40, 0xc0, 0x40, 0x80, 0x40, 0x40, 0x40, 0xc0, 0x40, 0x40, 0x80,
    0xc0, 0xc0, 0xc0, 0xc0, 0x80, 0x40, 0xc0, 0x40, 0x40, 0x01, 0x80, 0x40, 0x40, 0x40, 0x40, 0x80,
    0x40, 0x40, 0xfe, 0x00, 0x40, 0x40, 0x40, 0x40, 0xc0, 0x40, 0x40, 0x40, 0x40, 0xc0, 0x40, 0x80,
    0x40, 0x40, 0x80, 0x40, 0x00, 0x06, 0x00, 0x00, 0x00, 0x00, 0x01, 0xc0, 0x02, 0xc0, 0x00, 0x03,
    0x00, 0x07, 0x00, 0x0d, 0x00, 0x25, 0x00, 0x29, 0x00, 0x2d, 0x00, 0x00, 0x01, 0x35, 0x33, 0x15,
    0x23, 0x35, 0x33, 0x15, 0x37, 0x35, 0x23, 0x35, 0x33, 0x15, 0x03, 0x35, 0x33, 0x35, 0x23, 0x15,
    0x33, 0x15, 0x23, 0x35, 0x33, 0x35, 0x33, 0x35, 0x33, 0x15, 0x33, 0x35, 0x33, 0x15, 0x33, 0x15,
    0x33, 0x15, 0x01, 0x35, 0x33, 0x15, 0x27, 0x35, 0x33, 0x15, 0x01, 0x00, 0x40, 0xc0, 0x40, 0xc0,
    0x40, 0x80, 0xc0, 0x40, 0xc0, 0x40, 0xc0, 0x40, 0x40, 0x40, 0x40, 0x40, 0x40, 0x40, 0xff, 0x00,
    0x40, 0x40, 0x40, 0x02, 0x00, 0x40, 0x40, 0x40, 0x40, 0x40, 0x40, 0x40, 0x80, 0xfd, 0xc0, 0x40,
    0x40, 0x40, 0x40, 0x40, 0x80, 0xc0, 0xc0, 0xc0, 0xc0, 0x80, 0x40, 0x01, 0x80, 0x40, 0x40, 0xc0,
    0x40, 0x40, 0x00, 0x00, 0x00, 0x07, 0x00, 0x00, 0x00, 0x00, 0x01, 0x80, 0x02, 0x40, 0x00, 0x03,
    0x00, 0x07, 0x00, 0x0d, 0x00, 0x19, 0x00, 0x1d, 0x00, 0x21, 0x00, 0x25, 0x00, 0x00, 0x13, 0x35,
    0x33, 0x15, 0x23, 0x35, 0x33, 0x15, 0x37, 0x35, 0x23, 0x35, 0x33, 0x15, 0x01, 0x35, 0x23, 0x35,
    0x33, 0x35, 0x33, 0x35, 0x33, 0x15, 0x33, 0x15, 0x27, 0x35, 0x23, 0x15, 0x37, 0x23, 0x35, 0x33,
    0x27, 0x35, 0x33, 0x15, 0xc0, 0x40, 0xc0, 0x40, 0xc0, 0x40, 0x80, 0xfe, 0xc0, 0x40, 0x40, 0xc0,
    0x40, 0x40, 0x80, 0xc0, 0xc0, 0xc0, 0xc0, 0x80, 0x40, 0x01, 0x80, 0x40, 0x40, 0x40, 0x40, 0x40,
    0x40, 0x40, 0x80, 0xfe, 0x40, 0x40, 0x40, 0x40, 0x40, 0xc0, 0x40, 0x40, 0x40, 0x40, 0xc0, 0x40,
    0x80, 0x40, 0x40, 0x00, 0x00, 0x08, 0x00, 0x00, 0x00, 0x00, 0x01, 0xc0, 0x03, 0x00, 0x00, 0x03,
    0x00, 0x07, 0x00, 0x0b, 0x00, 0x23, 0x00, 0x27, 0x00, 0x2d, 0x00, 0x31, 0x00, 0x35, 0x00, 0x00,
    0x01, 0x35, 0x33, 0x15, 0x23, 0x35, 0x33, 0x15, 0x27, 0x35, 0x33, 0x15, 0x13, 0x35, 0x33, 0x35,
    0x23, 0x15, 0x33, 0x15, 0x23, 0x35, 0x33, 0x35, 0x33, 0x35, 0x33, 0x15, 0x33, 0x35, 0x33, 0x15,
    0x33, 0x15, 0x33, 0x15, 0x01, 0x35, 0x33, 0x15, 0x27, 0x35, 0x33, 0x15, 0x23, 0x15, 0x37, 0x35,
    0x33, 0x15, 0x21, 0x35, 0x33, 0x15, 0x01, 0x00, 0x40, 0xc0, 0x40, 0x80, 0x40, 0x80, 0x40, 0xc0,
    0x40, 0xc0, 0x40, 0x40, 0x40, 0x40, 0x40, 0x40, 0x40, 0xff, 0x00, 0x40, 0x40, 0x80, 0x40, 0x40,
    0x40, 0xff, 0x00, 0x40, 0x02, 0x00, 0x40, 0x40, 0x40, 0x40, 0x80, 0x40, 0x40, 0xfd, 0x80, 0x40,
    0x40, 0x40, 0x40, 0x40, 0x80, 0xc0, 0xc0, 0xc0, 0xc0, 0x80, 0x40, 0x01, 0x80, 0x40, 0x40, 0xc0,
    0x80, 0x40, 0x40, 0x80, 0x40, 0x40, 0x40, 0x40, 0x00, 0x0a, 0x00, 0x00, 0x00, 0x00, 0x01, 0x80,
    0x02, 0xc0, 0x00, 0x03, 0x00, 0x07, 0x00, 0x0b, 0x00, 0x17, 0x00, 0x1b, 0x00, 0x1f, 0x00, 0x23,
    0x00, 0x27, 0x00, 0x2b, 0x00, 0x2f, 0x00, 0x00, 0x13, 0x35, 0x33, 0x15, 0x23, 0x35, 0x33, 0x15,
    0x27, 0x35, 0x33, 0x15, 0x11, 0x35, 0x23, 0x35, 0x33, 0x35, 0x33, 0x35, 0x33, 0x15, 0x33, 0x15,
    0x27, 0x35, 0x23, 0x15, 0x37, 0x23, 0x35, 0x33, 0x27, 0x35, 0x33, 0x15, 0x37, 0x15, 0x23, 0x35,
    0x33, 0x35, 0x33, 0x15, 0x21, 0x35, 0x33, 0x15, 0xc0, 0x40, 0xc0, 0x40, 0x80, 0x40, 0x40, 0x40,
    0xc0, 0x40, 0x40, 0x80, 0xc0, 0xc0, 0xc0, 0xc0, 0x80, 0x40, 0x40, 0x80, 0x80, 0x40, 0xff, 0x00,
    0x40, 0x01, 0x80, 0x40, 0x40, 0x40, 0x40, 0xc0, 0x40, 0x40, 0xfd, 0xc0, 0x40, 0x40, 0x40, 0x40,
    0xc0, 0x40, 0x40, 0x40, 0x40, 0xc0, 0x40, 0x80, 0x40, 0x40, 0xc0, 0x40, 0x40, 0x40, 0x40, 0x40,
    0x40, 0x00, 0x00, 0x00, 0x00, 0x06, 0x00, 0x00, 0xff, 0x80, 0x01, 0xc0, 0x02, 0x80, 0x00, 0x03,
    0x00, 0x07, 0x00, 0x0b, 0x00, 0x23, 0x00, 0x27, 0x00, 0x2b, 0x00, 0x00, 0x17, 0x35, 0x33, 0x15,
    0x11, 0x35, 0x33, 0x15, 0x23, 0x35, 0x33, 0x15, 0x13, 0x35, 0x33, 0x35, 0x23, 0x15, 0x33, 0x15,
    0x23, 0x35, 0x33, 0x35, 0x33, 0x35, 0x33, 0x15, 0x33, 0x35, 0x33, 0x15, 0x33, 0x15, 0x33, 0x15,
    0x01, 0x35, 0x33, 0x15, 0x27, 0x35, 0x33, 0x15, 0xc0, 0x40, 0x40, 0xc0, 0x40, 0x40, 0x40, 0xc0,
    0x40, 0xc0, 0x40, 0x40, 0x40, 0x40, 0x40, 0x40, 0x40, 0xff, 0x00, 0x40, 0x40, 0x40, 0x80, 0x40,
    0x40, 0x02, 0x80, 0x40, 0x40, 0x40, 0x40, 0xfe, 0x00, 0x40, 0x40, 0x40, 0x40, 0x40, 0x80, 0xc0,
    0xc0, 0xc0, 0xc0, 0x80, 0x40, 0x01, 0x80, 0x40, 0x40, 0xc0, 0x40, 0x40, 0x00, 0x07, 0x00, 0x00,
    0xff, 0x80, 0x01, 0x80, 0x02, 0x00, 0x00, 0x03, 0x00, 0x07, 0x00, 0x0b, 0x00, 0x17, 0x00, 0x1b,
    0x00, 0x1f, 0x00, 0x23, 0x00, 0x00, 0x17, 0x35, 0x33, 0x15, 0x03, 0x35, 0x33, 0x15, 0x23, 0x35,
    0x33, 0x15, 0x03, 0x35, 0x23, 0x35, 0x33, 0x35, 0x33, 0x35, 0x33, 0x15, 0x33, 0x15, 0x27, 0x35,
    0x23, 0x15, 0x37, 0x23, 0x35, 0x33, 0x27, 0x35, 0x33, 0x15, 0xc0, 0x40, 0x40, 0x40, 0xc0, 0x40,
    0x40, 0x40, 0x40, 0xc0, 0x40, 0x40, 0x80, 0xc0, 0xc0, 0xc0, 0xc0, 0x80, 0x40, 0x80, 0x40, 0x40,
    0x02, 0x00, 0x40, 0x40, 0x40, 0x40, 0xfe, 0x80, 0x40, 0x40, 0x40, 0x40, 0xc0, 0x40, 0x40, 0x40,
    0x40, 0xc0, 0x40, 0x80, 0x40, 0x40, 0x00, 0x00, 0x00, 0x07, 0x00, 0x00, 0x00, 0x00, 0x01, 0xc0,
    0x03, 0x00, 0x00, 0x03, 0x00, 0x1b, 0x00, 0x1f, 0x00, 0x23, 0x00, 0x27, 0x00, 0x2b, 0x00, 0x2f,
    0x00, 0x00, 0x13, 0x35, 0x33, 0x15, 0x11, 0x35, 0x33, 0x35, 0x23, 0x15, 0x33, 0x15, 0x23, 0x35,
    0x33, 0x35, 0x33, 0x35, 0x33, 0x15, 0x33, 0x35, 0x33, 0x15, 0x33, 0x15, 0x33, 0x15, 0x01, 0x35,
    0x33, 0x15, 0x37, 0x15, 0x23, 0x35, 0x33, 0x35, 0x33, 0x15, 0x21, 0x23, 0x35, 0x33, 0x37, 0x35,
    0x33, 0x15, 0xc0, 0x40, 0x40, 0xc0, 0x40, 0xc0, 0x40, 0x40, 0x40, 0x40, 0x40, 0x40, 0x40, 0xff,
    0x00, 0x40, 0x40, 0xc0, 0xc0, 0x40, 0xff, 0x00, 0x40, 0x40, 0x80, 0x40, 0x02, 0x80, 0x40, 0x40,
    0xfd, 0x80, 0x40, 0x40, 0x40, 0x40, 0x40, 0x80, 0xc0, 0xc0, 0xc0, 0xc0, 0x80, 0x40, 0x01, 0x80,
    0x40, 0x40, 0xc0, 0x40, 0x40, 0x40, 0x40, 0x40, 0x40, 0x40, 0x40, 0x00, 0x00, 0x08, 0x00, 0x00,
    0x00, 0x00, 0x01, 0x80, 0x02, 0x80, 0x00, 0x03, 0x00, 0x0f, 0x00, 0x13, 0x00, 0x17, 0x00, 0x1b,
    0x00, 0x1f, 0x00, 0x23, 0x00, 0x27, 0x00, 0x00, 0x13, 0x35, 0x33, 0x15, 0x03, 0x35, 0x23, 0x35,
    0x33, 0x35, 0x33, 0x35, 0x33, 0x15, 0x33, 0x15, 0x27, 0x35, 0x23, 0x15, 0x37, 0x23, 0x35, 0x33,
    0x35, 0x15, 0x23, 0x35, 0x33, 0x35, 0x33, 0x15, 0x21, 0x23, 0x35, 0x33, 0x37, 0x35, 0x33, 0x15,
    0x80, 0x40, 0x80, 0x40, 0x40, 0xc0, 0x40, 0x40, 0x80, 0xc0, 0xc0, 0xc0, 0xc0, 0xc0, 0xc0, 0x40,
    0xff, 0x00, 0x40, 0x40, 0x80, 0x40, 0x02, 0x00, 0x40, 0x40, 0xfe, 0x00, 0x40, 0x40, 0x40, 0x40,
    0xc0, 0x40, 0x40, 0x40, 0x40, 0xc0, 0x40, 0x80, 0x40, 0x40, 0x40, 0x40, 0x40, 0x40, 0x40, 0x40,
    0x00, 0x07, 0x00, 0x00, 0x00, 0x00, 0x01, 0xc0, 0x03, 0x00, 0x00, 0x03, 0x00, 0x1b, 0x00, 0x1f,
    0x00, 0x23, 0x00, 0x27, 0x00, 0x2b, 0x00, 0x2f, 0x00, 0x00, 0x13, 0x35, 0x33, 0x15, 0x11, 0x35,
    0x33, 0x35, 0x23, 0x15, 0x33, 0x15, 0x23, 0x35, 0x33, 0x35, 0x33, 0x35, 0x33, 0x15, 0x33, 0x35,
    0x33, 0x15, 0x33, 0x15, 0x33, 0x15, 0x01, 0x35, 0x33, 0x15, 0x37, 0x15, 0x23, 0x35, 0x33, 0x35,
    0x33, 0x15, 0x21, 0x23, 0x35, 0x33, 0x37, 0x23, 0x35, 0x33, 0xc0, 0x40, 0x40, 0xc0, 0x40, 0xc0,
    0x40, 0x40, 0x40, 0x40, 0x40, 0x40, 0x40, 0xff, 0x00, 0x40, 0x40, 0xc0, 0xc0, 0x40, 0xff, 0x00,
    0x40, 0x40, 0x40, 0x40, 0x40, 0x02, 0x80, 0x40, 0x40, 0xfd, 0x80, 0x40, 0x40, 0x40, 0x40, 0x40,
    0x80, 0xc0, 0xc0, 0xc0, 0xc0, 0x80, 0x40, 0x01, 0x80, 0x40, 0x40, 0xc0, 0x40, 0x40, 0x40, 0x40,
    0x40, 0x40, 0x40, 0x00, 0x00, 0x08, 0x00, 0x00, 0x00, 0x00, 0x01, 0x80, 0x02, 0x80, 0x00, 0x03,
    0x00, 0x0f, 0x00, 0x13, 0x00, 0x17, 0x00, 0x1b, 0x00, 0x1f, 0x00, 0x23, 0x00, 0x27, 0x00, 0x00,
    0x13, 0x35, 0x33, 0x15, 0x03, 0x35, 0x23, 0x35, 0x33, 0x35, 0x33, 0x35, 0x33, 0x15, 0x33, 0x15,
    0x27, 0x35, 0x23, 0x15, 0x37, 0x23, 0x35, 0x33, 0x35, 0x15, 0x23, 0x35, 0x33, 0x35, 0x33, 0x15,
    0x21, 0x23, 0x35, 0x33, 0x37, 0x23, 0x35, 0x33, 0x80, 0x40, 0x80, 0x40, 0x40, 0xc0, 0x40, 0x40,
    0x80, 0xc0, 0xc0, 0xc0, 0xc0, 0xc0, 0xc0, 0x40, 0xff, 0x00, 0x40, 0x40, 0x40, 0x40, 0x40, 0x02,
    0x00, 0x40, 0x40, 0xfe, 0x00, 0x40, 0x40, 0x40, 0x40, 0xc0, 0x40, 0x40, 0x40, 0x40, 0xc0, 0x40,
    0x80, 0x40, 0x40, 0x40, 0x40, 0x40, 0x40, 0x40, 0x00, 0x06, 0x00, 0x00, 0x00, 0x00, 0x01, 0xc0,
    0x03, 0x00, 0x00, 0x05, 0x00, 0x1d, 0x00, 0x21, 0x00, 0x25, 0x00, 0x29, 0x00, 0x2d, 0x00, 0x00,
    0x13, 0x35, 0x23, 0x35, 0x33, 0x15, 0x11, 0x35, 0x33, 0x35, 0x23, 0x15, 0x33, 0x15, 0x23, 0x35,
    0x33, 0x35, 0x33, 0x35, 0x33, 0x15, 0x33, 0x35, 0x33, 0x15, 0x33, 0x15, 0x33, 0x15, 0x01, 0x35,
    0x33, 0x15, 0x37, 0x15, 0x23, 0x35, 0x33, 0x35, 0x33, 0x15, 0x21, 0x23, 0x35, 0x33, 0xc0, 0x40,
    0x80, 0x40, 0xc0, 0x40, 0xc0, 0x40, 0x40, 0x40, 0x40, 0x40, 0x40, 0x40, 0xff, 0x00, 0x40, 0x40,
    0xc0, 0xc0, 0x40, 0xff, 0x00, 0x40, 0x40, 0x02, 0x80, 0x40, 0x40, 0x80, 0xfd, 0x80, 0x40, 0x40,
    0x40, 0x40, 0x40, 0x80, 0xc0, 0xc0, 0xc0, 0xc0, 0x80, 0x40, 0x01, 0x80, 0x40, 0x40, 0xc0, 0x40,
    0x40, 0x40, 0x40, 0x40, 0x00, 0x07, 0x00, 0x00, 0x00, 0x00, 0x01, 0x80, 0x02, 0x80, 0x00, 0x05,
    0x00, 0x11, 0x00, 0x15, 0x00, 0x19, 0x00, 0x1d, 0x00, 0x21, 0x00, 0x25, 0x00, 0x00, 0x13, 0x35,
    0x23, 0x35, 0x33, 0x15, 0x03, 0x35, 0x23, 0x35, 0x33, 0x35, 0x33, 0x35, 0x33, 0x15, 0x33, 0x15,
    0x27, 0x35, 0x23, 0x15, 0x37, 0x23, 0x35, 0x33, 0x35, 0x15, 0x23, 0x35, 0x33, 0x35, 0x33, 0x15,
    0x21, 0x23, 0x35, 0x33, 0x80, 0x40, 0x80, 0x80, 0x40, 0x40, 0xc0, 0x40, 0x40, 0x80, 0xc0, 0xc0,
    0xc0, 0xc0, 0xc0, 0xc0, 0x40, 0xff, 0x00, 0x40, 0x40, 0x02, 0x00, 0x40, 0x40, 0x80, 0xfe, 0x00,
    0x40, 0x40, 0x40, 0x40, 0xc0, 0x40, 0x40, 0x40, 0x40, 0xc0, 0x40, 0x80, 0x40, 0x40, 0x40, 0x40,
    0x40, 0x00, 0x00, 0x00, 0x00, 0x08, 0x00, 0x00, 0x00, 0x00, 0x01, 0xc0, 0x03, 0x00, 0x00, 0x03,
    0x00, 0x1b, 0x00, 0x23, 0x00, 0x27, 0x00, 0x2b, 0x00, 0x2f, 0x00, 0x33, 0x00, 0x37, 0x00, 0x00,
    0x13, 0x35, 0x33, 0x15, 0x13, 0x35, 0x33, 0x35, 0x23, 0x15, 0x33, 0x15, 0x23, 0x35, 0x33, 0x35,
    0x33, 0x35, 0x33, 0x15, 0x33, 0x35, 0x33, 0x15, 0x33, 0x15, 0x33, 0x15, 0x01, 0x35, 0x23, 0x35,
    0x33, 0x15, 0x23, 0x15, 0x37, 0x35, 0x33, 0x15, 0x21, 0x23, 0x35, 0x33, 0x37, 0x15, 0x23, 0x35,
    0x33, 0x35, 0x33, 0x15, 0x21, 0x35, 0x33, 0x15, 0x40, 0x40, 0x80, 0x40, 0xc0, 0x40, 0xc0, 0x40,
    0x40, 0x40, 0x40, 0x40, 0x40, 0x40, 0xff, 0x00, 0x40, 0xc0, 0x40, 0x40, 0x40, 0xff, 0x00, 0x40,
    0x40, 0xc0, 0x80, 0x80, 0x40, 0xff, 0x00, 0x40, 0x02, 0x80, 0x40, 0x40, 0xfd, 0x80, 0x40, 0x40,
    0x40, 0x40, 0x40, 0x80, 0xc0, 0xc0, 0xc0, 0xc0, 0x80, 0x40, 0x01, 0x80, 0x40, 0x40, 0x40, 0x40,
    0x80, 0x40, 0x40, 0x40, 0x80, 0x40, 0x40, 0x40, 0x40, 0x40, 0x40, 0x00, 0x00, 0x0a, 0x00, 0x00,
    0x00, 0x00, 0x01, 0x80, 0x02, 0xc0, 0x00, 0x03, 0x00, 0x0f, 0x00, 0x13, 0x00, 0x17, 0x00, 0x1b,
    0x00, 0x1f, 0x00, 0x23, 0x00, 0x27, 0x00, 0x2b, 0x00, 0x2f, 0x00, 0x00, 0x11, 0x35, 0x33, 0x15,
    0x11, 0x35, 0x23, 0x35, 0x33, 0x35, 0x33, 0x35, 0x33, 0x15, 0x33, 0x15, 0x27, 0x35, 0x23, 0x15,
    0x37, 0x23, 0x35, 0x33, 0x35, 0x15, 0x23, 0x35, 0x33, 0x35, 0x33, 0x15, 0x21, 0x23, 0x35, 0x33,
    0x37, 0x15, 0x23, 0x35, 0x33, 0x35, 0x33, 0x15, 0x21, 0x35, 0x33, 0x15, 0x40, 0x40, 0x40, 0xc0,
    0x40, 0x40, 0x80, 0xc0, 0xc0, 0xc0, 0xc0, 0xc0, 0xc0, 0x40, 0xff, 0x00, 0x40, 0x40, 0xc0, 0x80,
    0x80, 0x40, 0xff, 0x00, 0x40, 0x02, 0x40, 0x40, 0x40, 0xfd, 0xc0, 0x40, 0x40, 0x40, 0x40, 0xc0,
    0x40, 0x40, 0x40, 0x40, 0xc0, 0x40, 0x80, 0x40, 0x40, 0x40, 0x40, 0x40, 0x80, 0x40, 0x40, 0x40,
    0x40, 0x40, 0x40, 0x00, 0x00, 0x06, 0x00, 0x00, 0xff, 0x80, 0x01, 0xc0, 0x02, 0x80, 0x00, 0x03,
    0x00, 0x1b, 0x00, 0x1f, 0x00, 0x23, 0x00, 0x27, 0x00, 0x2b, 0x00, 0x00, 0x17, 0x35, 0x33, 0x15,
    0x3d, 0x01, 0x33, 0x35, 0x23, 0x15, 0x33, 0x15, 0x23, 0x35, 0x33, 0x35, 0x33, 0x35, 0x33, 0x15,
    0x33, 0x35, 0x33, 0x15, 0x33, 0x15, 0x33, 0x15, 0x01, 0x35, 0x33, 0x15, 0x37, 0x15, 0x23, 0x35,
    0x33, 0x35, 0x33, 0x15, 0x21, 0x23, 0x35, 0x33, 0xc0, 0x40, 0x40, 0xc0, 0x40, 0xc0, 0x40, 0x40,
    0x40, 0x40, 0x40, 0x40, 0x40, 0xff, 0x00, 0x40, 0x40, 0xc0, 0xc0, 0x40, 0xff, 0x00, 0x40, 0x40,
    0x80, 0x40, 0x40, 0x80, 0x40, 0x40, 0x40, 0x40, 0x40, 0x80, 0xc0, 0xc0, 0xc0, 0xc0, 0x80, 0x40,
    0x01, 0x80, 0x40, 0x40, 0xc0, 0x40, 0x40, 0x40, 0x40, 0x40, 0x00, 0x00, 0x00, 0x07, 0x00, 0x00,
    0xff, 0x80, 0x01, 0x80, 0x02, 0x00, 0x00, 0x03, 0x00, 0x0f, 0x00, 0x13, 0x00, 0x17, 0x00, 0x1b,
    0x00, 0x1f, 0x00, 0x23, 0x00, 0x00, 0x17, 0x35, 0x33, 0x15, 0x27, 0x35, 0x23, 0x35, 0x33, 0x35,
    0x33, 0x35, 0x33, 0x15, 0x33, 0x15, 0x27, 0x35, 0x23, 0x15, 0x37, 0x23, 0x35, 0x33, 0x35, 0x15,
    0x23, 0x35, 0x33, 0x35, 0x33, 0x15, 0x2b, 0x01, 0x35, 0x33, 0xc0, 0x40, 0xc0, 0x40, 0x40, 0xc0,
    0x40, 0x40, 0x80, 0xc0, 0xc0, 0xc0, 0xc0, 0x80, 0x80, 0x40, 0xc0, 0x40, 0x40, 0x80, 0x40, 0x40,
    0x80, 0x40, 0x40, 0x40, 0x40, 0xc0, 0x40, 0x40, 0x40, 0x40, 0xc0, 0x40, 0x80, 0x40, 0x40, 0x40,
    0x40, 0x40, 0x00, 0x00, 0x00, 0x02, 0x00, 0x00, 0xff, 0x80, 0x01, 0x80, 0x01, 0xc0, 0x00, 0x03,
    0x00, 0x1b, 0x00, 0x00, 0x17, 0x35, 0x33, 0x15, 0x03, 0x35, 0x23, 0x15, 0x33, 0x35, 0x33, 0x15,
    0x21, 0x35, 0x33, 0x11, 0x23, 0x35, 0x21, 0x15, 0x23, 0x35, 0x23, 0x15, 0x33, 0x35, 0x33, 0x15,
    0xc0, 0x40, 0x40, 0x40, 0xc0, 0x40, 0xfe, 0x80, 0x40, 0x40, 0x01, 0x80, 0x40, 0xc0, 0x40, 0x40,
    0x80, 0x40, 0x40, 0x01, 0x00, 0x40, 0x80, 0x40, 0x80, 0x40, 0x01, 0x40, 0x40, 0x80, 0x40, 0x80,
    0x40, 0xc0, 0x00, 0x00, 0x00, 0x04, 0x00, 0x00, 0xff, 0x80, 0x01, 0x40, 0x01, 0x40, 0x00, 0x03,
    0x00, 0x07, 0x00, 0x11, 0x00, 0x15, 0x00, 0x00, 0x17, 0x35, 0x33, 0x15, 0x37, 0x15, 0x23, 0x35,
    0x31, 0x23, 0x35, 0x33, 0x15, 0x33, 0x35, 0x33, 0x15, 0x21, 0x37, 0x23, 0x35, 0x33, 0x80, 0x40,
    0x40, 0xc0, 0x40, 0x40, 0xc0, 0x40, 0xff, 0x00, 0xc0, 0xc0, 0xc0, 0x80, 0x40, 0x40, 0xc0, 0x40,
    0x40, 0xc0, 0x40, 0x40, 0x80, 0x80, 0x40, 0x00, 0x00, 0x04, 0x00, 0x00, 0x00, 0x00, 0x01, 0x80,
    0x02, 0xc0, 0x00, 0x17, 0x00, 0x1b, 0x00, 0x1f, 0x00, 0x23, 0x00, 0x00, 0x37, 0x35, 0x23, 0x15,
    0x33, 0x35, 0x33, 0x15, 0x21, 0x35, 0x33, 0x11, 0x23, 0x35, 0x21, 0x15, 0x23, 0x35, 0x23, 0x15,
    0x33, 0x35, 0x33, 0x15, 0x03, 0x35, 0x33, 0x15, 0x3d, 0x01, 0x33, 0x15, 0x27, 0x23, 0x35, 0x33,
    0xc0, 0x40, 0xc0, 0x40, 0xfe, 0x80, 0x40, 0x40, 0x01, 0x80, 0x40, 0xc0, 0x40, 0x40, 0x40, 0x40,
    0x40, 0x40, 0x80, 0x80, 0x80, 0x40, 0x80, 0x40, 0x80, 0x40, 0x01, 0x40, 0x40, 0x80, 0x40, 0x80,
    0x40, 0xc0, 0x01, 0x80, 0x40, 0x40, 0x40, 0x40, 0x40, 0x40, 0x40, 0x00, 0x00, 0x06, 0x00, 0x00,
    0x00, 0x00, 0x01, 0x40, 0x02, 0x40, 0x00, 0x03, 0x00, 0x07, 0x00, 0x11, 0x00, 0x15, 0x00, 0x19,
    0x00, 0x1d, 0x00, 0x00, 0x13, 0x35, 0x33, 0x15, 0x13, 0x15, 0x23, 0x35, 0x31, 0x23, 0x35, 0x33,
    0x15, 0x33, 0x35, 0x33, 0x15, 0x21, 0x37, 0x23, 0x35, 0x33, 0x27, 0x35, 0x33, 0x15, 0x27, 0x23,
    0x35, 0x33, 0x80, 0x40, 0x40, 0xc0, 0x40, 0x40, 0xc0, 0x40, 0xff, 0x00, 0xc0, 0xc0, 0xc0, 0x40,
    0x40, 0x40, 0x80, 0x80, 0x01, 0x80, 0x40, 0x40, 0xfe, 0xc0, 0x40, 0x40, 0xc0, 0x40, 0x40, 0x80,
    0x80, 0x40, 0x80, 0x40, 0x40, 0x40, 0x40, 0x00, 0x00, 0x05, 0x00, 0x00, 0x00, 0x00, 0x01, 0x80,
    0x02, 0x80, 0x00, 0x17, 0x00, 0x1b, 0x00, 0x1f, 0x00, 0x23, 0x00, 0x27, 0x00, 0x00, 0x37, 0x35,
    0x23, 0x15, 0x33, 0x35, 0x33, 0x15, 0x21, 0x35, 0x33, 0x11, 0x23, 0x35, 0x21, 0x15, 0x23, 0x35,
    0x23, 0x15, 0x33, 0x35, 0x33, 0x15, 0x03, 0x35, 0x33, 0x15, 0x37, 0x15, 0x23, 0x35, 0x33, 0x35,
    0x33, 0x15, 0x21, 0x35, 0x33, 0x15, 0xc0, 0x40, 0xc0, 0x40, 0xfe, 0x80, 0x40, 0x40, 0x01, 0x80,
    0x40, 0xc0, 0x40, 0x40, 0xc0, 0x40, 0xc0, 0x80, 0x80, 0x40, 0xff, 0x00, 0x40, 0x80, 0x40, 0x80,
    0x40, 0x80, 0x40, 0x01, 0x40, 0x40, 0x80, 0x40, 0x80, 0x40, 0xc0, 0x01, 0x80, 0x40, 0x40, 0x40,
    0x40, 0x40, 0x40, 0x40, 0x40, 0x40, 0x00, 0x00, 0x00, 0x07, 0x00, 0x00, 0x00, 0x00, 0x01, 0x40,
    0x02, 0x00, 0x00, 0x03, 0x00, 0x07, 0x00, 0x11, 0x00, 0x15, 0x00, 0x19, 0x00, 0x1d, 0x00, 0x21,
    0x00, 0x00, 0x11, 0x35, 0x33, 0x15, 0x13, 0x15, 0x23, 0x35, 0x31, 0x23, 0x35, 0x33, 0x15, 0x33,
    0x35, 0x33, 0x15, 0x21, 0x37, 0x23, 0x35, 0x33, 0x35, 0x15, 0x23, 0x35, 0x33, 0x35, 0x33, 0x15,
    0x21, 0x35, 0x33, 0x15, 0x40, 0xc0, 0xc0, 0x40, 0x40, 0xc0, 0x40, 0xff, 0x00, 0xc0, 0xc0, 0xc0,
    0x80, 0x80, 0x40, 0xff, 0x00, 0x40, 0x01, 0x80, 0x40, 0x40, 0xfe, 0xc0, 0x40, 0x40, 0xc0, 0x40,
    0x40, 0x80, 0x80, 0x40, 0x80, 0x40, 0x40, 0x40, 0x40, 0x40, 0x40, 0x00, 0x00, 0x06, 0x00, 0x00,
    0x00, 0x00, 0x02, 0x00, 0x02, 0xc0, 0x00, 0x17, 0x00, 0x1b, 0x00, 0x1f, 0x00, 0x23, 0x00, 0x27,
    0x00, 0x2b, 0x00, 0x00, 0x37, 0x35, 0x23, 0x15, 0x33, 0x35, 0x33, 0x15, 0x21, 0x35, 0x33, 0x11,
    0x23, 0x35, 0x21, 0x15, 0x23, 0x35, 0x23, 0x15, 0x33, 0x35, 0x33, 0x15, 0x11, 0x35, 0x33, 0x15,
    0x23, 0x35, 0x33, 0x15, 0x25, 0x23, 0x35, 0x33, 0x05, 0x35, 0x33, 0x15, 0x37, 0x35, 0x33, 0x15,
    0xc0, 0x40, 0xc0, 0x40, 0xfe, 0x80, 0x40, 0x40, 0x01, 0x80, 0x40, 0xc0, 0x40, 0x40, 0x40, 0xc0,
    0x40, 0x01, 0x00, 0x40, 0x40, 0xff, 0x00, 0x40, 0xc0, 0x40, 0x80, 0x40, 0x80, 0x40, 0x80, 0x40,
    0x01, 0x40, 0x40, 0x80, 0x40, 0x80, 0x40, 0xc0, 0x01, 0x80, 0x40, 0x40, 0x40, 0x40, 0x40, 0x40,
    0x40, 0x40, 0x40, 0x40, 0x40, 0x40, 0x00, 0x00, 0x00, 0x08, 0x00, 0x00, 0x00, 0x00, 0x01, 0x80,
    0x02, 0x80, 0x00, 0x03, 0x00, 0x07, 0x00, 0x0b, 0x00, 0x0f, 0x00, 0x19, 0x00, 0x1d, 0x00, 0x21,
    0x00, 0x25, 0x00, 0x00, 0x13, 0x35, 0x33, 0x15, 0x23, 0x35, 0x33, 0x15, 0x37, 0x35, 0x33, 0x15,
    0x03, 0x15, 0x23, 0x35, 0x31, 0x23, 0x35, 0x33, 0x15, 0x33, 0x35, 0x33, 0x15, 0x21, 0x37, 0x23,
    0x35, 0x33, 0x27, 0x35, 0x33, 0x15, 0x37, 0x35, 0x33, 0x15, 0xc0, 0x40, 0xc0, 0x40, 0x80, 0x40,
    0x40, 0xc0, 0x40, 0x40, 0xc0, 0x40, 0xff, 0x00, 0xc0, 0xc0, 0xc0, 0x80, 0x40, 0x80, 0x40, 0x01,
    0x80, 0x40, 0x40, 0x40, 0x40, 0x80, 0x40, 0x40, 0xfe, 0x40, 0x40, 0x40, 0xc0, 0x40, 0x40, 0x80,
    0x80, 0x40, 0x80, 0x40, 0x40, 0x80, 0x40, 0x40, 0x00, 0x06, 0xff, 0xc0, 0x00, 0x00, 0x01, 0x80,
    0x02, 0xc0, 0x00, 0x17, 0x00, 0x1b, 0x00, 0x1f, 0x00, 0x23, 0x00, 0x27, 0x00, 0x2b, 0x00, 0x00,
    0x37, 0x35, 0x23, 0x15, 0x33, 0x35, 0x33, 0x15, 0x21, 0x35, 0x33, 0x11, 0x23, 0x35, 0x21, 0x15,
    0x23, 0x35, 0x23, 0x15, 0x33, 0x35, 0x33, 0x15, 0x11, 0x35, 0x33, 0x15, 0x23, 0x35, 0x33, 0x15,
    0x27, 0x35, 0x33, 0x15, 0x33, 0x35, 0x33, 0x15, 0x25, 0x23, 0x35, 0x33, 0xc0, 0x40, 0xc0, 0x40,
    0xfe, 0x80, 0x40, 0x40, 0x01, 0x80, 0x40, 0xc0, 0x40, 0x40, 0x40, 0xc0, 0x40, 0xc0, 0x40, 0x80,
    0x40, 0xff, 0x00, 0x40, 0x40, 0x80, 0x40, 0x80, 0x40, 0x80, 0x40, 0x01, 0x40, 0x40, 0x80, 0x40,
    0x80, 0x40, 0xc0, 0x01, 0x80, 0x40, 0x40, 0x40, 0x40, 0x40, 0x40, 0x40, 0x40, 0x40, 0x40, 0x40,
    0x00, 0x08, 0xff, 0xc0, 0x00, 0x00, 0x01, 0x40, 0x02, 0x80, 0x00, 0x03, 0x00, 0x07, 0x00, 0x0b,
    0x00, 0x0f, 0x00, 0x19, 0x00, 0x1d, 0x00, 0x21, 0x00, 0x25, 0x00, 0x00, 0x13, 0x35, 0x33, 0x15,
    0x23, 0x35, 0x33, 0x15, 0x27, 0x35, 0x33, 0x15, 0x13, 0x15, 0x23, 0x35, 0x31, 0x23, 0x35, 0x33,
    0x15, 0x33, 0x35, 0x33, 0x15, 0x21, 0x37, 0x23, 0x35, 0x33, 0x27, 0x35, 0x33, 0x15, 0x27, 0x23,
    0x35, 0x33, 0xc0, 0x40, 0xc0, 0x40, 0x80, 0x40, 0xc0, 0xc0, 0x40, 0x40, 0xc0, 0x40, 0xff, 0x00,
    0xc0, 0xc0, 0xc0, 0x80, 0x40, 0xc0, 0x40, 0x40, 0x01, 0x80, 0x40, 0x40, 0x40, 0x40, 0x80, 0x40,
    0x40, 0xfe, 0x40, 0x40, 0x40, 0xc0, 0x40, 0x40, 0x80, 0x80, 0x40, 0x80, 0x40, 0x40, 0x80, 0x40,
    0x00, 0x05, 0x00, 0x00, 0x00, 0x00, 0x01, 0xc0, 0x02, 0xc0, 0x00, 0x17, 0x00, 0x1b, 0x00, 0x1f,
    0x00, 0x25, 0x00, 0x29, 0x00, 0x00, 0x37, 0x35, 0x23, 0x15, 0x33, 0x35, 0x33, 0x15, 0x21, 0x35,
    0x33, 0x11, 0x23, 0x35, 0x21, 0x15, 0x23, 0x35, 0x23, 0x15, 0x33, 0x35, 0x33, 0x15, 0x11, 0x35,
    0x33, 0x15, 0x23, 0x35, 0x33, 0x15, 0x37, 0x35, 0x23, 0x35, 0x33, 0x15, 0x21, 0x35, 0x33, 0x15,
    0xc0, 0x40, 0xc0, 0x40, 0xfe, 0x80, 0x40, 0x40, 0x01, 0x80, 0x40, 0xc0, 0x40, 0x40, 0x40, 0xc0,
    0x40, 0xc0, 0x40, 0x80, 0xff, 0x00, 0x40, 0x80, 0x40, 0x80, 0x40, 0x80, 0x40, 0x01, 0x40, 0x40,
    0x80, 0x40, 0x80, 0x40, 0xc0, 0x01, 0x80, 0x40, 0x40, 0x40, 0x40, 0x40, 0x40, 0x40, 0x80, 0x40,
    0x40, 0x00, 0x00, 0x00, 0x00, 0x07, 0x00, 0x00, 0x00, 0x00, 0x01, 0x80, 0x02, 0x40, 0x00, 0x03,
    0x00, 0x07, 0x00, 0x0d, 0x00, 0x11, 0x00, 0x1b, 0x00, 0x1f, 0x00, 0x23, 0x00, 0x00, 0x13, 0x35,
    0x33, 0x15, 0x23, 0x35, 0x33, 0x15, 0x37, 0x35, 0x23, 0x35, 0x33, 0x15, 0x03, 0x15, 0x23, 0x35,
    0x31, 0x23, 0x35, 0x33, 0x15, 0x33, 0x35, 0x33, 0x15, 0x21, 0x37, 0x23, 0x35, 0x33, 0x27, 0x35,
    0x33, 0x15, 0xc0, 0x40, 0xc0, 0x40, 0xc0, 0x40, 0x80, 0x80, 0xc0, 0x40, 0x40, 0xc0, 0x40, 0xff,
    0x00, 0xc0, 0xc0, 0xc0, 0x80, 0x40, 0x01, 0x80, 0x40, 0x40, 0x40, 0x40, 0x40, 0x40, 0x40, 0x80,
    0xfe, 0x80, 0x40, 0x40, 0xc0, 0x40, 0x40, 0x80, 0x80, 0x40, 0x80, 0x40, 0x40, 0x00, 0x00, 0x00,
    0x00, 0x07, 0x00, 0x00, 0x00, 0x00, 0x01, 0x80, 0x03, 0x00, 0x00, 0x17, 0x00, 0x1b, 0x00, 0x1f,
    0x00, 0x23, 0x00, 0x29, 0x00, 0x2d, 0x00, 0x31, 0x00, 0x00, 0x37, 0x35, 0x23, 0x15, 0x33, 0x35,
    0x33, 0x15, 0x21, 0x35, 0x33, 0x11, 0x23, 0x35, 0x21, 0x15, 0x23, 0x35, 0x23, 0x15, 0x33, 0x35,
    0x33, 0x15, 0x11, 0x35, 0x33, 0x15, 0x23, 0x35, 0x33, 0x15, 0x27, 0x35, 0x33, 0x15, 0x17, 0x35,
    0x33, 0x15, 0x23, 0x15, 0x37, 0x35, 0x33, 0x15, 0x21, 0x35, 0x33, 0x15, 0xc0, 0x40, 0xc0, 0x40,
    0xfe, 0x80, 0x40, 0x40, 0x01, 0x80, 0x40, 0xc0, 0x40, 0x40, 0x40, 0xc0, 0x40, 0x80, 0x40, 0x40,
    0x80, 0x40, 0x40, 0x40, 0xff, 0x00, 0x40, 0x80, 0x40, 0x80, 0x40, 0x80, 0x40, 0x01, 0x40, 0x40,
    0x80, 0x40, 0x80, 0x40, 0xc0, 0x01, 0x80, 0x40, 0x40, 0x40, 0x40, 0x80, 0x40, 0x40, 0x40, 0x80,
    0x40, 0x40, 0x80, 0x40, 0x40, 0x40, 0x40, 0x00, 0x00, 0x0a, 0x00, 0x00, 0x00, 0x00, 0x01, 0x40,
    0x02, 0xc0, 0x00, 0x03, 0x00, 0x07, 0x00, 0x0b, 0x00, 0x0f, 0x00, 0x19, 0x00, 0x1d, 0x00, 0x21,
    0x00, 0x25, 0x00, 0x29, 0x00, 0x2d, 0x00, 0x00, 0x13, 0x35, 0x33, 0x15, 0x23, 0x35, 0x33, 0x15,
    0x27, 0x35, 0x33, 0x15, 0x13, 0x15, 0x23, 0x35, 0x31, 0x23, 0x35, 0x33, 0x15, 0x33, 0x35, 0x33,
    0x15, 0x21, 0x37, 0x23, 0x35, 0x33, 0x27, 0x35, 0x33, 0x15, 0x37, 0x15, 0x23, 0x35, 0x33, 0x35,
    0x33, 0x15, 0x21, 0x35, 0x33, 0x15, 0xc0, 0x40, 0xc0, 0x40, 0x80, 0x40, 0xc0, 0xc0, 0x40, 0x40,
    0xc0, 0x40, 0xff, 0x00, 0xc0, 0xc0, 0xc0, 0x80, 0x40, 0x40, 0x80, 0x80, 0x40, 0xff, 0x00, 0x40,
    0x01, 0x80, 0x40, 0x40, 0x40, 0x40, 0xc0, 0x40, 0x40, 0xfe, 0x00, 0x40, 0x40, 0xc0, 0x40, 0x40,
    0x80, 0x80, 0x40, 0x80, 0x40, 0x40, 0xc0, 0x40, 0x40, 0x40, 0x40, 0x40, 0x40, 0x00, 0x00, 0x00,
    0x00, 0x05, 0x00, 0x00, 0xff, 0x80, 0x01, 0x80, 0x02, 0x80, 0x00, 0x03, 0x00, 0x1b, 0x00, 0x1f,
    0x00, 0x23, 0x00, 0x27, 0x00, 0x00, 0x17, 0x35, 0x33, 0x15, 0x03, 0x35, 0x23, 0x15, 0x33, 0x35,
    0x33, 0x15, 0x21, 0x35, 0x33, 0x11, 0x23, 0x35, 0x21, 0x15, 0x23, 0x35, 0x23, 0x15, 0x33, 0x35,
    0x33, 0x15, 0x11, 0x35, 0x33, 0x15, 0x23, 0x35, 0x33, 0x15, 0x3d, 0x01, 0x33, 0x15, 0xc0, 0x40,
    0x40, 0x40, 0xc0, 0x40, 0xfe, 0x80, 0x40, 0x40, 0x01, 0x80, 0x40, 0xc0, 0x40, 0x40, 0x40, 0xc0,
    0x40, 0x40, 0x80, 0x40, 0x40, 0x01, 0x00, 0x40, 0x80, 0x40, 0x80, 0x40, 0x01, 0x40, 0x40, 0x80,
    0x40, 0x80, 0x40, 0xc0, 0x01, 0x80, 0x40, 0x40, 0x40, 0x40, 0x40, 0x40, 0x40, 0x00, 0x00, 0x00,
    0x00, 0x07, 0x00, 0x00, 0xff, 0x80, 0x01, 0x40, 0x02, 0x00, 0x00, 0x03, 0x00, 0x07, 0x00, 0x0b,
    0x00, 0x0f, 0x00, 0x19, 0x00, 0x1d, 0x00, 0x21, 0x00, 0x00, 0x17, 0x35, 0x33, 0x15, 0x11, 0x35,
    0x33, 0x15, 0x23, 0x35, 0x33, 0x15, 0x13, 0x15, 0x23, 0x35, 0x31, 0x23, 0x35, 0x33, 0x15, 0x33,
    0x35, 0x33, 0x15, 0x21, 0x37, 0x23, 0x35, 0x33, 0x27, 0x35, 0x33, 0x15, 0x80, 0x40, 0x40, 0xc0,
    0x40, 0x80, 0xc0, 0x40, 0x40, 0xc0, 0x40, 0xff, 0x00, 0xc0, 0xc0, 0xc0, 0x80, 0x40, 0x80, 0x40,
    0x40, 0x02, 0x00, 0x40, 0x40, 0x40, 0x40, 0xfe, 0xc0, 0x40, 0x40, 0xc0, 0x40, 0x40, 0x80, 0x80,
    0x40, 0x80, 0x40, 0x40, 0x00, 0x04, 0x00, 0x00, 0x00, 0x00, 0x00, 0xc0, 0x02, 0xc0, 0x00, 0x03,
    0x00, 0x0f, 0x00, 0x13, 0x00, 0x17, 0x00, 0x00, 0x13, 0x35, 0x33, 0x15, 0x03, 0x35, 0x33, 0x11,
    0x23, 0x35, 0x33, 0x15, 0x23, 0x11, 0x33, 0x15, 0x03, 0x35, 0x33, 0x15, 0x27, 0x23, 0x35, 0x33,
    0x40, 0x40, 0x80, 0x40, 0x40, 0xc0, 0x40, 0x40, 0x40, 0x40, 0x40, 0x80, 0x80, 0x02, 0x00, 0x40,
    0x40, 0xfe, 0x00, 0x40, 0x01, 0x40, 0x40, 0x40, 0xfe, 0xc0, 0x40, 0x02, 0x40, 0x40, 0x40, 0x40,
    0x40, 0x00, 0x00, 0x00, 0x00, 0x04, 0x00, 0x00, 0x00, 0x00, 0x00, 0xc0, 0x02, 0x40, 0x00, 0x03,
    0x00, 0x0d, 0x00, 0x11, 0x00, 0x15, 0x00, 0x00, 0x13, 0x35, 0x33, 0x15, 0x03, 0x35, 0x33, 0x35,
    0x23, 0x35, 0x33, 0x11, 0x33, 0x15, 0x03, 0x35, 0x33, 0x15, 0x27, 0x23, 0x35, 0x33, 0x40, 0x40,
    0x80, 0x40, 0x40, 0x80, 0x40, 0x40, 0x40, 0x40, 0x80, 0x80, 0x01, 0x80, 0x40, 0x40, 0xfe, 0x80,
    0x40, 0xc0, 0x40, 0xff, 0x00, 0x40, 0x01, 0xc0, 0x40, 0x40, 0x40, 0x40, 0x00, 0x02, 0x00, 0x00,
    0xff, 0x80, 0x00, 0xc0, 0x01, 0xc0, 0x00, 0x03, 0x00, 0x0f, 0x00, 0x00, 0x17, 0x35, 0x33, 0x15,
    0x27, 0x35, 0x33, 0x11, 0x23, 0x35, 0x33, 0x15, 0x23, 0x11, 0x33, 0x15, 0x40, 0x40, 0x80, 0x40,
    0x40, 0xc0, 0x40, 0x40, 0x80, 0x40, 0x40, 0x80, 0x40, 0x01, 0x40, 0x40, 0x40, 0xfe, 0xc0, 0x40,
    0x00, 0x03, 0x00, 0x00, 0xff, 0x80, 0x00, 0xc0, 0x01, 0xc0, 0x00, 0x03, 0x00, 0x07, 0x00, 0x11,
    0x00, 0x00, 0x17, 0x35, 0x33, 0x15, 0x03, 0x35, 0x33, 0x15, 0x03, 0x35, 0x33, 0x35, 0x23, 0x35,
    0x33, 0x11, 0x33, 0x15, 0x40, 0x40, 0x40, 0x40, 0x80, 0x40, 0x40, 0x80, 0x40, 0x80, 0x40, 0x40,
    0x02, 0x00, 0x40, 0x40, 0xfe, 0x80, 0x40, 0xc0, 0x40, 0xff, 0x00, 0x40, 0x00, 0x09, 0x00, 0x00,
    0xff, 0x80, 0x01, 0xc0, 0x01, 0xc0, 0x00, 0x03, 0x00, 0x07, 0x00, 0x0b, 0x00, 0x0f, 0x00, 0x13,
    0x00, 0x17, 0x00, 0x1b, 0x00, 0x1f, 0x00, 0x23, 0x00, 0x00, 0x17, 0x35, 0x33, 0x15, 0x37, 0x15,
    0x23, 0x35, 0x33, 0x35, 0x33, 0x15, 0x21, 0x23, 0x35, 0x33, 0x21, 0x35, 0x33, 0x15, 0x21, 0x23,
    0x35, 0x33, 0x21, 0x23, 0x35, 0x33, 0x05, 0x35, 0x33, 0x15, 0x37, 0x23, 0x35, 0x33, 0xc0, 0x40,
    0x40, 0xc0, 0xc0, 0x40, 0xff, 0x00, 0x40, 0x40, 0x01, 0x00, 0x40, 0xfe, 0x80, 0x40, 0x40, 0x01,
    0x40, 0x40, 0x40, 0xfe, 0xc0, 0x40, 0xc0, 0xc0, 0xc0, 0x80, 0x40, 0x40, 0xc0, 0x40, 0x40, 0x40,
    0x40, 0x40, 0xc0, 0xc0, 0xc0, 0x40, 0x40, 0x40, 0x40, 0x40, 0x40, 0x00, 0x00, 0x05, 0x00, 0x00,
    0xff, 0x80, 0x01, 0x40, 0x01, 0x40, 0x00, 0x03, 0x00, 0x07, 0x00, 0x0b, 0x00, 0x0f, 0x00, 0x13,
    0x00, 0x00, 0x17, 0x35, 0x33, 0x15, 0x37, 0x15, 0x23, 0x35, 0x33, 0x35, 0x33, 0x15, 0x21, 0x23,
    0x35, 0x3b, 0x01, 0x23, 0x35, 0x33, 0x80, 0x40, 0x40, 0xc0, 0xc0, 0x40, 0xff, 0x00, 0x40, 0x40,
    0xc0, 0xc0, 0xc0, 0x80, 0x40, 0x40, 0xc0, 0x40, 0x40, 0xc0, 0xc0, 0xc0, 0x40, 0x00, 0x00, 0x00,
    0x00, 0x0b, 0x00, 0x00, 0x00, 0x00, 0x01, 0xc0, 0x02, 0xc0, 0x00, 0x03, 0x00, 0x07, 0x00, 0x0b,
    0x00, 0x0f, 0x00, 0x13, 0x00, 0x17, 0x00, 0x1b, 0x00, 0x1f, 0x00, 0x23, 0x00, 0x27, 0x00, 0x2b,
    0x00, 0x00, 0x13, 0x35, 0x33, 0x15, 0x13, 0x15, 0x23, 0x35, 0x33, 0x35, 0x33, 0x15, 0x21, 0x23,
    0x35, 0x33, 0x21, 0x35, 0x33, 0x15, 0x21, 0x23, 0x35, 0x33, 0x21, 0x23, 0x35, 0x33, 0x05, 0x35,
    0x33, 0x15, 0x37, 0x23, 0x35, 0x33, 0x27, 0x35, 0x33, 0x15, 0x27, 0x23, 0x35, 0x33, 0xc0, 0x40,
    0x40, 0xc0, 0xc0, 0x40, 0xff, 0x00, 0x40, 0x40, 0x01, 0x00, 0x40, 0xfe, 0x80, 0x40, 0x40, 0x01,
    0x40, 0x40, 0x40, 0xfe, 0xc0, 0x40, 0xc0, 0xc0, 0xc0, 0x40, 0x40, 0x40, 0x80, 0x80, 0x02, 0x00,
    0x40, 0x40, 0xfe, 0x40, 0x40, 0x40, 0x40, 0x40, 0x40, 0xc0, 0xc0, 0xc0, 0x40, 0x40, 0x40, 0x40,
    0x40, 0x40, 0x80, 0x40, 0x40, 0x40, 0x40, 0x00, 0x00, 0x07, 0x00, 0x00, 0x00, 0x00, 0x01, 0x40,
    0x02, 0x40, 0x00, 0x03, 0x00, 0x07, 0x00, 0x0b, 0x00, 0x0f, 0x00, 0x13, 0x00, 0x17, 0x00, 0x1b,
    0x00, 0x00, 0x13, 0x35, 0x33, 0x15, 0x13, 0x15, 0x23, 0x35, 0x33, 0x35, 0x33, 0x15, 0x21, 0x23,
    0x35, 0x3b, 0x01, 0x23, 0x35, 0x33, 0x27, 0x35, 0x33, 0x15, 0x27, 0x23, 0x35, 0x33, 0x80, 0x40,
    0x40, 0xc0, 0xc0, 0x40, 0xff, 0x00, 0x40, 0x40, 0xc0, 0xc0, 0xc0, 0x40, 0x40, 0x40, 0x80, 0x80,
    0x01, 0x80, 0x40, 0x40, 0xfe, 0xc0, 0x40, 0x40, 0xc0, 0xc0, 0xc0, 0x40, 0x80, 0x40, 0x40, 0x40,
    0x40, 0x00, 0x00, 0x00, 0x00, 0x0d, 0x00, 0x00, 0x00, 0x00, 0x02, 0x00, 0x02, 0xc0, 0x00, 0x03,
    0x00, 0x07, 0x00, 0x0b, 0x00, 0x0f, 0x00, 0x13, 0x00, 0x17, 0x00, 0x1b, 0x00, 0x1f, 0x00, 0x23,
    0x00, 0x27, 0x00, 0x2b, 0x00, 0x2f, 0x00, 0x33, 0x00, 0x00, 0x01, 0x35, 0x33, 0x15, 0x23, 0x35,
    0x33, 0x15, 0x25, 0x23, 0x35, 0x33, 0x03, 0x15, 0x23, 0x35, 0x33, 0x35, 0x33, 0x15, 0x21, 0x23,
    0x35, 0x33, 0x21, 0x35, 0x33, 0x15, 0x21, 0x23, 0x35, 0x33, 0x21, 0x23, 0x35, 0x33, 0x05, 0x35,
    0x33, 0x15, 0x37, 0x23, 0x35, 0x33, 0x27, 0x35, 0x33, 0x15, 0x37, 0x35, 0x33, 0x15, 0x01, 0x00,
    0x40, 0xc0, 0x40, 0x01, 0x00, 0x40, 0x40, 0x80, 0xc0, 0xc0, 0x40, 0xff, 0x00, 0x40, 0x40, 0x01,
    0x00, 0x40, 0xfe, 0x80, 0x40, 0x40, 0x01, 0x40, 0x40, 0x40, 0xfe, 0xc0, 0x40, 0xc0, 0xc0, 0xc0,
    0x80, 0x40, 0xc0, 0x40, 0x02, 0x00, 0x40, 0x40, 0x40, 0x40, 0x40, 0x40, 0xfd, 0xc0, 0x40, 0x40,
    0x40, 0x40, 0x40, 0xc0, 0xc0, 0xc0, 0x40, 0x40, 0x40, 0x40, 0x40, 0x40, 0x80, 0x40, 0x40, 0x40,
    0x40, 0x40, 0x00, 0x00, 0x00, 0x09, 0x00, 0x00, 0x00, 0x00, 0x01, 0x80, 0x02, 0x80, 0x00, 0x03,
    0x00, 0x07, 0x00, 0x0b, 0x00, 0x0f, 0x00, 0x13, 0x00, 0x17, 0x00, 0x1b, 0x00, 0x1f, 0x00, 0x23,
    0x00, 0x00, 0x13, 0x35, 0x33, 0x15, 0x23, 0x35, 0x33, 0x15, 0x37, 0x35, 0x33, 0x15, 0x03, 0x15,
    0x23, 0x35, 0x33, 0x35, 0x33, 0x15, 0x21, 0x23, 0x35, 0x3b, 0x01, 0x23, 0x35, 0x33, 0x27, 0x35,
    0x33, 0x15, 0x37, 0x35, 0x33, 0x15, 0xc0, 0x40, 0xc0, 0x40, 0x80, 0x40, 0x40, 0xc0, 0xc0, 0x40,
    0xff, 0x00, 0x40, 0x40, 0xc0, 0xc0, 0xc0, 0x80, 0x40, 0x80, 0x40, 0x01, 0x80, 0x40, 0x40, 0x40,
    0x40, 0x80, 0x40, 0x40, 0xfe, 0x40, 0x40, 0x40, 0xc0, 0xc0, 0xc0, 0x40, 0x80, 0x40, 0x40, 0x80,
    0x40, 0x40, 0x00, 0x00, 0x00, 0x0d, 0xff, 0xc0, 0x00, 0x00, 0x01, 0xc0, 0x02, 0xc0, 0x00, 0x03,
    0x00, 0x07, 0x00, 0x0b, 0x00, 0x0f, 0x00, 0x13, 0x00, 0x17, 0x00, 0x1b, 0x00, 0x1f, 0x00, 0x23,
    0x00, 0x27, 0x00, 0x2b, 0x00, 0x2f, 0x00, 0x33, 0x00, 0x00, 0x01, 0x35, 0x33, 0x15, 0x23, 0x35,
    0x33, 0x15, 0x27, 0x35, 0x33, 0x15, 0x01, 0x15, 0x23, 0x35, 0x33, 0x35, 0x33, 0x15, 0x21, 0x23,
    0x35, 0x33, 0x21, 0x35, 0x33, 0x15, 0x21, 0x23, 0x35, 0x33, 0x21, 0x23, 0x35, 0x33, 0x05, 0x35,
    0x33, 0x15, 0x37, 0x23, 0x35, 0x33, 0x27, 0x35, 0x33, 0x15, 0x25, 0x23, 0x35, 0x33, 0x01, 0x00,
    0x40, 0xc0, 0x40, 0xc0, 0x40, 0x01, 0x00, 0xc0, 0xc0, 0x40, 0xff, 0x00, 0x40, 0x40, 0x01, 0x00,
    0x40, 0xfe, 0x80, 0x40, 0x40, 0x01, 0x40, 0x40, 0x40, 0xfe, 0xc0, 0x40, 0xc0, 0xc0, 0xc0, 0x80,
    0x40, 0xff, 0x00, 0x40, 0x40, 0x02, 0x00, 0x40, 0x40, 0x40, 0x40, 0x40, 0x40, 0x40, 0xfe, 0x00,
    0x40, 0x40, 0x40, 0x40, 0x40, 0xc0, 0xc0, 0xc0, 0x40, 0x40, 0x40, 0x40, 0x40, 0x40, 0x80, 0x40,
    0x40, 0x40, 0x40, 0x00, 0x00, 0x09, 0xff, 0xc0, 0x00, 0x00, 0x01, 0x40, 0x02, 0x80, 0x00, 0x03,
    0x00, 0x07, 0x00, 0x0b, 0x00, 0x0f, 0x00, 0x13, 0x00, 0x17, 0x00, 0x1b, 0x00, 0x1f, 0x00, 0x23,
    0x00, 0x00, 0x13, 0x35, 0x33, 0x15, 0x23, 0x35, 0x33, 0x15, 0x27, 0x35, 0x33, 0x15, 0x13, 0x15,
    0x23, 0x35, 0x33, 0x35, 0x33, 0x15, 0x21, 0x23, 0x35, 0x3b, 0x01, 0x23, 0x35, 0x33, 0x27, 0x35,
    0x33, 0x15, 0x27, 0x23, 0x35, 0x33, 0xc0, 0x40, 0xc0, 0x40, 0x80, 0x40, 0xc0, 0xc0, 0xc0, 0x40,
    0xff, 0x00, 0x40, 0x40, 0xc0, 0xc0, 0xc0, 0x80, 0x40, 0xc0, 0x40, 0x40, 0x01, 0x80, 0x40, 0x40,
    0x40, 0x40, 0x80, 0x40, 0x40, 0xfe, 0x40, 0x40, 0x40, 0xc0, 0xc0, 0xc0, 0x40, 0x80, 0x40, 0x40,
    0x80, 0x40, 0x00, 0x00, 0x00, 0x0c, 0x00, 0x00, 0x00, 0x00, 0x01, 0xc0, 0x02, 0xc0, 0x00, 0x03,
    0x00, 0x07, 0x00, 0x0d, 0x00, 0x11, 0x00, 0x15, 0x00, 0x19, 0x00, 0x1d, 0x00, 0x21, 0x00, 0x25,
    0x00, 0x29, 0x00, 0x2d, 0x00, 0x31, 0x00, 0x00, 0x01, 0x35, 0x33, 0x15, 0x23, 0x35, 0x33, 0x15,
    0x37, 0x35, 0x23, 0x35, 0x33, 0x15, 0x03, 0x15, 0x23, 0x35, 0x33, 0x35, 0x33, 0x15, 0x21, 0x23,
    0x35, 0x33, 0x21, 0x35, 0x33, 0x15, 0x21, 0x23, 0x35, 0x33, 0x21, 0x23, 0x35, 0x33, 0x05, 0x35,
    0x33, 0x15, 0x37, 0x23, 0x35, 0x33, 0x27, 0x35, 0x33, 0x15, 0x01, 0x00, 0x40, 0xc0, 0x40, 0xc0,
    0x40, 0x80, 0x80, 0xc0, 0xc0, 0x40, 0xff, 0x00, 0x40, 0x40, 0x01, 0x00, 0x40, 0xfe, 0x80, 0x40,
    0x40, 0x01, 0x40, 0x40, 0x40, 0xfe, 0xc0, 0x40, 0xc0, 0xc0, 0xc0, 0x80, 0x40, 0x02, 0x00, 0x40,
    0x40, 0x40, 0x40, 0x40, 0x40, 0x40, 0x80, 0xfe, 0x00, 0x40, 0x40, 0x40, 0x40, 0x40, 0xc0, 0xc0,
    0xc0, 0x40, 0x40, 0x40, 0x40, 0x40, 0x40, 0x80, 0x40, 0x40, 0x00, 0x00, 0x00, 0x08, 0x00, 0x00,
    0x00, 0x00, 0x01, 0x80, 0x02, 0x40, 0x00, 0x03, 0x00, 0x07, 0x00, 0x0d, 0x00, 0x11, 0x00, 0x15,
    0x00, 0x19, 0x00, 0x1d, 0x00, 0x21, 0x00, 0x00, 0x13, 0x35, 0x33, 0x15, 0x23, 0x35, 0x33, 0x15,
    0x37, 0x35, 0x23, 0x35, 0x33, 0x15, 0x03, 0x15, 0x23, 0x35, 0x33, 0x35, 0x33, 0x15, 0x21, 0x23,
    0x35, 0x3b, 0x01, 0x23, 0x35, 0x33, 0x27, 0x35, 0x33, 0x15, 0xc0, 0x40, 0xc0, 0x40, 0xc0, 0x40,
    0x80, 0x80, 0xc0, 0xc0, 0x40, 0xff, 0x00, 0x40, 0x40, 0xc0, 0xc0, 0xc0, 0x80, 0x40, 0x01, 0x80,
    0x40, 0x40, 0x40, 0x40, 0x40, 0x40, 0x40, 0x80, 0xfe, 0x80, 0x40, 0x40, 0xc0, 0xc0, 0xc0, 0x40,
    0x80, 0x40, 0x40, 0x00, 0x00, 0x0e, 0x00, 0x00, 0x00, 0x00, 0x01, 0xc0, 0x03, 0x00, 0x00, 0x03,
    0x00, 0x07, 0x00, 0x0b, 0x00, 0x0f, 0x00, 0x13, 0x00, 0x17, 0x00, 0x1b, 0x00, 0x1f, 0x00, 0x23,
    0x00, 0x27, 0x00, 0x2b, 0x00, 0x31, 0x00, 0x35, 0x00, 0x39, 0x00, 0x00, 0x01, 0x35, 0x33, 0x15,
    0x23, 0x35, 0x33, 0x15, 0x27, 0x35, 0x33, 0x15, 0x13, 0x15, 0x23, 0x35, 0x33, 0x35, 0x33, 0x15,
    0x21, 0x23, 0x35, 0x33, 0x21, 0x35, 0x33, 0x15, 0x21, 0x23, 0x35, 0x33, 0x21, 0x23, 0x35, 0x33,
    0x05, 0x35, 0x33, 0x15, 0x37, 0x23, 0x35, 0x33, 0x27, 0x35, 0x33, 0x15, 0x23, 0x15, 0x37, 0x35,
    0x33, 0x15, 0x21, 0x35, 0x33, 0x15, 0x01, 0x00, 0x40, 0xc0, 0x40, 0x80, 0x40, 0xc0, 0xc0, 0xc0,
    0x40, 0xff, 0x00, 0x40, 0x40, 0x01, 0x00, 0x40, 0xfe, 0x80, 0x40, 0x40, 0x01, 0x40, 0x40, 0x40,
    0xfe, 0xc0, 0x40, 0xc0, 0xc0, 0xc0, 0x80, 0x80, 0x40, 0x40, 0x40, 0xff, 0x00, 0x40, 0x02, 0x00,
    0x40, 0x40, 0x40, 0x40, 0x80, 0x40, 0x40, 0xfd, 0xc0, 0x40, 0x40, 0x40, 0x40, 0x40, 0xc0, 0xc0,
    0xc0, 0x40, 0x40, 0x40, 0x40, 0x40, 0x40, 0x80, 0x80, 0x40, 0x40, 0x80, 0x40, 0x40, 0x40, 0x40,
    0x00, 0x0b, 0x00, 0x00, 0x00, 0x00, 0x01, 0x40, 0x02, 0xc0, 0x00, 0x03, 0x00, 0x07, 0x00, 0x0b,
    0x00, 0x0f, 0x00, 0x13, 0x00, 0x17, 0x00, 0x1b, 0x00, 0x1f, 0x00, 0x23, 0x00, 0x27, 0x00, 0x2b,
    0x00, 0x00, 0x13, 0x35, 0x33, 0x15, 0x23, 0x35, 0x33, 0x15, 0x27, 0x35, 0x33, 0x15, 0x13, 0x15,
    0x23, 0x35, 0x33, 0x35, 0x33, 0x15, 0x21, 0x23, 0x35, 0x3b, 0x01, 0x23, 0x35, 0x33, 0x27, 0x35,
    0x33, 0x15, 0x37, 0x15, 0x23, 0x35, 0x33, 0x35, 0x33, 0x15, 0x21, 0x35, 0x33, 0x15, 0xc0, 0x40,
    0xc0, 0x40, 0x80, 0x40, 0xc0, 0xc0, 0xc0, 0x40, 0xff, 0x00, 0x40, 0x40, 0xc0, 0xc0, 0xc0, 0x80,
    0x40, 0x40, 0x80, 0x80, 0x40, 0xff, 0x00, 0x40, 0x01, 0x80, 0x40, 0x40, 0x40, 0x40, 0xc0, 0x40,
    0x40, 0xfe, 0x00, 0x40, 0x40, 0xc0, 0xc0, 0xc0, 0x40, 0x80, 0x40, 0x40, 0xc0, 0x40, 0x40, 0x40,
    0x40, 0x40, 0x40, 0x00, 0x00, 0x0c, 0x00, 0x00, 0xff, 0x80, 0x01, 0xc0, 0x02, 0x80, 0x00, 0x03,
    0x00, 0x07, 0x00, 0x0b, 0x00, 0x0f, 0x00, 0x13, 0x00, 0x17, 0x00, 0x1b, 0x00, 0x1f, 0x00, 0x23,
    0x00, 0x27, 0x00, 0x2b, 0x00, 0x2f, 0x00, 0x00, 0x17, 0x35, 0x33, 0x15, 0x11, 0x35, 0x33, 0x15,
    0x23, 0x35, 0x33, 0x15, 0x13, 0x15, 0x23, 0x35, 0x33, 0x35, 0x33, 0x15, 0x21, 0x23, 0x35, 0x33,
    0x21, 0x35, 0x33, 0x15, 0x21, 0x23, 0x35, 0x33, 0x21, 0x23, 0x35, 0x33, 0x05, 0x35, 0x33, 0x15,
    0x37, 0x23, 0x35, 0x33, 0x27, 0x35, 0x33, 0x15, 0xc0, 0x40, 0x40, 0xc0, 0x40, 0x80, 0xc0, 0xc0,
    0x40, 0xff, 0x00, 0x40, 0x40, 0x01, 0x00, 0x40, 0xfe, 0x80, 0x40, 0x40, 0x01, 0x40, 0x40, 0x40,
    0xfe, 0xc0, 0x40, 0xc0, 0xc0, 0xc0, 0x80, 0x40, 0x80, 0x40, 0x40, 0x02, 0x80, 0x40, 0x40, 0x40,
    0x40, 0xfe, 0x40, 0x40, 0x40, 0x40, 0x40, 0x40, 0xc0, 0xc0, 0xc0, 0x40, 0x40, 0x40, 0x40, 0x40,
    0x40, 0x80, 0x40, 0x40, 0x00, 0x08, 0x00, 0x00, 0xff, 0x80, 0x01, 0x40, 0x02, 0x00, 0x00, 0x03,
    0x00, 0x07, 0x00, 0x0b, 0x00, 0x0f, 0x00, 0x13, 0x00, 0x17, 0x00, 0x1b, 0x00, 0x1f, 0x00, 0x00,
    0x17, 0x35, 0x33, 0x15, 0x11, 0x35, 0x33, 0x15, 0x23, 0x35, 0x33, 0x15, 0x13, 0x15, 0x23, 0x35,
    0x33, 0x35, 0x33, 0x15, 0x21, 0x23, 0x35, 0x3b, 0x01, 0x23, 0x35, 0x33, 0x27, 0x35, 0x33, 0x15,
    0x80, 0x40, 0x40, 0xc0, 0x40, 0x80, 0xc0, 0xc0, 0x40, 0xff, 0x00, 0x40, 0x40, 0xc0, 0xc0, 0xc0,
    0x80, 0x40, 0x80, 0x40, 0x40, 0x02, 0x00, 0x40, 0x40, 0x40, 0x40, 0xfe, 0xc0, 0x40, 0x40, 0xc0,
    0xc0, 0xc0, 0x40, 0x80, 0x40, 0x40, 0x00, 0x00, 0x00, 0x0a, 0x00, 0x00, 0x00, 0x00, 0x02, 0x00,
    0x02, 0x80, 0x00, 0x03, 0x00, 0x07, 0x00, 0x0b, 0x00, 0x0f, 0x00, 0x15, 0x00, 0x19, 0x00, 0x1d,
    0x00, 0x21, 0x00, 0x25, 0x00, 0x29, 0x00, 0x00, 0x13, 0x35, 0x33, 0x15, 0x13, 0x15, 0x23, 0x35,
    0x33, 0x35, 0x33, 0x15, 0x21, 0x23, 0x35, 0x33, 0x21, 0x35, 0x23, 0x35, 0x33, 0x11, 0x21, 0x23,
    0x35, 0x33, 0x31, 0x35, 0x33, 0x15, 0x25, 0x35, 0x33, 0x15, 0x2b, 0x01, 0x35, 0x33, 0x27, 0x35,
    0x33, 0x15, 0xc0, 0x40, 0x40, 0xc0, 0xc0, 0x40, 0xff, 0x00, 0x40, 0x40, 0x01, 0x00, 0x40, 0x80,
    0xfe, 0x80, 0x40, 0x40, 0x40, 0x01, 0x40, 0x40, 0xc0, 0xc0, 0xc0, 0x40, 0x40, 0x02, 0x00, 0x40,
    0x40, 0xfe, 0x40, 0x40, 0x40, 0x40, 0x40, 0x40, 0xc0, 0x40, 0xff, 0x00, 0xc0, 0x40, 0x40, 0x40,
    0x80, 0x80, 0x40, 0x80, 0x40, 0x40, 0x00, 0x00, 0x00, 0x07, 0x00, 0x00, 0x00, 0x00, 0x01, 0xc0,
    0x02, 0x00, 0x00, 0x03, 0x00, 0x07, 0x00, 0x0d, 0x00, 0x11, 0x00, 0x15, 0x00, 0x19, 0x00, 0x1d,
    0x00, 0x00, 0x13, 0x35, 0x33, 0x15, 0x13, 0x15, 0x23, 0x35, 0x33, 0x35, 0x33, 0x15, 0x23, 0x15,
    0x21, 0x23, 0x35, 0x33, 0x21, 0x35, 0x33, 0x15, 0x2b, 0x01, 0x35, 0x33, 0x27, 0x35, 0x33, 0x15,
    0x80, 0x40, 0x40, 0xc0, 0xc0, 0x80, 0x40, 0xff, 0x00, 0x40, 0x40, 0x01, 0x40, 0x40, 0xc0, 0xc0,
    0xc0, 0x40, 0x40, 0x01, 0x80, 0x40, 0x40, 0xfe, 0xc0, 0x40, 0x40, 0xc0, 0x40, 0x80, 0xc0, 0x80,
    0x80, 0x40, 0x80, 0x40, 0x40, 0x00, 0x00, 0x00, 0x00, 0x0a, 0x00, 0x00, 0x00, 0x00, 0x02, 0x00,
    0x02, 0x80, 0x00, 0x03, 0x00, 0x07, 0x00, 0x0b, 0x00, 0x0f, 0x00, 0x15, 0x00, 0x19, 0x00, 0x1d,
    0x00, 0x21, 0x00, 0x25, 0x00, 0x29, 0x00, 0x00, 0x13, 0x35, 0x33, 0x15, 0x13, 0x15, 0x23, 0x35,
    0x33, 0x35, 0x33, 0x15, 0x21, 0x23, 0x35, 0x33, 0x21, 0x35, 0x23, 0x35, 0x33, 0x11, 0x21, 0x23,
    0x35, 0x33, 0x31, 0x35, 0x33, 0x15, 0x25, 0x35, 0x33, 0x15, 0x2b, 0x01, 0x35, 0x33, 0x27, 0x23,
    0x35, 0x33, 0xc0, 0x40, 0x40, 0xc0, 0xc0, 0x40, 0xff, 0x00, 0x40, 0x40, 0x01, 0x00, 0x40, 0x80,
    0xfe, 0x80, 0x40, 0x40, 0x40, 0x01, 0x40, 0x40, 0xc0, 0xc0, 0xc0, 0x80, 0x40, 0x40, 0x02, 0x00,
    0x40, 0x40, 0xfe, 0x40, 0x40, 0x40, 0x40, 0x40, 0x40, 0xc0, 0x40, 0xff, 0x00, 0xc0, 0x40, 0x40,
    0x40, 0x80, 0x80, 0x40, 0x80, 0x40, 0x00, 0x00, 0x00, 0x07, 0x00, 0x00, 0x00, 0x00, 0x01, 0xc0,
    0x02, 0x00, 0x00, 0x03, 0x00, 0x07, 0x00, 0x0d, 0x00, 0x11, 0x00, 0x15, 0x00, 0x19, 0x00, 0x1d,
    0x00, 0x00, 0x13, 0x35, 0x33, 0x15, 0x13, 0x15, 0x23, 0x35, 0x33, 0x35, 0x33, 0x15, 0x23, 0x15,
    0x21, 0x23, 0x35, 0x33, 0x21, 0x35, 0x33, 0x15, 0x2b, 0x01, 0x35, 0x33, 0x27, 0x23, 0x35, 0x33,
    0x80, 0x40, 0x40, 0xc0, 0xc0, 0x80, 0x40, 0xff, 0x00, 0x40, 0x40, 0x01, 0x40, 0x40, 0xc0, 0xc0,
    0xc0, 0x80, 0x40, 0x40, 0x01, 0x80, 0x40, 0x40, 0xfe, 0xc0, 0x40, 0x40, 0xc0, 0x40, 0x80, 0xc0,
    0x80, 0x80, 0x40, 0x80, 0x40, 0x00, 0x00, 0x00, 0x00, 0x0b, 0x00, 0x00, 0x00, 0x00, 0x02, 0x00,
    0x02, 0xc0, 0x00, 0x03, 0x00, 0x07, 0x00, 0x0b, 0x00, 0x0f, 0x00, 0x15, 0x00, 0x19, 0x00, 0x1d,
    0x00, 0x21, 0x00, 0x25, 0x00, 0x29, 0x00, 0x2d, 0x00, 0x00, 0x13, 0x35, 0x33, 0x15, 0x13, 0x15,
    0x23, 0x35, 0x33, 0x35, 0x33, 0x15, 0x21, 0x23, 0x35, 0x33, 0x21, 0x35, 0x23, 0x35, 0x33, 0x11,
    0x21, 0x23, 0x35, 0x33, 0x31, 0x35, 0x33, 0x15, 0x25, 0x35, 0x33, 0x15, 0x2b, 0x01, 0x35, 0x33,
    0x27, 0x35, 0x33, 0x15, 0x27, 0x23, 0x35, 0x33, 0xc0, 0x40, 0x40, 0xc0, 0xc0, 0x40, 0xff, 0x00,
    0x40, 0x40, 0x01, 0x00, 0x40, 0x80, 0xfe, 0x80, 0x40, 0x40, 0x40, 0x01, 0x40, 0x40, 0xc0, 0xc0,
    0xc0, 0x40, 0x40, 0x40, 0x80, 0x80, 0x02, 0x00, 0x40, 0x40, 0xfe, 0x40, 0x40, 0x40, 0x40, 0x40,
    0x40, 0xc0, 0x40, 0xff, 0x00, 0xc0, 0x40, 0x40, 0x40, 0x80, 0x80, 0x40, 0x80, 0x40, 0x40, 0x40,
    0x40, 0x00, 0x00, 0x00, 0x00, 0x08, 0x00, 0x00, 0x00, 0x00, 0x01, 0xc0, 0x02, 0x40, 0x00, 0x03,
    0x00, 0x07, 0x00, 0x0d, 0x00, 0x11, 0x00, 0x15, 0x00, 0x19, 0x00, 0x1d, 0x00, 0x21, 0x00, 0x00,
    0x13, 0x35, 0x33, 0x15, 0x13, 0x15, 0x23, 0x35, 0x33, 0x35, 0x33, 0x15, 0x23, 0x15, 0x21, 0x23,
    0x35, 0x33, 0x21, 0x35, 0x33, 0x15, 0x2b, 0x01, 0x35, 0x33, 0x27, 0x35, 0x33, 0x15, 0x27, 0x23,
    0x35, 0x33, 0x80, 0x40, 0x40, 0xc0, 0xc0, 0x80, 0x40, 0xff, 0x00, 0x40, 0x40, 0x01, 0x40, 0x40,
    0xc0, 0xc0, 0xc0, 0x40, 0x40, 0x40, 0x80, 0x80, 0x01, 0x80, 0x40, 0x40, 0xfe, 0xc0, 0x40, 0x40,
    0xc0, 0x40, 0x80, 0xc0, 0x80, 0x80, 0x40, 0x80, 0x40, 0x40, 0x40, 0x40, 0x00, 0x0c, 0x00, 0x00,
    0x00, 0x00, 0x02, 0x00, 0x02, 0x80, 0x00, 0x03, 0x00, 0x07, 0x00, 0x0b, 0x00, 0x0f, 0x00, 0x15,
    0x00, 0x19, 0x00, 0x1d, 0x00, 0x21, 0x00, 0x25, 0x00, 0x29, 0x00, 0x2d, 0x00, 0x31, 0x00, 0x00,
    0x13, 0x35, 0x33, 0x15, 0x13, 0x15, 0x23, 0x35, 0x33, 0x35, 0x33, 0x15, 0x21, 0x23, 0x35, 0x33,
    0x21, 0x35, 0x23, 0x35, 0x33, 0x11, 0x21, 0x23, 0x35, 0x33, 0x31, 0x35, 0x33, 0x15, 0x25, 0x35,
    0x33, 0x15, 0x2b, 0x01, 0x35, 0x33, 0x35, 0x15, 0x23, 0x35, 0x33, 0x35, 0x33, 0x15, 0x21, 0x35,
    0x33, 0x15, 0x40, 0x40, 0xc0, 0xc0, 0xc0, 0x40, 0xff, 0x00, 0x40, 0x40, 0x01, 0x00, 0x40, 0x80,
    0xfe, 0x80, 0x40, 0x40, 0x40, 0x01, 0x40, 0x40, 0xc0, 0xc0, 0xc0, 0x80, 0x80, 0x40, 0xff, 0x00,
    0x40, 0x02, 0x00, 0x40, 0x40, 0xfe, 0x40, 0x40, 0x40, 0x40, 0x40, 0x40, 0xc0, 0x40, 0xff, 0x00,
    0xc0, 0x40, 0x40, 0x40, 0x80, 0x80, 0x40, 0x80, 0x40, 0x40, 0x40, 0x40, 0x40, 0x40, 0x00, 0x00,
    0x00, 0x09, 0x00, 0x00, 0x00, 0x00, 0x01, 0xc0, 0x02, 0x00, 0x00, 0x03, 0x00, 0x07, 0x00, 0x0d,
    0x00, 0x11, 0x00, 0x15, 0x00, 0x19, 0x00, 0x1d, 0x00, 0x21, 0x00, 0x25, 0x00, 0x00, 0x11, 0x35,
    0x33, 0x15, 0x13, 0x15, 0x23, 0x35, 0x33, 0x35, 0x33, 0x15, 0x23, 0x15, 0x21, 0x23, 0x35, 0x33,
    0x21, 0x35, 0x33, 0x15, 0x2b, 0x01, 0x35, 0x33, 0x35, 0x15, 0x23, 0x35, 0x33, 0x35, 0x33, 0x15,
    0x21, 0x35, 0x33, 0x15, 0x40, 0xc0, 0xc0, 0xc0, 0x80, 0x40, 0xff, 0x00, 0x40, 0x40, 0x01, 0x40,
    0x40, 0xc0, 0xc0, 0xc0, 0x80, 0x80, 0x40, 0xff, 0x00, 0x40, 0x01, 0x80, 0x40, 0x40, 0xfe, 0xc0,
    0x40, 0x40, 0xc0, 0x40, 0x80, 0xc0, 0x80, 0x80, 0x40, 0x80, 0x40, 0x40, 0x40, 0x40, 0x40, 0x40,
    0x00, 0x09, 0x00, 0x00, 0xff, 0x80, 0x02, 0x00, 0x02, 0x00, 0x00, 0x03, 0x00, 0x07, 0x00, 0x0b,
    0x00, 0x0f, 0x00, 0x15, 0x00, 0x19, 0x00, 0x1d, 0x00, 0x21, 0x00, 0x25, 0x00, 0x00, 0x17, 0x35,
    0x33, 0x15, 0x37, 0x15, 0x23, 0x35, 0x33, 0x35, 0x33, 0x15, 0x21, 0x23, 0x35, 0x33, 0x21, 0x35,
    0x23, 0x35, 0x33, 0x11, 0x21, 0x23, 0x35, 0x33, 0x31, 0x35, 0x33, 0x15, 0x25, 0x35, 0x33, 0x15,
    0x2b, 0x01, 0x35, 0x33, 0xc0, 0x40, 0x40, 0xc0, 0xc0, 0x40, 0xff, 0x00, 0x40, 0x40, 0x01, 0x00,
    0x40, 0x80, 0xfe, 0x80, 0x40, 0x40, 0x40, 0x01, 0x40, 0x40, 0xc0, 0xc0, 0xc0, 0x80, 0x40, 0x40,
    0xc0, 0x40, 0x40, 0x40, 0x40, 0x40, 0xc0, 0x40, 0xff, 0x00, 0xc0, 0x40, 0x40, 0x40, 0x80, 0x80,
    0x40, 0x00, 0x00, 0x00, 0x00, 0x06, 0x00, 0x00, 0xff, 0x80, 0x01, 0xc0, 0x01, 0x80, 0x00, 0x03,
    0x00, 0x07, 0x00, 0x0d, 0x00, 0x11, 0x00, 0x15, 0x00, 0x19, 0x00, 0x00, 0x17, 0x35, 0x33, 0x15,
    0x37, 0x15, 0x23, 0x35, 0x33, 0x35, 0x33, 0x15, 0x23, 0x15, 0x21, 0x23, 0x35, 0x33, 0x21, 0x35,
    0x33, 0x15, 0x2b, 0x01, 0x35, 0x33, 0x80, 0x40, 0x40, 0xc0, 0xc0, 0x80, 0x40, 0xff, 0x00, 0x40,
    0x40, 0x01, 0x40, 0x40, 0xc0, 0xc0, 0xc0, 0x80, 0x40, 0x40, 0xc0, 0x40, 0x40, 0xc0, 0x40, 0x80,
    0xc0, 0x80, 0x80, 0x40, 0x00, 0x04, 0x00, 0x00, 0xff, 0x80, 0x01, 0xc0, 0x01, 0xc0, 0x00, 0x03,
    0x00, 0x07, 0x00, 0x0f, 0x00, 0x17, 0x00, 0x00, 0x17, 0x35, 0x33, 0x15, 0x37, 0x15, 0x23, 0x35,
    0x33, 0x11, 0x23, 0x35, 0x33, 0x15, 0x23, 0x11, 0x21, 0x23, 0x11, 0x23, 0x35, 0x33, 0x15, 0x23,
    0xc0, 0x40, 0x40, 0xc0, 0xc0, 0x40, 0xc0, 0x40, 0xff, 0x00, 0x40, 0x40, 0xc0, 0x40, 0x80, 0x40,
    0x40, 0xc0, 0x40, 0x40, 0x01, 0x40, 0x40, 0x40, 0xfe, 0xc0, 0x01, 0x40, 0x40, 0x40, 0x00, 0x00,
    0x00, 0x03, 0x00, 0x00, 0xff, 0x80, 0x01, 0x80, 0x01, 0x40, 0x00, 0x0d, 0x00, 0x11, 0x00, 0x19,
    0x00, 0x00, 0x37, 0x35, 0x33, 0x35, 0x23, 0x35, 0x33, 0x15, 0x23, 0x15, 0x33, 0x15, 0x23, 0x35,
    0x07, 0x35, 0x33, 0x15, 0x27, 0x15, 0x23, 0x11, 0x23, 0x35, 0x33, 0x11, 0xc0, 0x40, 0x40, 0xc0,
    0x40, 0x40, 0x80, 0x40, 0x40, 0x40, 0x80, 0x40, 0x80, 0x40, 0x40, 0x80, 0x40, 0x40, 0xc0, 0x40,
    0x40, 0xc0, 0x40, 0x40, 0xc0, 0x40, 0x01, 0x00, 0x40, 0xff, 0x00, 0x00, 0x00, 0x06, 0x00, 0x00,
    0x00, 0x00, 0x01, 0xc0, 0x02, 0xc0, 0x00, 0x03, 0x00, 0x07, 0x00, 0x0f, 0x00, 0x17, 0x00, 0x1b,
    0x00, 0x1f, 0x00, 0x00, 0x13, 0x35, 0x33, 0x15, 0x13, 0x15, 0x23, 0x35, 0x33, 0x11, 0x23, 0x35,
    0x33, 0x15, 0x23, 0x11, 0x21, 0x23, 0x11, 0x23, 0x35, 0x33, 0x15, 0x23, 0x37, 0x35, 0x33, 0x15,
    0x27, 0x23, 0x35, 0x33, 0xc0, 0x40, 0x40, 0xc0, 0xc0, 0x40, 0xc0, 0x40, 0xff, 0x00, 0x40, 0x40,
    0xc0, 0x40, 0x80, 0x40, 0x40, 0x80, 0x80, 0x02, 0x00, 0x40, 0x40, 0xfe, 0x40, 0x40, 0x40, 0x01,
    0x40, 0x40, 0x40, 0xfe, 0xc0, 0x01, 0x40, 0x40, 0x40, 0xc0, 0x40, 0x40, 0x40, 0x40, 0x00, 0x00,
    0x00, 0x05, 0x00, 0x00, 0x00, 0x00, 0x01, 0x80, 0x02, 0x40, 0x00, 0x0d, 0x00, 0x11, 0x00, 0x15,
    0x00, 0x19, 0x00, 0x21, 0x00, 0x00, 0x37, 0x35, 0x33, 0x35, 0x23, 0x35, 0x33, 0x15, 0x23, 0x15,
    0x33, 0x15, 0x23, 0x35, 0x03, 0x35, 0x33, 0x15, 0x3d, 0x01, 0x33, 0x15, 0x27, 0x23, 0x35, 0x33,
    0x11, 0x15, 0x23, 0x11, 0x23, 0x35, 0x33, 0x11, 0xc0, 0x40, 0x40, 0xc0, 0x40, 0x40, 0x80, 0x80,
    0x40, 0x40, 0x40, 0x80, 0x80, 0x80, 0x40, 0x80, 0x40, 0x40, 0x80, 0x40, 0x40, 0xc0, 0x40, 0x40,
    0x01, 0x40, 0x40, 0x40, 0x40, 0x40, 0x40, 0x40, 0x40, 0xfe, 0x00, 0x40, 0x01, 0x00, 0x40, 0xff,
    0x00, 0x00, 0x00, 0x00, 0x00, 0x06, 0x00, 0x00, 0x00, 0x00, 0x02, 0x00, 0x02, 0x80, 0x00, 0x03,
    0x00, 0x07, 0x00, 0x11, 0x00, 0x19, 0x00, 0x1d, 0x00, 0x21, 0x00, 0x00, 0x13, 0x35, 0x33, 0x15,
    0x13, 0x15, 0x23, 0x35, 0x33, 0x11, 0x23, 0x35, 0x33, 0x15, 0x33, 0x15, 0x23, 0x11, 0x21, 0x23,
    0x11, 0x23, 0x35, 0x33, 0x15, 0x23, 0x21, 0x35, 0x33, 0x15, 0x25, 0x35, 0x33, 0x15, 0xc0, 0x40,
    0x40, 0xc0, 0xc0, 0x40, 0x80, 0x40, 0x40, 0xff, 0x00, 0x40, 0x40, 0xc0, 0x40, 0x01, 0x40, 0x40,
    0xff, 0x00, 0x40, 0x02, 0x00, 0x40, 0x40, 0xfe, 0x40, 0x40, 0x40, 0x01, 0x40, 0x40, 0x40, 0x40,
    0xff, 0x00, 0x01, 0x40, 0x40, 0x40, 0x80, 0x80, 0xc0, 0x40, 0x40, 0x00, 0x00, 0x05, 0x00, 0x00,
    0x00, 0x00, 0x01, 0xc0, 0x02, 0x00, 0x00, 0x0f, 0x00, 0x13, 0x00, 0x17, 0x00, 0x1b, 0x00, 0x23,
    0x00, 0x00, 0x37, 0x35, 0x33, 0x35, 0x23, 0x35, 0x33, 0x15, 0x33, 0x15, 0x23, 0x15, 0x33, 0x15,
    0x23, 0x35, 0x03, 0x35, 0x33, 0x15, 0x17, 0x35, 0x33, 0x15, 0x25, 0x35, 0x33, 0x15, 0x03, 0x15,
    0x23, 0x11, 0x23, 0x35, 0x33, 0x11, 0xc0, 0x40, 0x40, 0x80, 0x40, 0x40, 0x40, 0x80, 0x80, 0x40,
    0xc0, 0x40, 0xff, 0x00, 0x40, 0x40, 0x80, 0x40, 0x80, 0x40, 0x40, 0x80, 0x40, 0x40, 0x40, 0x80,
    0x40, 0x40, 0x01, 0x40, 0x40, 0x40, 0x80, 0x80, 0x80, 0xc0, 0x40, 0x40, 0xfe, 0x80, 0x40, 0x01,
    0x00, 0x40, 0xff, 0x00, 0x00, 0x06, 0x00, 0x00, 0x00, 0x00, 0x02, 0x00, 0x02, 0x80, 0x00, 0x03,
    0x00, 0x07, 0x00, 0x11, 0x00, 0x19, 0x00, 0x1d, 0x00, 0x21, 0x00, 0x00, 0x13, 0x35, 0x33, 0x15,
    0x13, 0x15, 0x23, 0x35, 0x33, 0x11, 0x23, 0x35, 0x33, 0x15, 0x33, 0x15, 0x23, 0x11, 0x21, 0x23,
    0x11, 0x23, 0x35, 0x33, 0x15, 0x23, 0x21, 0x35, 0x33, 0x15, 0x25, 0x23, 0x35, 0x33, 0xc0, 0x40,
    0x40, 0xc0, 0xc0, 0x40, 0x80, 0x40, 0x40, 0xff, 0x00, 0x40, 0x40, 0xc0, 0x40, 0x01, 0x40, 0x40,
    0xfe, 0xc0, 0x40, 0x40, 0x02, 0x00, 0x40, 0x40, 0xfe, 0x40, 0x40, 0x40, 0x01, 0x40, 0x40, 0x40,
    0x40, 0xff, 0x00, 0x01, 0x40, 0x40, 0x40, 0x80, 0x80, 0xc0, 0x40, 0x00, 0x00, 0x05, 0x00, 0x00,
    0x00, 0x00, 0x01, 0xc0, 0x02, 0x00, 0x00, 0x0f, 0x00, 0x13, 0x00, 0x17, 0x00, 0x1b, 0x00, 0x23,
    0x00, 0x00, 0x37, 0x35, 0x33, 0x35, 0x23, 0x35, 0x33, 0x15, 0x33, 0x15, 0x23, 0x15, 0x33, 0x15,
    0x23, 0x35, 0x03, 0x35, 0x33, 0x15, 0x17, 0x35, 0x33, 0x15, 0x25, 0x23, 0x35, 0x33, 0x13, 0x15,
    0x23, 0x11, 0x23, 0x35, 0x33, 0x11, 0xc0, 0x40, 0x40, 0x80, 0x40, 0x40, 0x40, 0x80, 0x80, 0x40,
    0xc0, 0x40, 0xfe, 0xc0, 0x40, 0x40, 0x40, 0x80, 0x40, 0x80, 0x40, 0x40, 0x80, 0x40, 0x40, 0x40,
    0x80, 0x40, 0x40, 0x01, 0x40, 0x40, 0x40, 0x80, 0x80, 0x80, 0xc0, 0x40, 0xfe, 0x40, 0x40, 0x01,
    0x00, 0x40, 0xff, 0x00, 0x00, 0x07, 0x00, 0x00, 0x00, 0x00, 0x02, 0x00, 0x02, 0xc0, 0x00, 0x03,
    0x00, 0x07, 0x00, 0x11, 0x00, 0x19, 0x00, 0x1d, 0x00, 0x21, 0x00, 0x25, 0x00, 0x00, 0x13, 0x35,
    0x33, 0x15, 0x13, 0x15, 0x23, 0x35, 0x33, 0x11, 0x23, 0x35, 0x33, 0x15, 0x33, 0x15, 0x23, 0x11,
    0x21, 0x23, 0x11, 0x23, 0x35, 0x33, 0x15, 0x23, 0x21, 0x35, 0x33, 0x15, 0x25, 0x35, 0x33, 0x15,
    0x27, 0x23, 0x35, 0x33, 0xc0, 0x40, 0x40, 0xc0, 0xc0, 0x40, 0x80, 0x40, 0x40, 0xff, 0x00, 0x40,
    0x40, 0xc0, 0x40, 0x01, 0x40, 0x40, 0xff, 0x00, 0x40, 0x40, 0x80, 0x80, 0x02, 0x00, 0x40, 0x40,
    0xfe, 0x40, 0x40, 0x40, 0x01, 0x40, 0x40, 0x40, 0x40, 0xff, 0x00, 0x01, 0x40, 0x40, 0x40, 0x80,
    0x80, 0xc0, 0x40, 0x40, 0x40, 0x40, 0x00, 0x00, 0x00, 0x06, 0x00, 0x00, 0x00, 0x00, 0x01, 0xc0,
    0x02, 0x40, 0x00, 0x0f, 0x00, 0x13, 0x00, 0x17, 0x00, 0x1b, 0x00, 0x1f, 0x00, 0x27, 0x00, 0x00,
    0x37, 0x35, 0x33, 0x35, 0x23, 0x35, 0x33, 0x15, 0x33, 0x15, 0x23, 0x15, 0x33, 0x15, 0x23, 0x35,
    0x03, 0x35, 0x33, 0x15, 0x17, 0x35, 0x33, 0x15, 0x25, 0x35, 0x33, 0x15, 0x27, 0x23, 0x35, 0x33,
    0x11, 0x15, 0x23, 0x11, 0x23, 0x35, 0x33, 0x11, 0xc0, 0x40, 0x40, 0x80, 0x40, 0x40, 0x40, 0x80,
    0x80, 0x40, 0xc0, 0x40, 0xff, 0x00, 0x40, 0x40, 0x80, 0x80, 0x80, 0x40, 0x80, 0x40, 0x40, 0x80,
    0x40, 0x40, 0x40, 0x80, 0x40, 0x40, 0x01, 0x40, 0x40, 0x40, 0x80, 0x80, 0x80, 0xc0, 0x40, 0x40,
    0x40, 0x40, 0xfe, 0x00, 0x40, 0x01, 0x00, 0x40, 0xff, 0x00, 0x00, 0x00, 0x00, 0x08, 0x00, 0x00,
    0x00, 0x00, 0x02, 0x00, 0x02, 0x80, 0x00, 0x03, 0x00, 0x07, 0x00, 0x11, 0x00, 0x19, 0x00, 0x1d,
    0x00, 0x21, 0x00, 0x25, 0x00, 0x29, 0x00, 0x00, 0x13, 0x35, 0x33, 0x15, 0x13, 0x15, 0x23, 0x35,
    0x33, 0x11, 0x23, 0x35, 0x33, 0x15, 0x33, 0x15, 0x23, 0x11, 0x21, 0x23, 0x11, 0x23, 0x35, 0x33,
    0x15, 0x23, 0x21, 0x35, 0x33, 0x15, 0x27, 0x15, 0x23, 0x35, 0x33, 0x35, 0x33, 0x15, 0x21, 0x35,
    0x33, 0x15, 0x40, 0x40, 0xc0, 0xc0, 0xc0, 0x40, 0x80, 0x40, 0x40, 0xff, 0x00, 0x40, 0x40, 0xc0,
    0x40, 0x01, 0x40, 0x40, 0xc0, 0x80, 0x80, 0x40, 0xff, 0x00, 0x40, 0x02, 0x00, 0x40, 0x40, 0xfe,
    0x40, 0x40, 0x40, 0x01, 0x40, 0x40, 0x40, 0x40, 0xff, 0x00, 0x01, 0x40, 0x40, 0x40, 0x80, 0x80,
    0xc0, 0x40, 0x40, 0x40, 0x40, 0x40, 0x40, 0x00, 0x00, 0x07, 0x00, 0x00, 0x00, 0x00, 0x01, 0xc0,
    0x02, 0x00, 0x00, 0x0f, 0x00, 0x13, 0x00, 0x17, 0x00, 0x1b, 0x00, 0x1f, 0x00, 0x23, 0x00, 0x2b,
    0x00, 0x00, 0x37, 0x35, 0x33, 0x35, 0x23, 0x35, 0x33, 0x15, 0x33, 0x15, 0x23, 0x15, 0x33, 0x15,
    0x23, 0x35, 0x01, 0x35, 0x33, 0x15, 0x05, 0x35, 0x33, 0x15, 0x27, 0x15, 0x23, 0x35, 0x33, 0x35,
    0x33, 0x15, 0x21, 0x35, 0x33, 0x15, 0x13, 0x15, 0x23, 0x11, 0x23, 0x35, 0x33, 0x11, 0xc0, 0x40,
    0x40, 0x80, 0x40, 0x40, 0x40, 0x80, 0xff, 0x00, 0x40, 0x01, 0x40, 0x40, 0xc0, 0x80, 0x80, 0x40,
    0xff, 0x00, 0x40, 0x40, 0x80, 0x40, 0x80, 0x40, 0x40, 0x80, 0x40, 0x40, 0x40, 0x80, 0x40, 0x40,
    0x01, 0x40, 0x40, 0x40, 0x80, 0x80, 0x80, 0xc0, 0x40, 0x40, 0x40, 0x40, 0x40, 0x40, 0xfe, 0x80,
    0x40, 0x01, 0x00, 0x40, 0xff, 0x00, 0x00, 0x00, 0x00, 0x05, 0x00, 0x00, 0xff, 0x80, 0x02, 0x00,
    0x02, 0x00, 0x00, 0x03, 0x00, 0x07, 0x00, 0x11, 0x00, 0x19, 0x00, 0x1d, 0x00, 0x00, 0x17, 0x35,
    0x33, 0x15, 0x37, 0x15, 0x23, 0x35, 0x33, 0x11, 0x23, 0x35, 0x33, 0x15, 0x33, 0x15, 0x23, 0x11,
    0x21, 0x23, 0x11, 0x23, 0x35, 0x33, 0x15, 0x23, 0x21, 0x35, 0x33, 0x15, 0xc0, 0x40, 0x40, 0xc0,
    0xc0, 0x40, 0x80, 0x40, 0x40, 0xff, 0x00, 0x40, 0x40, 0xc0, 0x40, 0x01, 0x40, 0x40, 0x80, 0x40,
    0x40, 0xc0, 0x40, 0x40, 0x01, 0x40, 0x40, 0x40, 0x40, 0xff, 0x00, 0x01, 0x40, 0x40, 0x40, 0x80,
    0x80, 0x00, 0x00, 0x00, 0x00, 0x04, 0x00, 0x00, 0xff, 0x80, 0x01, 0xc0, 0x01, 0x80, 0x00, 0x0f,
    0x00, 0x13, 0x00, 0x17, 0x00, 0x1f, 0x00, 0x00, 0x37, 0x35, 0x33, 0x35, 0x23, 0x35, 0x33, 0x15,
    0x33, 0x15, 0x23, 0x15, 0x33, 0x15, 0x23, 0x35, 0x07, 0x35, 0x33, 0x15, 0x13, 0x35, 0x33, 0x15,
    0x05, 0x15, 0x23, 0x11, 0x23, 0x35, 0x33, 0x11, 0xc0, 0x40, 0x40, 0x80, 0x40, 0x40, 0x40, 0x80,
    0x40, 0x40, 0x80, 0x40, 0xff, 0x00, 0x80, 0x40, 0x80, 0x40, 0x40, 0x80, 0x40, 0x40, 0x40, 0x80,
    0x40, 0x40, 0xc0, 0x40, 0x40, 0x01, 0x80, 0x80, 0x80, 0xc0, 0x40, 0x01, 0x00, 0x40, 0xff, 0x00,
    0x00, 0x07, 0x00, 0x00, 0x00, 0x00, 0x01, 0xc0, 0x02, 0x80, 0x00, 0x03, 0x00, 0x0b, 0x00, 0x0f,
    0x00, 0x13, 0x00, 0x1b, 0x00, 0x23, 0x00, 0x27, 0x00, 0x00, 0x13, 0x35, 0x33, 0x15, 0x03, 0x35,
    0x33, 0x35, 0x33, 0x15, 0x33, 0x15, 0x03, 0x35, 0x33, 0x15, 0x2b, 0x01, 0x35, 0x3b, 0x01, 0x35,
    0x23, 0x35, 0x33, 0x15, 0x23, 0x15, 0x21, 0x23, 0x35, 0x23, 0x35, 0x33, 0x15, 0x23, 0x37, 0x23,
    0x35, 0x33, 0xc0, 0x40, 0x80, 0x40, 0x40, 0x40, 0x40, 0x40, 0x80, 0x40, 0x40, 0x80, 0x40, 0xc0,
    0x40, 0xff, 0x00, 0x40, 0x40, 0xc0, 0x40, 0x40, 0x40, 0x40, 0x02, 0x00, 0x40, 0x40, 0xfe, 0x00,
    0x40, 0xc0, 0xc0, 0x40, 0x01, 0x00, 0x40, 0x40, 0x40, 0x40, 0x40, 0x40, 0x40, 0x40, 0x40, 0x40,
    0xc0, 0x40, 0x00, 0x00, 0x00, 0x06, 0x00, 0x00, 0xff, 0x80, 0x01, 0x40, 0x02, 0x00, 0x00, 0x03,
    0x00, 0x07, 0x00, 0x0b, 0x00, 0x11, 0x00, 0x17, 0x00, 0x1b, 0x00, 0x00, 0x13, 0x35, 0x33, 0x15,
    0x03, 0x15, 0x23, 0x35, 0x33, 0x35, 0x33, 0x15, 0x35, 0x11, 0x33, 0x15, 0x23, 0x15, 0x2b, 0x01,
    0x35, 0x23, 0x35, 0x33, 0x35, 0x23, 0x35, 0x33, 0x80, 0x40, 0x40, 0x80, 0x80, 0x40, 0x80, 0x40,
    0x80, 0x40, 0x40, 0x80, 0x40, 0x40, 0x01, 0x80, 0x40, 0x40, 0xfe, 0x40, 0x40, 0x40, 0x80, 0x80,
    0x80, 0x01, 0x00, 0x40, 0xc0, 0xc0, 0x40, 0x80, 0x40, 0x00, 0x00, 0x00, 0x00, 0x06, 0x00, 0x00,
    0xff, 0x80, 0x01, 0xc0, 0x01, 0xc0, 0x00, 0x03, 0x00, 0x0b, 0x00, 0x0f, 0x00, 0x13, 0x00, 0x1b,
    0x00, 0x23, 0x00, 0x00, 0x17, 0x35, 0x33, 0x15, 0x27, 0x35, 0x33, 0x35, 0x33, 0x15, 0x33, 0x15,
    0x03, 0x35, 0x33, 0x15, 0x2b, 0x01, 0x35, 0x3b, 0x01, 0x35, 0x23, 0x35, 0x33, 0x15, 0x23, 0x15,
    0x21, 0x23, 0x35, 0x23, 0x35, 0x33, 0x15, 0x23, 0xc0, 0x40, 0x80, 0x40, 0x40, 0x40, 0x40, 0x40,
    0x80, 0x40, 0x40, 0x80, 0x40, 0xc0, 0x40, 0xff, 0x00, 0x40, 0x40, 0xc0, 0x40, 0x80, 0x40, 0x40,
    0x80, 0x40, 0xc0, 0xc0, 0x40, 0x01, 0x00, 0x40, 0x40, 0x40, 0x40, 0x40, 0x40, 0x40, 0x40, 0x40,
    0x40, 0x00, 0x00, 0x00, 0x00, 0x05, 0x00, 0x00, 0xff, 0x80, 0x01, 0x40, 0x01, 0x40, 0x00, 0x03,
    0x00, 0x07, 0x00, 0x0b, 0x00, 0x11, 0x00, 0x17, 0x00, 0x00, 0x05, 0x35, 0x33, 0x15, 0x27, 0x15,
    0x23, 0x35, 0x33, 0x35, 0x33, 0x15, 0x35, 0x11, 0x33, 0x15, 0x23, 0x15, 0x2b, 0x01, 0x35, 0x23,
    0x35, 0x33, 0x01, 0x00, 0x40, 0xc0, 0x80, 0x80, 0x40, 0x80, 0x40, 0x80, 0x40, 0x40, 0x80, 0x80,
    0x40, 0x40, 0x40, 0x40, 0x40, 0x80, 0x80, 0x80, 0x01, 0x00, 0x40, 0xc0, 0xc0, 0x40, 0x00, 0x00,
    0x00, 0x08, 0x00, 0x00, 0x00, 0x00, 0x01, 0xc0, 0x02, 0xc0, 0x00, 0x03, 0x00, 0x0b, 0x00, 0x0f,
    0x00, 0x13, 0x00, 0x1b, 0x00, 0x23, 0x00, 0x27, 0x00, 0x2b, 0x00, 0x00, 0x13, 0x35, 0x33, 0x15,
    0x03, 0x35, 0x33, 0x35, 0x33, 0x15, 0x33, 0x15, 0x03, 0x35, 0x33, 0x15, 0x2b, 0x01, 0x35, 0x3b,
    0x01, 0x35, 0x23, 0x35, 0x33, 0x15, 0x23, 0x15, 0x21, 0x23, 0x35, 0x23, 0x35, 0x33, 0x15, 0x23,
    0x37, 0x35, 0x33, 0x15, 0x27, 0x23, 0x35, 0x33, 0xc0, 0x40, 0x80, 0x40, 0x40, 0x40, 0x40, 0x40,
    0x80, 0x40, 0x40, 0x80, 0x40, 0xc0, 0x40, 0xff, 0x00, 0x40, 0x40, 0xc0, 0x40, 0x80, 0x40, 0x40,
    0x80, 0x80, 0x02, 0x00, 0x40, 0x40, 0xfe, 0x00, 0x40, 0xc0, 0xc0, 0x40, 0x01, 0x00, 0x40, 0x40,
    0x40, 0x40, 0x40, 0x40, 0x40, 0x40, 0x40, 0x40, 0xc0, 0x40, 0x40, 0x40, 0x40, 0x00, 0x00, 0x00,
    0x00, 0x07, 0x00, 0x00, 0xff, 0x80, 0x01, 0x40, 0x02, 0x40, 0x00, 0x03, 0x00, 0x07, 0x00, 0x0b,
    0x00, 0x11, 0x00, 0x17, 0x00, 0x1b, 0x00, 0x1f, 0x00, 0x00, 0x13, 0x35, 0x33, 0x15, 0x03, 0x15,
    0x23, 0x35, 0x33, 0x35, 0x33, 0x15, 0x35, 0x11, 0x33, 0x15, 0x23, 0x15, 0x2b, 0x01, 0x35, 0x23,
    0x35, 0x33, 0x37, 0x35, 0x33, 0x15, 0x27, 0x23, 0x35, 0x33, 0x80, 0x40, 0x40, 0x80, 0x80, 0x40,
    0x80, 0x40, 0x80, 0x40, 0x40, 0x80, 0x40, 0x40, 0x40, 0x80, 0x80, 0x01, 0x80, 0x40, 0x40, 0xfe,
    0x40, 0x40, 0x40, 0x80, 0x80, 0x80, 0x01, 0x00, 0x40, 0xc0, 0xc0, 0x40, 0x80, 0x40, 0x40, 0x40,
    0x40, 0x00, 0x00, 0x00, 0x00, 0x09, 0x00, 0x00, 0x00, 0x00, 0x01, 0xc0, 0x02, 0x80, 0x00, 0x03,
    0x00, 0x0b, 0x00, 0x0f, 0x00, 0x13, 0x00, 0x1b, 0x00, 0x23, 0x00, 0x27, 0x00, 0x2b, 0x00, 0x2f,
    0x00, 0x00, 0x13, 0x35, 0x33, 0x15, 0x11, 0x35, 0x33, 0x35, 0x33, 0x15, 0x33, 0x15, 0x03, 0x35,
    0x33, 0x15, 0x2b, 0x01, 0x35, 0x3b, 0x01, 0x35, 0x23, 0x35, 0x33, 0x15, 0x23, 0x15, 0x21, 0x23,
    0x35, 0x23, 0x35, 0x33, 0x15, 0x23, 0x37, 0x15, 0x23, 0x35, 0x33, 0x35, 0x33, 0x15, 0x21, 0x35,
    0x33, 0x15, 0x40, 0x40, 0x40, 0x40, 0x40, 0x40, 0x40, 0x80, 0x40, 0x40, 0x80, 0x40, 0xc0, 0x40,
    0xff, 0x00, 0x40, 0x40, 0xc0, 0x40, 0xc0, 0x80, 0x80, 0x40, 0xff, 0x00, 0x40, 0x02, 0x00, 0x40,
    0x40, 0xfe, 0x00, 0x40, 0xc0, 0xc0, 0x40, 0x01, 0x00, 0x40, 0x40, 0x40, 0x40, 0x40, 0x40, 0x40,
    0x40, 0x40, 0x40, 0xc0, 0x40, 0x40, 0x40, 0x40, 0x40, 0x40, 0x00, 0x00, 0x00, 0x08, 0x00, 0x00,
    0xff, 0x80, 0x01, 0x40, 0x02, 0x00, 0x00, 0x03, 0x00, 0x07, 0x00, 0x0b, 0x00, 0x11, 0x00, 0x17,
    0x00, 0x1b, 0x00, 0x1f, 0x00, 0x23, 0x00, 0x00, 0x11, 0x35, 0x33, 0x15, 0x13, 0x15, 0x23, 0x35,
    0x33, 0x35, 0x33, 0x15, 0x35, 0x11, 0x33, 0x15, 0x23, 0x15, 0x2b, 0x01, 0x35, 0x23, 0x35, 0x33,
    0x37, 0x15, 0x23, 0x35, 0x33, 0x35, 0x33, 0x15, 0x21, 0x35, 0x33, 0x15, 0x40, 0x40, 0x80, 0x80,
    0x40, 0x80, 0x40, 0x80, 0x40, 0x40, 0x80, 0x80, 0x80, 0x80, 0x40, 0xff, 0x00, 0x40, 0x01, 0x80,
    0x40, 0x40, 0xfe, 0x40, 0x40, 0x40, 0x80, 0x80, 0x80, 0x01, 0x00, 0x40, 0xc0, 0xc0, 0x40, 0x80,
    0x40, 0x40, 0x40, 0x40, 0x40, 0x40, 0x00, 0x00, 0x00, 0x05, 0x00, 0x00, 0xff, 0x80, 0x01, 0x40,
    0x02, 0x00, 0x00, 0x03, 0x00, 0x0d, 0x00, 0x11, 0x00, 0x15, 0x00, 0x19, 0x00, 0x00, 0x05, 0x11,
    0x33, 0x11, 0x25, 0x11, 0x23, 0x35, 0x33, 0x15, 0x33, 0x15, 0x23, 0x15, 0x11, 0x35, 0x33, 0x1d,
    0x01, 0x35, 0x33, 0x15, 0x27, 0x23, 0x35, 0x33, 0x01, 0x00, 0x40, 0xff, 0x00, 0x40, 0x80, 0x40,
    0x40, 0x40, 0x40, 0x80, 0x40, 0x40, 0x80, 0x01, 0x80, 0xfe, 0x80, 0x80, 0x01, 0x00, 0x40, 0x40,
    0x40, 0xc0, 0x01, 0x80, 0x40, 0x40, 0x80, 0x40, 0x40, 0xc0, 0x40, 0x00, 0x00, 0x06, 0x00, 0x00,
    0x00, 0x00, 0x01, 0x40, 0x02, 0x00, 0x00, 0x03, 0x00, 0x07, 0x00, 0x0b, 0x00, 0x0f, 0x00, 0x13,
    0x00, 0x17, 0x00, 0x00, 0x13, 0x35, 0x33, 0x15, 0x13, 0x15, 0x23, 0x35, 0x33, 0x35, 0x33, 0x15,
    0x21, 0x23, 0x35, 0x3b, 0x01, 0x23, 0x35, 0x33, 0x27, 0x23, 0x35, 0x33, 0x80, 0x40, 0x40, 0xc0,
    0xc0, 0x40, 0xff, 0x00, 0x40, 0x40, 0xc0, 0xc0, 0xc0, 0x80, 0x40, 0x40, 0x01, 0x80, 0x40, 0x40,
    0xfe, 0xc0, 0x40, 0x40, 0xc0, 0xc0, 0xc0, 0x40, 0x80, 0x40, 0x00, 0x00, 0x00, 0x07, 0x00, 0x00,
    0xff, 0x80, 0x01, 0x40, 0x02, 0x00, 0x00, 0x03, 0x00, 0x0d, 0x00, 0x11, 0x00, 0x15, 0x00, 0x19,
    0x00, 0x1d, 0x00, 0x21, 0x00, 0x00, 0x05, 0x11, 0x33, 0x11, 0x25, 0x11, 0x23, 0x35, 0x33, 0x15,
    0x33, 0x15, 0x23, 0x15, 0x03, 0x35, 0x33, 0x15, 0x17, 0x35, 0x33, 0x15, 0x35, 0x15, 0x23, 0x35,
    0x33, 0x35, 0x33, 0x15, 0x21, 0x35, 0x33, 0x15, 0x01, 0x00, 0x40, 0xff, 0x00, 0x40, 0x80, 0x40,
    0x40, 0x80, 0x40, 0x80, 0x40, 0x80, 0x80, 0x40, 0xff, 0x00, 0x40, 0x80, 0x01, 0x80, 0xfe, 0x80,
    0x80, 0x01, 0x00, 0x40, 0x40, 0x40, 0xc0, 0x01, 0x80, 0x40, 0x40, 0x80, 0x40, 0x40, 0xc0, 0x40,
    0x40, 0x40, 0x40, 0x40, 0x40, 0x00, 0x00, 0x00, 0x00, 0x03, 0xff, 0xc0, 0x00, 0x00, 0x02, 0x40,
    0x02, 0x00, 0x00, 0x03, 0x00, 0x1f, 0x00, 0x23, 0x00, 0x00, 0x11, 0x35, 0x33, 0x15, 0x01, 0x35,
    0x33, 0x35, 0x23, 0x15, 0x33, 0x15, 0x23, 0x35, 0x33, 0x11, 0x23, 0x35, 0x33, 0x15, 0x23, 0x15,
    0x33, 0x35, 0x23, 0x35, 0x33, 0x15, 0x23, 0x11, 0x33, 0x15, 0x01, 0x23, 0x35, 0x33, 0x40, 0x01,
    0x40, 0x40, 0xc0, 0x40, 0xc0, 0x40, 0x40, 0xc0, 0x40, 0xc0, 0x40, 0xc0, 0x40, 0x40, 0xfd, 0xc0,
    0x40, 0x40, 0x01, 0x80, 0x40, 0x40, 0xfe, 0x80, 0x40, 0x80, 0x80, 0x40, 0x40, 0x01, 0x40, 0x40,
    0x40, 0x80, 0x80, 0x40, 0x40, 0xfe, 0xc0, 0x40, 0x01, 0xc0, 0x40, 0x00, 0x00, 0x0b, 0x00, 0x00,
    0x00, 0x00, 0x01, 0xc0, 0x02, 0x00, 0x00, 0x03, 0x00, 0x07, 0x00, 0x0b, 0x00, 0x0f, 0x00, 0x13,
    0x00, 0x17, 0x00, 0x1b, 0x00, 0x1f, 0x00, 0x23, 0x00, 0x27, 0x00, 0x2b, 0x00, 0x00, 0x13, 0x35,
    0x33, 0x15, 0x01, 0x15, 0x23, 0x35, 0x23, 0x15, 0x23, 0x35, 0x21, 0x35, 0x33, 0x15, 0x21, 0x35,
    0x33, 0x15, 0x2b, 0x01, 0x35, 0x33, 0x21, 0x23, 0x35, 0x33, 0x05, 0x35, 0x33, 0x15, 0x37, 0x15,
    0x23, 0x35, 0x33, 0x35, 0x33, 0x15, 0x21, 0x35, 0x33, 0x15, 0x40, 0x40, 0x01, 0x00, 0x80, 0x40,
    0x80, 0x01, 0x40, 0x40, 0xff, 0x00, 0x40, 0xc0, 0x40, 0x40, 0x01, 0x40, 0x40, 0x40, 0xfe, 0xc0,
    0x40, 0xc0, 0x80, 0x80, 0x40, 0xff, 0x00, 0x40, 0x01, 0x80, 0x40, 0x40, 0xfe, 0xc0, 0x40, 0x40,
    0x40, 0x40, 0xc0, 0xc0, 0x80, 0x80, 0xc0, 0x40, 0x40, 0x40, 0x40, 0xc0, 0x40, 0x40, 0x40, 0x40,
    0x40, 0x40, 0x00, 0x00, 0x00, 0x0a, 0xff, 0xc0, 0x00, 0x00, 0x02, 0x00, 0x02, 0x00, 0x00, 0x03,
    0x00, 0x07, 0x00, 0x0b, 0x00, 0x0f, 0x00, 0x13, 0x00, 0x17, 0x00, 0x1b, 0x00, 0x1f, 0x00, 0x23,
    0x00, 0x27, 0x00, 0x00, 0x11, 0x35, 0x33, 0x15, 0x01, 0x15, 0x23, 0x35, 0x33, 0x35, 0x33, 0x15,
    0x21, 0x23, 0x35, 0x33, 0x21, 0x35, 0x33, 0x15, 0x21, 0x23, 0x35, 0x33, 0x21, 0x23, 0x35, 0x33,
    0x05, 0x35, 0x33, 0x15, 0x37, 0x23, 0x35, 0x33, 0x21, 0x23, 0x35, 0x33, 0x40, 0x01, 0x40, 0xc0,
    0xc0, 0x40, 0xff, 0x00, 0x40, 0x40, 0x01, 0x00, 0x40, 0xfe, 0x80, 0x40, 0x40, 0x01, 0x40, 0x40,
    0x40, 0xfe, 0xc0, 0x40, 0xc0, 0xc0, 0xc0, 0xfe, 0x80, 0x40, 0x40, 0x01, 0x80, 0x40, 0x40, 0xfe,
    0xc0, 0x40, 0x40, 0x40, 0x40, 0x40, 0xc0, 0xc0, 0xc0, 0x40, 0x40, 0x40, 0x40, 0x40, 0x40, 0x40,
    0x00, 0x01, 0x00, 0x00, 0x00, 0xc0, 0x00, 0xc0, 0x01, 0x00, 0x00, 0x03, 0x00, 0x00, 0x13, 0x15,
    0x23, 0x35, 0xc0, 0xc0, 0x01, 0x00, 0x40, 0x40, 0x00, 0x01, 0x00, 0x00, 0x00, 0xc0, 0x00, 0xc0,
    0x01, 0x00, 0x00, 0x03, 0x00, 0x00, 0x13, 0x15, 0x23, 0x35, 0xc0, 0xc0, 0x01, 0x00, 0x40, 0x40,
    0x00, 0x01, 0x00, 0x00, 0x00, 0xc0, 0x01, 0x00, 0x01, 0x00, 0x00, 0x03, 0x00, 0x00, 0x01, 0x15,
    0x21, 0x35, 0x01, 0x00, 0xff, 0x00, 0x01, 0x00, 0x40, 0x40, 0x00, 0x00, 0x00, 0x01, 0x00, 0x00,
    0x00, 0xc0, 0x01, 0x00, 0x01, 0x00, 0x00, 0x03, 0x00, 0x00, 0x01, 0x15, 0x21, 0x35, 0x01, 0x00,
    0xff, 0x00, 0x01, 0x00, 0x40, 0x40, 0x00, 0x00, 0x00, 0x01, 0x00, 0x00, 0x00, 0xc0, 0x01, 0x80,
    0x01, 0x00, 0x00, 0x03, 0x00, 0x00, 0x01, 0x15, 0x21, 0x35, 0x01, 0x80, 0xfe, 0x80, 0x01, 0x00,
    0x40, 0x40, 0x00, 0x00, 0x00, 0x01, 0x00, 0x00, 0x00, 0xc0, 0x01, 0x80, 0x01, 0x00, 0x00, 0x03,
    0x00, 0x00, 0x01, 0x15, 0x21, 0x35, 0x01, 0x80, 0xfe, 0x80, 0x01, 0x00, 0x40, 0x40, 0x00, 0x00,
    0x00, 0x02, 0x00, 0x00, 0xff, 0xc0, 0x00, 0xc0, 0x01, 0xc0, 0x00, 0x03, 0x00, 0x07, 0x00, 0x00,
    0x17, 0x11, 0x33, 0x11, 0x23, 0x11, 0x33, 0x11, 0x80, 0x40, 0xc0, 0x40, 0x40, 0x02, 0x00, 0xfe,
    0x00, 0x02, 0x00, 0xfe, 0x00, 0x00, 0x00, 0x00, 0x00, 0x02, 0x00, 0x00, 0xff, 0x40, 0x00, 0xc0,
    0x00, 0x00, 0x00, 0x03, 0x00, 0x07, 0x00, 0x00, 0x17, 0x15, 0x23, 0x35, 0x37, 0x15, 0x23, 0x35,
    0xc0, 0xc0, 0xc0, 0xc0, 0x80, 0x40, 0x40, 0x80, 0x40, 0x40, 0x00, 0x00, 0x00, 0x01, 0x00, 0x00,
    0x01, 0x40, 0x00, 0x40, 0x01, 0xc0, 0x00, 0x03, 0x00, 0x00, 0x11, 0x35, 0x33, 0x15, 0x40, 0x01,
    0x40, 0x80, 0x80, 0x00, 0x00, 0x01, 0x00, 0x00, 0x01, 0x40, 0x00, 0x40, 0x01, 0xc0, 0x00, 0x03,
    0x00, 0x00, 0x11, 0x35, 0x33, 0x15, 0x40, 0x01, 0x40, 0x80, 0x80, 0x00, 0x00, 0x01, 0x00, 0x00,
    0xff, 0xc0, 0x00, 0x40, 0x00, 0x40, 0x00, 0x03, 0x00, 0x00, 0x15, 0x35, 0x33, 0x15, 0x40, 0x40,
    0x80, 0x80, 0x00, 0x00, 0x00, 0x01, 0x00, 0x00, 0x01, 0x40, 0x00, 0x40, 0x01, 0xc0, 0x00, 0x03,
    0x00, 0x00, 0x11, 0x35, 0x33, 0x15, 0x40, 0x01, 0x40, 0x80, 0x80, 0x00, 0x00, 0x02, 0x00, 0x00,
    0x01, 0x40, 0x00, 0xc0, 0x01, 0xc0, 0x00, 0x03, 0x00, 0x07, 0x00, 0x00, 0x13, 0x35, 0x33, 0x15,
    0x23, 0x35, 0x33, 0x15, 0x80, 0x40, 0xc0, 0x40, 0x01, 0x40, 0x80, 0x80, 0x80, 0x80, 0x00, 0x00,
    0x00, 0x02, 0x00, 0x00, 0x01, 0x40, 0x00, 0xc0, 0x01, 0xc0, 0x00, 0x03, 0x00, 0x07, 0x00, 0x00,
    0x13, 0x35, 0x33, 0x15, 0x23, 0x35, 0x33, 0x15, 0x80, 0x40, 0xc0, 0x40, 0x01, 0x40, 0x80, 0x80,
    0x80, 0x80, 0x00, 0x00, 0x00, 0x02, 0x00, 0x00, 0xff, 0xc0, 0x00, 0xc0, 0x00, 0x40, 0x00, 0x03,
    0x00, 0x07, 0x00, 0x00, 0x17, 0x35, 0x33, 0x15, 0x23, 0x35, 0x33, 0x15, 0x80, 0x40, 0xc0, 0x40,
    0x40, 0x80, 0x80, 0x80, 0x80, 0x00, 0x00, 0x00, 0x00, 0x02, 0x00, 0x00, 0x01, 0x40, 0x00, 0xc0,
    0x01, 0xc0, 0x00, 0x03, 0x00, 0x07, 0x00, 0x00, 0x13, 0x35, 0x33, 0x15, 0x23, 0x35, 0x33, 0x15,
    0x80, 0x40, 0xc0, 0x40, 0x01, 0x40, 0x80, 0x80, 0x80, 0x80, 0x00, 0x00, 0x00, 0x01, 0x00, 0x00,
    0xff, 0xc0, 0x01, 0x40, 0x01, 0xc0, 0x00, 0x0b, 0x00, 0x00, 0x17, 0x11, 0x23, 0x35, 0x33, 0x35,
    0x33, 0x15, 0x33, 0x15, 0x23, 0x11, 0x80, 0x80, 0x80, 0x40, 0x80, 0x80, 0x40, 0x01, 0x40, 0x40,
    0x80, 0x80, 0x40, 0xfe, 0xc0, 0x00, 0x00, 0x00, 0x00, 0x01, 0x00, 0x00, 0xff, 0xc0, 0x01, 0x40,
    0x01, 0xc0, 0x00, 0x13, 0x00, 0x00, 0x17, 0x35, 0x23, 0x35, 0x33, 0x35, 0x23, 0x35, 0x33, 0x35,
    0x33, 0x15, 0x33, 0x15, 0x23, 0x15, 0x33, 0x15, 0x23, 0x15, 0x80, 0x80, 0x80, 0x80, 0x80, 0x40,
    0x80, 0x80, 0x80, 0x80, 0x40, 0x80, 0x40, 0x80, 0x40, 0x80, 0x80, 0x40, 0x80, 0x40, 0x80, 0x00,
    0x00, 0x01, 0x00, 0x00, 0x00, 0x80, 0x00, 0xc0, 0x01, 0x40, 0x00, 0x03, 0x00, 0x00, 0x37, 0x23,
    0x35, 0x33, 0xc0, 0xc0, 0xc0, 0x80, 0xc0, 0x00, 0x00, 0x01, 0x00, 0x00, 0x00, 0x80, 0x00, 0xc0,
    0x01, 0x40, 0x00, 0x07, 0x00, 0x00, 0x3d, 0x01, 0x33, 0x15, 0x33, 0x15, 0x23, 0x15, 0x80, 0x40,
    0x40, 0x80, 0xc0, 0x40, 0x40, 0x40, 0x00, 0x00, 0x00, 0x03, 0x00, 0x00, 0x00, 0x00, 0x01, 0x40,
    0x00, 0x40, 0x00, 0x03, 0x00, 0x07, 0x00, 0x0b, 0x00, 0x00, 0x21, 0x35, 0x33, 0x15, 0x23, 0x35,
    0x33, 0x15, 0x23, 0x35, 0x33, 0x15, 0x01, 0x00, 0x40, 0xc0, 0x40, 0xc0, 0x40, 0x40, 0x40, 0x40,
    0x40, 0x40, 0x40, 0x00, 0x00, 0x06, 0x00, 0x00, 0x00, 0x00, 0x02, 0x00, 0x01, 0xc0, 0x00, 0x03,
    0x00, 0x07, 0x00, 0x0b, 0x00, 0x0f, 0x00, 0x13, 0x00, 0x17, 0x00, 0x00, 0x33, 0x35, 0x33, 0x15,
    0x21, 0x35, 0x33, 0x15, 0x21, 0x35, 0x33, 0x15, 0x27, 0x35, 0x33, 0x15, 0x3d, 0x01, 0x33, 0x15,
    0x2b, 0x01, 0x35, 0x33, 0x40, 0x40, 0x01, 0x00, 0x80, 0xfe, 0xc0, 0x80, 0xc0, 0x40, 0x40, 0x80,
    0x80, 0x80, 0x80, 0x80, 0x80, 0x80, 0x80, 0x80, 0x80, 0xc0, 0xc0, 0xc0, 0x80, 0x80, 0x80, 0x00,
    0x00, 0x01, 0x00, 0x00, 0x01, 0x40, 0x00, 0x40, 0x01, 0xc0, 0x00, 0x03, 0x00, 0x00, 0x11, 0x35,
    0x33, 0x15, 0x40, 0x01, 0x40, 0x80, 0x80, 0x00, 0x00, 0x02, 0x00, 0x00, 0x01, 0x40, 0x00, 0xc0,
    0x01, 0xc0, 0x00, 0x03, 0x00, 0x07, 0x00, 0x00, 0x13, 0x35, 0x33, 0x15, 0x23, 0x35, 0x33, 0x15,
    0x80, 0x40, 0xc0, 0x40, 0x01, 0x40, 0x80, 0x80, 0x80, 0x80, 0x00, 0x00, 0x00, 0x01, 0x00, 0x00,
    0x01, 0xc0, 0x00, 0xc0, 0x02, 0x00, 0x00, 0x03, 0x00, 0x00, 0x13, 0x15, 0x23, 0x35, 0xc0, 0xc0,
    0x02, 0x00, 0x40, 0x40, 0x00, 0x04, 0x00, 0x00, 0xff, 0xc0, 0x01, 0xc0, 0x02, 0x00, 0x00, 0x1f,
    0x00, 0x23, 0x00, 0x27, 0x00, 0x2b, 0x00, 0x00, 0x05, 0x35, 0x23, 0x15, 0x23, 0x35, 0x23, 0x35,
    0x23, 0x35, 0x33, 0x35, 0x33, 0x35, 0x33, 0x15, 0x33, 0x35, 0x33, 0x15, 0x33, 0x35, 0x33, 0x15,
    0x23, 0x35, 0x23, 0x11, 0x33, 0x15, 0x23, 0x15, 0x37, 0x35, 0x33, 0x15, 0x23, 0x11, 0x23, 0x11,
    0x27, 0x35, 0x23, 0x15, 0x01, 0x00, 0x40, 0x40, 0x40, 0x40, 0x40, 0x40, 0x40, 0x40, 0x40, 0x40,
    0x40, 0x40, 0x40, 0x40, 0x40, 0x40, 0x40, 0xc0, 0x40, 0x40, 0x40, 0x40, 0x40, 0x40, 0x80, 0x40,
    0xc0, 0x40, 0x80, 0x40, 0x40, 0x80, 0x40, 0xc0, 0x40, 0xff, 0x00, 0x40, 0x40, 0x80, 0x40, 0x40,
    0x01, 0x40, 0xfe, 0xc0, 0x40, 0xc0, 0xc0, 0x00, 0x00, 0x03, 0x00, 0x00, 0x00, 0x00, 0x01, 0xc0,
    0x01, 0xc0, 0x00, 0x29, 0x00, 0x2d, 0x00, 0x31, 0x00, 0x00, 0x21, 0x35, 0x23, 0x35, 0x23, 0x15,
    0x33, 0x15, 0x23, 0x35, 0x33, 0x35, 0x23, 0x35, 0x33, 0x35, 0x23, 0x35, 0x33, 0x35, 0x23, 0x35,
    0x33, 0x15, 0x33, 0x15, 0x33, 0x35, 0x23, 0x35, 0x33, 0x15, 0x23, 0x15, 0x33, 0x15, 0x23, 0x15,
    0x33, 0x15, 0x23, 0x15, 0x27, 0x35, 0x23, 0x15, 0x23, 0x35, 0x23, 0x15, 0x01, 0x40, 0x40, 0x80,
    0x40, 0xc0, 0x40, 0x40, 0x40, 0x40, 0x40, 0x40, 0x80, 0x40, 0x80, 0x40, 0xc0, 0x40, 0x40, 0x40,
    0x40, 0x40, 0x40, 0x40, 0x40, 0x40, 0x40, 0x40, 0x40, 0x40, 0x40, 0x40, 0x40, 0x40, 0x40, 0x40,
    0x40, 0x40, 0x40, 0x40, 0x40, 0x40, 0x40, 0x40, 0x40, 0x40, 0x80, 0xc0, 0x40, 0x40, 0x40, 0x40,
    0x00, 0x04, 0x00, 0x00, 0x00, 0x00, 0x02, 0x40, 0x01, 0xc0, 0x00, 0x03, 0x00, 0x07, 0x00, 0x33,
    0x00, 0x37, 0x00, 0x00, 0x21, 0x35, 0x33, 0x15, 0x21, 0x35, 0x33, 0x15, 0x25, 0x35, 0x23, 0x15,
    0x23, 0x35, 0x23, 0x15, 0x23, 0x35, 0x23, 0x15, 0x23, 0x35, 0x23, 0x35, 0x33, 0x35, 0x23, 0x35,
    0x33, 0x15, 0x23, 0x15, 0x33, 0x35, 0x33, 0x15, 0x33, 0x35, 0x33, 0x15, 0x33, 0x35, 0x23, 0x35,
    0x33, 0x15, 0x23, 0x15, 0x33, 0x15, 0x23, 0x15, 0x25, 0x35, 0x33, 0x15, 0x01, 0x80, 0x40, 0xfe,
    0xc0, 0x40, 0x01, 0x00, 0x40, 0x40, 0x40, 0x40, 0x40, 0x40, 0x40, 0x40, 0x40, 0xc0, 0x40, 0x40,
    0x40, 0x40, 0x40, 0x40, 0x40, 0xc0, 0x40, 0x40, 0x40, 0xff, 0x00, 0x40, 0x80, 0x80, 0x80, 0x80,
    0x80, 0x40, 0x40, 0x40, 0x40, 0x40, 0x40, 0x40, 0x40, 0x80, 0x40, 0x40, 0x80, 0x40, 0x40, 0x40,
    0x40, 0x80, 0x40, 0x40, 0x80, 0x40, 0x40, 0xc0, 0x80, 0x80, 0x00, 0x00, 0x00, 0x04, 0x00, 0x00,
    0x00, 0x00, 0x01, 0xc0, 0x01, 0x80, 0x00, 0x05, 0x00, 0x0b, 0x00, 0x0f, 0x00, 0x13, 0x00, 0x00,
    0x01, 0x23, 0x11, 0x23, 0x11, 0x21, 0x13, 0x15, 0x21, 0x11, 0x33, 0x15, 0x33, 0x11, 0x33, 0x11,
    0x03, 0x33, 0x15, 0x23, 0x01, 0x00, 0xc0, 0x40, 0x01, 0x00, 0x80, 0xff, 0x00, 0x40, 0xc0, 0x40,
    0xc0, 0x40, 0x40, 0x01, 0x40, 0xfe, 0xc0, 0x01, 0x80, 0xfe, 0xc0, 0x40, 0x01, 0x00, 0xc0, 0x01,
    0x40, 0xfe, 0xc0, 0x01, 0x00, 0xc0, 0x00, 0x00, 0x00, 0x04, 0x00, 0x00, 0xff, 0x80, 0x01, 0x80,
    0x01, 0xc0, 0x00, 0x07, 0x00, 0x1d, 0x00, 0x21, 0x00, 0x25, 0x00, 0x00, 0x37, 0x35, 0x33, 0x35,
    0x23, 0x35, 0x23, 0x15, 0x13, 0x35, 0x33, 0x35, 0x33, 0x15, 0x33, 0x15, 0x23, 0x11, 0x33, 0x15,
    0x23, 0x35, 0x23, 0x15, 0x23, 0x35, 0x23, 0x35, 0x33, 0x35, 0x01, 0x15, 0x21, 0x35, 0x13, 0x15,
    0x33, 0x35, 0xc0, 0x40, 0x40, 0x80, 0x80, 0x40, 0x40, 0x40, 0x40, 0x40, 0x80, 0x40, 0x80, 0x40,
    0x40, 0x01, 0x00, 0xff, 0x00, 0x80, 0x40, 0x40, 0x40, 0x40, 0x40, 0xc0, 0x01, 0x00, 0x40, 0x40,
    0x40, 0x40, 0xff, 0x00, 0x40, 0x40, 0x40, 0x40, 0xc0, 0x40, 0xfe, 0x80, 0x40, 0x40, 0x01, 0x80,
    0x40, 0x40, 0x00, 0x00, 0x00, 0x05, 0x00, 0x00, 0x00, 0x00, 0x01, 0x80, 0x01, 0xc0, 0x00, 0x03,
    0x00, 0x07, 0x00, 0x0b, 0x00, 0x1f, 0x00, 0x23, 0x00, 0x00, 0x01, 0x35, 0x33, 0x15, 0x03, 0x15,
    0x23, 0x35, 0x33, 0x35, 0x33, 0x15, 0x21, 0x23, 0x35, 0x23, 0x35, 0x33, 0x35, 0x23, 0x35, 0x33,
    0x35, 0x33, 0x15, 0x33, 0x15, 0x23, 0x15, 0x33, 0x15, 0x23, 0x13, 0x23, 0x35, 0x33, 0x01, 0x40,
    0x40, 0x40, 0xc0, 0xc0, 0x40, 0xff, 0x00, 0x40, 0x40, 0x40, 0x40, 0x40, 0x40, 0x80, 0x80, 0x80,
    0x80, 0xc0, 0xc0, 0xc0, 0x01, 0x40, 0x40, 0x40, 0xff, 0x00, 0x40, 0x40, 0x40, 0x40, 0x40, 0x40,
    0x40, 0x40, 0x40, 0x40, 0x40, 0x40, 0x40, 0x01, 0x00, 0x40, 0x00, 0x00, 0x00, 0x03, 0x00, 0x00,
    0x00, 0x00, 0x01, 0x80, 0x01, 0xc0, 0x00, 0x05, 0x00, 0x21, 0x00, 0x27, 0x00, 0x00, 0x21, 0x35,
    0x33, 0x15, 0x33, 0x15, 0x21, 0x35, 0x33, 0x35, 0x23, 0x35, 0x33, 0x35, 0x23, 0x35, 0x33, 0x15,
    0x23, 0x15, 0x33, 0x35, 0x33, 0x15, 0x33, 0x15, 0x23, 0x15, 0x23, 0x35, 0x23, 0x15, 0x33, 0x15,
    0x13, 0x35, 0x33, 0x15, 0x23, 0x15, 0x01, 0x00, 0x40, 0x40, 0xfe, 0x80, 0x40, 0x40, 0x40, 0x40,
    0xc0, 0x40, 0x40, 0x40, 0x80, 0x80, 0x40, 0x40, 0x40, 0x40, 0x80, 0x40, 0x80, 0x40, 0x40, 0x40,
    0x80, 0x40, 0x80, 0x40, 0x40, 0x80, 0x40, 0x40, 0x40, 0x40, 0x40, 0x80, 0x40, 0x01, 0x40, 0x80,
    0x40, 0x40, 0x00, 0x00, 0x00, 0x01, 0x00, 0x00, 0x00, 0x00, 0x01, 0xc0, 0x01, 0xc0, 0x00, 0x1f,
    0x00, 0x00, 0x01, 0x35, 0x23, 0x15, 0x33, 0x15, 0x23, 0x15, 0x33, 0x15, 0x23, 0x15, 0x33, 0x15,
    0x23, 0x35, 0x33, 0x35, 0x23, 0x35, 0x33, 0x35, 0x23, 0x35, 0x33, 0x35, 0x23, 0x15, 0x23, 0x35,
    0x21, 0x15, 0x01, 0x80, 0x80, 0x40, 0x40, 0x40, 0x40, 0x40, 0xc0, 0x40, 0x40, 0x40, 0x40, 0x40,
    0x80, 0x40, 0x01, 0xc0, 0x01, 0x40, 0x40, 0x40, 0x40, 0x40, 0x40, 0x40, 0x40, 0x40, 0x40, 0x40,
    0x40, 0x40, 0x40, 0x40, 0x80, 0x80, 0x00, 0x00, 0x00, 0x03, 0x00, 0x00, 0x00, 0x00, 0x01, 0x80,
    0x01, 0xc0, 0x00, 0x03, 0x00, 0x07, 0x00, 0x1f, 0x00, 0x00, 0x25, 0x35, 0x23, 0x15, 0x37, 0x23,
    0x15, 0x33, 0x1d, 0x01, 0x23, 0x15, 0x33, 0x15, 0x23, 0x35, 0x33, 0x35, 0x23, 0x35, 0x33, 0x35,
    0x23, 0x35, 0x21, 0x15, 0x33, 0x15, 0x33, 0x15, 0x23, 0x15, 0x01, 0x00, 0x80, 0x80, 0x80, 0x80,
    0x80, 0x40, 0xc0, 0x40, 0x40, 0x40, 0x40, 0x01, 0x00, 0x40, 0x40, 0x40, 0xc0, 0x40, 0x40, 0xc0,
    0x40, 0x80, 0x40, 0x40, 0x40, 0x40, 0xc0, 0x40, 0x40, 0x40, 0x40, 0x40, 0x40, 0x40, 0x00, 0x00,
    0x00, 0x04, 0x00, 0x00, 0xff, 0xc0, 0x01, 0xc0, 0x02, 0x00, 0x00, 0x07, 0x00, 0x1f, 0x00, 0x29,
    0x00, 0x2f, 0x00, 0x00, 0x37, 0x11, 0x23, 0x15, 0x23, 0x15, 0x33, 0x15, 0x11, 0x35, 0x33, 0x35,
    0x33, 0x15, 0x33, 0x15, 0x23, 0x11, 0x33, 0x15, 0x23, 0x15, 0x23, 0x35, 0x23, 0x35, 0x23, 0x35,
    0x23, 0x35, 0x33, 0x35, 0x01, 0x35, 0x23, 0x35, 0x33, 0x35, 0x23, 0x35, 0x33, 0x11, 0x03, 0x33,
    0x35, 0x33, 0x15, 0x23, 0xc0, 0x40, 0x40, 0x40, 0x40, 0x40, 0x40, 0x40, 0x40, 0x40, 0x40, 0x40,
    0x40, 0x40, 0x40, 0x01, 0x40, 0x40, 0x40, 0x40, 0x80, 0x80, 0x40, 0x40, 0x80, 0x40, 0x01, 0x40,
    0x40, 0xc0, 0x40, 0x01, 0x40, 0x40, 0x40, 0x40, 0x40, 0xfe, 0xc0, 0x40, 0x40, 0x40, 0x40, 0x40,
    0xc0, 0x40, 0xfe, 0x80, 0x40, 0x40, 0x40, 0x40, 0xff, 0x00, 0x01, 0x80, 0x40, 0x80, 0x00, 0x00,
    0x00, 0x03, 0x00, 0x00, 0x00, 0x00, 0x01, 0x80, 0x01, 0xc0, 0x00, 0x03, 0x00, 0x17, 0x00, 0x1b,
    0x00, 0x00, 0x25, 0x15, 0x23, 0x35, 0x31, 0x23, 0x35, 0x23, 0x35, 0x33, 0x35, 0x23, 0x35, 0x21,
    0x35, 0x33, 0x15, 0x33, 0x15, 0x23, 0x15, 0x33, 0x15, 0x21, 0x13, 0x23, 0x35, 0x33, 0x01, 0x40,
    0xc0, 0x40, 0x40, 0x80, 0x80, 0x01, 0x00, 0x40, 0x40, 0xc0, 0xc0, 0xff, 0x00, 0x80, 0xc0, 0xc0,
    0x40, 0x40, 0x40, 0x40, 0x40, 0x40, 0x40, 0x40, 0x40, 0x40, 0x40, 0x40, 0x01, 0x00, 0x40, 0x00,
    0x00, 0x04, 0x00, 0x00, 0xff, 0xc0, 0x01, 0xc0, 0x02, 0x00, 0x00, 0x07, 0x00, 0x1f, 0x00, 0x23,
    0x00, 0x2b, 0x00, 0x00, 0x37, 0x11, 0x23, 0x15, 0x23, 0x15, 0x33, 0x15, 0x11, 0x35, 0x33, 0x35,
    0x33, 0x15, 0x33, 0x15, 0x23, 0x11, 0x33, 0x15, 0x23, 0x15, 0x23, 0x35, 0x23, 0x35, 0x23, 0x35,
    0x23, 0x35, 0x33, 0x35, 0x01, 0x35, 0x33, 0x15, 0x03, 0x33, 0x35, 0x33, 0x15, 0x23, 0x35, 0x23,
    0xc0, 0x40, 0x40, 0x40, 0x40, 0x40, 0x40, 0x40, 0x80, 0x80, 0x40, 0x40, 0x40, 0x40, 0x40, 0x01,
    0x40, 0x40, 0x80, 0x40, 0x40, 0x40, 0x40, 0x40, 0x01, 0x40, 0x40, 0xc0, 0x40, 0x01, 0x40, 0x40,
    0x40, 0x40, 0x40, 0xfe, 0xc0, 0x40, 0x40, 0x40, 0x40, 0x40, 0xc0, 0x40, 0xfe, 0xc0, 0x40, 0x40,
    0x01, 0x40, 0x40, 0xc0, 0x40, 0x00, 0x00, 0x00, 0x00, 0x02, 0x00, 0x00, 0x00, 0x00, 0x01, 0x40,
    0x01, 0xc0, 0x00, 0x0f, 0x00, 0x13, 0x00, 0x00, 0x25, 0x35, 0x23, 0x15, 0x33, 0x15, 0x23, 0x35,
    0x33, 0x35, 0x23, 0x15, 0x23, 0x35, 0x21, 0x15, 0x11, 0x15, 0x21, 0x35, 0x01, 0x00, 0x40, 0x40,
    0xc0, 0x40, 0x40, 0x40, 0x01, 0x40, 0xfe, 0xc0, 0xc0, 0x40, 0xc0, 0x40, 0x40, 0xc0, 0x40, 0x80,
    0x80, 0x01, 0x00, 0x40, 0x40, 0x00, 0x00, 0x00, 0x00, 0x04, 0x00, 0x00, 0x00, 0x00, 0x01, 0x40,
    0x01, 0xc0, 0x00, 0x03, 0x00, 0x07, 0x00, 0x0b, 0x00, 0x1b, 0x00, 0x00, 0x33, 0x35, 0x33, 0x15,
    0x27, 0x23, 0x35, 0x33, 0x2b, 0x01, 0x35, 0x33, 0x31, 0x35, 0x23, 0x35, 0x33, 0x35, 0x23, 0x35,
    0x21, 0x15, 0x23, 0x15, 0x33, 0x15, 0x23, 0x15, 0xc0, 0x40, 0x40, 0x40, 0x40, 0x40, 0x40, 0x40,
    0x80, 0xc0, 0xc0, 0x01, 0x40, 0x40, 0x40, 0x80, 0x40, 0x40, 0x40, 0x40, 0x40, 0x40, 0x40, 0x40,
    0x40, 0x40, 0x40, 0x40, 0x40, 0x00, 0x00, 0x00, 0x00, 0x06, 0x00, 0x00, 0x00, 0x00, 0x01, 0x80,
    0x01, 0xc0, 0x00, 0x03, 0x00, 0x07, 0x00, 0x0b, 0x00, 0x0f, 0x00, 0x13, 0x00, 0x2b, 0x00, 0x00,
    0x01, 0x35, 0x33, 0x15, 0x01, 0x35, 0x33, 0x15, 0x25, 0x33, 0x15, 0x23, 0x27, 0x33, 0x15, 0x23,
    0x07, 0x23, 0x35, 0x33, 0x31, 0x35, 0x33, 0x35, 0x23, 0x35, 0x33, 0x15, 0x33, 0x15, 0x23, 0x15,
    0x33, 0x15, 0x23, 0x15, 0x33, 0x15, 0x23, 0x35, 0x23, 0x35, 0x33, 0x35, 0x01, 0x00, 0x40, 0xfe,
    0xc0, 0x40, 0x01, 0x00, 0x40, 0x40, 0x40, 0x40, 0x40, 0xc0, 0x40, 0x40, 0x40, 0x40, 0x80, 0x40,
    0x40, 0x40, 0x40, 0x80, 0xc0, 0x40, 0x40, 0x01, 0x40, 0x40, 0x40, 0xfe, 0xc0, 0x40, 0x40, 0xc0,
    0x80, 0xc0, 0x40, 0x40, 0x40, 0x40, 0x80, 0x40, 0x80, 0x40, 0x40, 0x40, 0x40, 0x40, 0x40, 0x40,
    0x40, 0x00, 0x00, 0x00, 0x00, 0x03, 0x00, 0x00, 0x00, 0x00, 0x01, 0xc0, 0x01, 0xc0, 0x00, 0x0b,
    0x00, 0x11, 0x00, 0x17, 0x00, 0x00, 0x01, 0x23, 0x11, 0x23, 0x11, 0x23, 0x35, 0x33, 0x35, 0x33,
    0x15, 0x33, 0x07, 0x11, 0x23, 0x35, 0x33, 0x11, 0x21, 0x33, 0x11, 0x33, 0x15, 0x23, 0x01, 0x40,
    0x40, 0x40, 0x40, 0x40, 0x40, 0x40, 0xc0, 0x80, 0x40, 0x01, 0x00, 0x40, 0x40, 0x80, 0x01, 0x40,
    0xfe, 0xc0, 0x01, 0x40, 0x40, 0x40, 0x40, 0x40, 0xfe, 0xc0, 0x40, 0x01, 0x00, 0xff, 0x00, 0x40,
    0x00, 0x02, 0x00, 0x00, 0x00, 0x00, 0x01, 0x80, 0x01, 0xc0, 0x00, 0x1b, 0x00, 0x1f, 0x00, 0x00,
    0x01, 0x23, 0x15, 0x33, 0x15, 0x23, 0x15, 0x33, 0x15, 0x23, 0x15, 0x33, 0x15, 0x23, 0x35, 0x33,
    0x35, 0x23, 0x35, 0x33, 0x35, 0x23, 0x35, 0x33, 0x35, 0x23, 0x35, 0x21, 0x15, 0x33, 0x15, 0x23,
    0x01, 0x40, 0xc0, 0xc0, 0xc0, 0x80, 0x80, 0x40, 0xc0, 0x40, 0x40, 0x40, 0x40, 0x40, 0x40, 0x01,
    0x40, 0x40, 0x40, 0x01, 0x80, 0x40, 0x40, 0x40, 0x40, 0x40, 0x40, 0x40, 0x40, 0x40, 0x40, 0x40,
    0x40, 0x40, 0x40, 0x40, 0x00, 0x03, 0x00, 0x00, 0xff, 0xc0, 0x01, 0x80, 0x02, 0x00, 0x00, 0x03,
    0x00, 0x1f, 0x00, 0x23, 0x00, 0x00, 0x01, 0x23, 0x15, 0x33, 0x17, 0x23, 0x15, 0x33, 0x15, 0x23,
    0x15, 0x23, 0x35, 0x23, 0x15, 0x23, 0x35, 0x23, 0x35, 0x33, 0x11, 0x23, 0x35, 0x33, 0x35, 0x33,
    0x15, 0x33, 0x35, 0x33, 0x15, 0x33, 0x15, 0x33, 0x15, 0x23, 0x01, 0x00, 0x80, 0x80, 0x40, 0xc0,
    0xc0, 0x40, 0x40, 0x40, 0x40, 0x40, 0x40, 0x40, 0x40, 0x40, 0x40, 0x40, 0x40, 0x40, 0x40, 0x01,
    0x80, 0x80, 0x40, 0x80, 0x40, 0x40, 0x40, 0x40, 0x40, 0x40, 0x01, 0x40, 0x40, 0x40, 0x40, 0x40,
    0x80, 0xc0, 0x80, 0x00, 0x00, 0x05, 0x00, 0x00, 0x00, 0x00, 0x01, 0x40, 0x01, 0xc0, 0x00, 0x03,
    0x00, 0x07, 0x00, 0x0b, 0x00, 0x0f, 0x00, 0x13, 0x00, 0x00, 0x01, 0x35, 0x33, 0x15, 0x11, 0x15,
    0x21, 0x35, 0x25, 0x15, 0x23, 0x35, 0x31, 0x23, 0x35, 0x3b, 0x01, 0x23, 0x35, 0x33, 0x01, 0x00,
    0x40, 0xfe, 0xc0, 0x01, 0x00, 0xc0, 0x40, 0x40, 0xc0, 0xc0, 0xc0, 0x01, 0x40, 0x40, 0x40, 0xff,
    0x00, 0x40, 0x40, 0x80, 0x40, 0x40, 0xc0, 0x40, 0x00, 0x03, 0x00, 0x00, 0xff, 0xc0, 0x01, 0xc0,
    0x01, 0xc0, 0x00, 0x03, 0x00, 0x07, 0x00, 0x1d, 0x00, 0x00, 0x21, 0x15, 0x23, 0x35, 0x27, 0x15,
    0x23, 0x35, 0x25, 0x15, 0x23, 0x35, 0x23, 0x15, 0x23, 0x35, 0x23, 0x35, 0x33, 0x11, 0x33, 0x15,
    0x33, 0x35, 0x33, 0x15, 0x33, 0x15, 0x23, 0x15, 0x01, 0xc0, 0xc0, 0x80, 0x80, 0x01, 0xc0, 0xc0,
    0x40, 0x40, 0x80, 0x80, 0x40, 0x40, 0x40, 0x80, 0x80, 0x40, 0x40, 0x40, 0x40, 0x40, 0x40, 0x40,
    0x80, 0x80, 0x40, 0x40, 0x01, 0x00, 0xc0, 0x80, 0x80, 0x40, 0x40, 0x00, 0x00, 0x05, 0x00, 0x00,
    0x00, 0x00, 0x01, 0x00, 0x01, 0xc0, 0x00, 0x03, 0x00, 0x07, 0x00, 0x13, 0x00, 0x17, 0x00, 0x1b,
    0x00, 0x00, 0x33, 0x35, 0x33, 0x15, 0x3d, 0x01, 0x33, 0x15, 0x2b, 0x01, 0x35, 0x23, 0x35, 0x33,
    0x35, 0x33, 0x15, 0x33, 0x15, 0x23, 0x37, 0x35, 0x33, 0x15, 0x27, 0x35, 0x33, 0x15, 0x80, 0x40,
    0x40, 0x80, 0x40, 0x40, 0x40, 0x40, 0x40, 0x40, 0x40, 0x40, 0x80, 0x40, 0x40, 0x40, 0x40, 0x40,
    0x40, 0x40, 0x40, 0xc0, 0x80, 0x40, 0x40, 0x80, 0x80, 0x80, 0x40, 0x40, 0x00, 0x07, 0x00, 0x00,
    0x00, 0x00, 0x02, 0x40, 0x01, 0xc0, 0x00, 0x15, 0x00, 0x19, 0x00, 0x1d, 0x00, 0x21, 0x00, 0x25,
    0x00, 0x29, 0x00, 0x2d, 0x00, 0x00, 0x21, 0x35, 0x23, 0x35, 0x23, 0x15, 0x33, 0x15, 0x23, 0x35,
    0x33, 0x11, 0x23, 0x35, 0x33, 0x15, 0x33, 0x35, 0x33, 0x15, 0x23, 0x11, 0x37, 0x35, 0x33, 0x15,
    0x17, 0x15, 0x23, 0x35, 0x37, 0x35, 0x33, 0x15, 0x2b, 0x01, 0x35, 0x33, 0x31, 0x35, 0x33, 0x15,
    0x21, 0x35, 0x23, 0x15, 0x01, 0x00, 0x40, 0x40, 0x40, 0xc0, 0x40, 0x40, 0x80, 0x40, 0xc0, 0x40,
    0x80, 0x40, 0x40, 0xc0, 0x80, 0x40, 0x80, 0x40, 0x40, 0x40, 0xff, 0x00, 0x40, 0x80, 0x80, 0xc0,
    0x40, 0x40, 0x01, 0x40, 0x40, 0x40, 0x40, 0x40, 0xfe, 0x80, 0x80, 0x40, 0x40, 0x40, 0x40, 0x40,
    0x80, 0x40, 0x40, 0x40, 0x40, 0x40, 0x80, 0x80, 0x00, 0x09, 0x00, 0x00, 0x00, 0x00, 0x01, 0xc0,
    0x01, 0xc0, 0x00, 0x03, 0x00, 0x07, 0x00, 0x0b, 0x00, 0x0f, 0x00, 0x15, 0x00, 0x19, 0x00, 0x1d,
    0x00, 0x21, 0x00, 0x25, 0x00, 0x00, 0x25, 0x15, 0x23, 0x35, 0x33, 0x35, 0x33, 0x15, 0x21, 0x23,
    0x35, 0x33, 0x21, 0x35, 0x33, 0x15, 0x21, 0x35, 0x33, 0x15, 0x23, 0x15, 0x2b, 0x01, 0x35, 0x33,
    0x21, 0x35, 0x33, 0x15, 0x21, 0x35, 0x33, 0x15, 0x37, 0x23, 0x35, 0x33, 0x01, 0x40, 0xc0, 0xc0,
    0x40, 0xff, 0x00, 0x40, 0x40, 0x01, 0x00, 0x40, 0xfe, 0xc0, 0xc0, 0x80, 0x80, 0x40, 0x40, 0x01,
    0x00, 0x40, 0xfe, 0xc0, 0x40, 0xc0, 0xc0, 0xc0, 0x40, 0x40, 0x40, 0x40, 0x40, 0x40, 0xc0, 0xc0,
    0xc0, 0x80, 0x40, 0xc0, 0x40, 0x40, 0x40, 0x40, 0x40, 0x40, 0x00, 0x00, 0x00, 0x04, 0x00, 0x00,
    0x00, 0xc0, 0x02, 0x40, 0x01, 0xc0, 0x00, 0x05, 0x00, 0x0b, 0x00, 0x13, 0x00, 0x17, 0x00, 0x00,
    0x01, 0x35, 0x33, 0x11, 0x23, 0x35, 0x05, 0x11, 0x33, 0x15, 0x23, 0x15, 0x21, 0x35, 0x23, 0x35,
    0x33, 0x15, 0x23, 0x15, 0x25, 0x15, 0x23, 0x35, 0x01, 0xc0, 0x80, 0x40, 0xff, 0x00, 0x80, 0x40,
    0xff, 0x00, 0x40, 0xc0, 0x40, 0x01, 0x40, 0x40, 0x01, 0x40, 0x80, 0xff, 0x00, 0x80, 0x80, 0x01,
    0x00, 0x80, 0x80, 0xc0, 0x40, 0x40, 0xc0, 0x80, 0x80, 0x80, 0x00, 0x00, 0x00, 0x03, 0x00, 0x00,
    0x00, 0x00, 0x01, 0x80, 0x01, 0x80, 0x00, 0x0d, 0x00, 0x11, 0x00, 0x15, 0x00, 0x00, 0x25, 0x15,
    0x21, 0x35, 0x23, 0x11, 0x33, 0x35, 0x21, 0x15, 0x33, 0x15, 0x21, 0x15, 0x33, 0x35, 0x33, 0x15,
    0x27, 0x35, 0x23, 0x15, 0x01, 0x40, 0xff, 0x00, 0x40, 0x40, 0x01, 0x00, 0x40, 0xff, 0x00, 0xc0,
    0x40, 0x80, 0x80, 0x40, 0x40, 0x40, 0x01, 0x00, 0x40, 0x40, 0x80, 0x80, 0x40, 0x40, 0xc0, 0x40,
    0x40, 0x00, 0x00, 0x00, 0x00, 0x0d, 0x00, 0x00, 0x00, 0x00, 0x01, 0xc0, 0x01, 0xc0, 0x00, 0x03,
    0x00, 0x07, 0x00, 0x0b, 0x00, 0x0f, 0x00, 0x13, 0x00, 0x17, 0x00, 0x1b, 0x00, 0x1f, 0x00, 0x23,
    0x00, 0x27, 0x00, 0x2b, 0x00, 0x2f, 0x00, 0x33, 0x00, 0x00, 0x31, 0x35, 0x33, 0x15, 0x25, 0x15,
    0x23, 0x35, 0x33, 0x35, 0x33, 0x15, 0x21, 0x35, 0x33, 0x15, 0x25, 0x35, 0x33, 0x15, 0x21, 0x35,
    0x33, 0x15, 0x2b, 0x01, 0x35, 0x33, 0x17, 0x35, 0x33, 0x15, 0x3d, 0x01, 0x33, 0x15, 0x3d, 0x01,
    0x33, 0x15, 0x21, 0x35, 0x33, 0x15, 0x25, 0x35, 0x33, 0x15, 0x2b, 0x01, 0x35, 0x33, 0x40, 0x01,
    0x00, 0xc0, 0xc0, 0x40, 0xfe, 0xc0, 0x40, 0x01, 0x00, 0x40, 0xfe, 0xc0, 0x40, 0x80, 0x40, 0x40,
    0x80, 0x40, 0x40, 0x40, 0xfe, 0xc0, 0x40, 0x01, 0x00, 0x40, 0x80, 0xc0, 0xc0, 0x40, 0x40, 0x40,
    0x40, 0x40, 0x40, 0x40, 0x40, 0x40, 0x40, 0xc0, 0xc0, 0x40, 0x40, 0xc0, 0x80, 0x40, 0x40, 0x40,
    0x40, 0x40, 0x40, 0x40, 0x40, 0x40, 0x40, 0x40, 0x40, 0x40, 0x40, 0x00, 0x00, 0x01, 0x00, 0x00,
    0x00, 0xc0, 0x01, 0x00, 0x01, 0x00, 0x00, 0x03, 0x00, 0x00, 0x01, 0x15, 0x21, 0x35, 0x01, 0x00,
    0xff, 0x00, 0x01, 0x00, 0x40, 0x40, 0x00, 0x00, 0x00, 0x01, 0x00, 0x00, 0x00, 0x40, 0x01, 0x40,
    0x01, 0x80, 0x00, 0x13, 0x00, 0x00, 0x37, 0x35, 0x23, 0x35, 0x33, 0x35, 0x23, 0x35, 0x33, 0x35,
    0x33, 0x15, 0x33, 0x15, 0x23, 0x15, 0x33, 0x15, 0x23, 0x15, 0x40, 0x40, 0x80, 0x80, 0xc0, 0x40,
    0x40, 0x80, 0x80, 0xc0, 0x40, 0x40, 0x40, 0x40, 0x40, 0x40, 0x40, 0x40, 0x40, 0x40, 0x40, 0x00,
    0x00, 0x03, 0x00, 0x00, 0x00, 0x40, 0x01, 0x00, 0x01, 0x80, 0x00, 0x03, 0x00, 0x07, 0x00, 0x0b,
    0x00, 0x00, 0x25, 0x15, 0x21, 0x35, 0x25, 0x15, 0x21, 0x35, 0x25, 0x15, 0x21, 0x35, 0x01, 0x00,
    0xff, 0x00, 0x01, 0x00, 0xff, 0x00, 0x01, 0x00, 0xff, 0x00, 0x80, 0x40, 0x40, 0x80, 0x40, 0x40,
    0x80, 0x40, 0x40, 0x00, 0x00, 0x04, 0x00, 0x00, 0x00, 0x00, 0x01, 0xc0, 0x01, 0xc0, 0x00, 0x03,
    0x00, 0x07, 0x00, 0x0b, 0x00, 0x0f, 0x00, 0x00, 0x33, 0x35, 0x33, 0x15, 0x03, 0x35, 0x33, 0x15,
    0x17, 0x15, 0x23, 0x35, 0x23, 0x15, 0x23, 0x35, 0xc0, 0x40, 0x40, 0x40, 0xc0, 0x80, 0xc0, 0x80,
    0x80, 0x80, 0x01, 0x40, 0x80, 0x80, 0x40, 0x40, 0x40, 0x40, 0x40, 0x00, 0x00, 0x06, 0x00, 0x00,
    0x00, 0x00, 0x01, 0xc0, 0x01, 0xc0, 0x00, 0x03, 0x00, 0x07, 0x00, 0x0b, 0x00, 0x0f, 0x00, 0x13,
    0x00, 0x2f, 0x00, 0x00, 0x25, 0x35, 0x23, 0x15, 0x23, 0x35, 0x23, 0x15, 0x37, 0x35, 0x23, 0x15,
    0x27, 0x35, 0x23, 0x15, 0x25, 0x23, 0x15, 0x33, 0x11, 0x15, 0x23, 0x35, 0x23, 0x15, 0x23, 0x35,
    0x23, 0x35, 0x33, 0x35, 0x23, 0x35, 0x33, 0x35, 0x33, 0x15, 0x33, 0x35, 0x33, 0x15, 0x33, 0x15,
    0x23, 0x15, 0x33, 0x15, 0x01, 0x80, 0x40, 0xc0, 0x40, 0xc0, 0x40, 0x40, 0x40, 0x01, 0x40, 0x40,
    0x40, 0x80, 0x40, 0x80, 0x40, 0x80, 0x80, 0x40, 0x80, 0x40, 0x80, 0x40, 0x80, 0x80, 0x40, 0x40,
    0x40, 0x40, 0x40, 0x80, 0x40, 0x40, 0x80, 0x40, 0x40, 0x40, 0x40, 0xff, 0x00, 0x40, 0x80, 0x80,
    0x40, 0x80, 0x40, 0x80, 0x40, 0x80, 0x80, 0x40, 0x80, 0x40, 0x80, 0x00, 0x00, 0x01, 0x00, 0x00,
    0x00, 0x40, 0x01, 0x40, 0x01, 0xc0, 0x00, 0x0b, 0x00, 0x00, 0x3d, 0x01, 0x33, 0x35, 0x33, 0x35,
    0x33, 0x15, 0x33, 0x15, 0x33, 0x15, 0x40, 0x40, 0x40, 0x40, 0x40, 0x40, 0x80, 0x80, 0x80, 0x80,
    0x80, 0x80, 0x00, 0x00, 0x00, 0x04, 0x00, 0x00, 0x00, 0x40, 0x01, 0x40, 0x01, 0xc0, 0x00, 0x07,
    0x00, 0x0b, 0x00, 0x0f, 0x00, 0x13, 0x00, 0x00, 0x3d, 0x01, 0x33, 0x15, 0x33, 0x35, 0x33, 0x15,
    0x27, 0x23, 0x35, 0x33, 0x07, 0x35, 0x33, 0x15, 0x3d, 0x01, 0x33, 0x15, 0x40, 0xc0, 0x40, 0x40,
    0x40, 0x40, 0xc0, 0x40, 0x40, 0x40, 0x80, 0x40, 0x40, 0x80, 0x80, 0x80, 0x80, 0x80, 0x80, 0x80,
    0x80, 0x80, 0x00, 0x00, 0x00, 0x01, 0x00, 0x00, 0x00, 0x40, 0x01, 0x80, 0x01, 0x80, 0x00, 0x0b,
    0x00, 0x00, 0x35, 0x11, 0x33, 0x15, 0x33, 0x15, 0x33, 0x15, 0x23, 0x15, 0x23, 0x15, 0x80, 0x80,
    0x80, 0x80, 0x80, 0x40, 0x01, 0x40, 0x40, 0x40, 0x40, 0x40, 0x40, 0x00, 0x00, 0x04, 0x00, 0x00,
    0x00, 0x40, 0x01, 0x80, 0x01, 0x80, 0x00, 0x03, 0x00, 0x0b, 0x00, 0x0f, 0x00, 0x13, 0x00, 0x00,
    0x25, 0x35, 0x33, 0x15, 0x25, 0x23, 0x15, 0x33, 0x15, 0x23, 0x11, 0x33, 0x17, 0x23, 0x35, 0x33,
    0x1d, 0x01, 0x23, 0x35, 0x01, 0x00, 0x80, 0xff, 0x00, 0x40, 0x40, 0x80, 0x80, 0x80, 0x80, 0x80,
    0x80, 0xc0, 0x40, 0x40, 0x80, 0xc0, 0x40, 0x01, 0x40, 0x80, 0x40, 0x80, 0x40, 0x40, 0x00, 0x00,
    0x00, 0x01, 0x00, 0x00, 0x00, 0x40, 0x01, 0x40, 0x01, 0xc0, 0x00, 0x0b, 0x00, 0x00, 0x37, 0x35,
    0x23, 0x35, 0x23, 0x35, 0x21, 0x15, 0x23, 0x15, 0x23, 0x15, 0x80, 0x40, 0x40, 0x01, 0x40, 0x40,
    0x40, 0x40, 0x80, 0x80, 0x80, 0x80, 0x80, 0x80, 0x00, 0x04, 0x00, 0x00, 0x00, 0x40, 0x01, 0x40,
    0x01, 0xc0, 0x00, 0x03, 0x00, 0x07, 0x00, 0x0b, 0x00, 0x13, 0x00, 0x00, 0x37, 0x35, 0x33, 0x15,
    0x3d, 0x01, 0x33, 0x15, 0x2b, 0x01, 0x35, 0x3b, 0x01, 0x35, 0x23, 0x15, 0x23, 0x35, 0x21, 0x15,
    0x80, 0x40, 0x40, 0x80, 0x40, 0x40, 0x80, 0xc0, 0x40, 0x01, 0x40, 0x40, 0x80, 0x80, 0x80, 0x80,
    0x80, 0x80, 0x40, 0x40, 0x80, 0x80, 0x00, 0x00, 0x00, 0x01, 0x00, 0x00, 0x00, 0x40, 0x01, 0x80,
    0x01, 0x80, 0x00, 0x0b, 0x00, 0x00, 0x25, 0x35, 0x23, 0x35, 0x23, 0x35, 0x33, 0x35, 0x33, 0x35,
    0x33, 0x11, 0x01, 0x00, 0x80, 0x80, 0x80, 0x80, 0x80, 0x40, 0x40, 0x40, 0x40, 0x40, 0x40, 0xfe,
    0xc0, 0x00, 0x00, 0x00, 0x00, 0x02, 0x00, 0x00, 0x00, 0x40, 0x01, 0x80, 0x01, 0x80, 0x00, 0x0b,
    0x00, 0x13, 0x00, 0x00, 0x25, 0x35, 0x23, 0x35, 0x23, 0x35, 0x33, 0x35, 0x33, 0x35, 0x33, 0x11,
    0x27, 0x35, 0x23, 0x15, 0x23, 0x15, 0x33, 0x15, 0x01, 0x00, 0x80, 0x80, 0x80, 0x80, 0x80, 0x40,
    0x40, 0x80, 0x80, 0x40, 0x40, 0x40, 0x40, 0x40, 0x40, 0xfe, 0xc0, 0x40, 0xc0, 0x40, 0x40, 0x40,
    0x00, 0x02, 0x00, 0x00, 0x00, 0x00, 0x01, 0xc0, 0x01, 0xc0, 0x00, 0x03, 0x00, 0x07, 0x00, 0x00,
    0x31, 0x11, 0x21, 0x11, 0x27, 0x11, 0x21, 0x11, 0x01, 0xc0, 0x40, 0xfe, 0xc0, 0x01, 0xc0, 0xfe,
    0x40, 0x40, 0x01, 0x40, 0xfe, 0xc0, 0x00, 0x00, 0x00, 0x05, 0x00, 0x00, 0x00, 0x00, 0x01, 0xc0,
    0x01, 0xc0, 0x00, 0x03, 0x00, 0x07, 0x00, 0x0b, 0x00, 0x0f, 0x00, 0x13, 0x00, 0x00, 0x37, 0x35,
    0x33, 0x15, 0x05, 0x11, 0x21, 0x11, 0x27, 0x11, 0x21, 0x11, 0x37, 0x35, 0x33, 0x15, 0x2b, 0x01,
    0x35, 0x33, 0xc0, 0x40, 0xff, 0x00, 0x01, 0xc0, 0x40, 0xfe, 0xc0, 0xc0, 0x40, 0x80, 0x40, 0x40,
    0x80, 0x40, 0x40, 0x80, 0x01, 0xc0, 0xfe, 0x40, 0x40, 0x01, 0x40, 0xfe, 0xc0, 0x80, 0x80, 0x80,
    0x40, 0x00, 0x00, 0x00, 0x00, 0x07, 0x00, 0x00, 0x00, 0x00, 0x01, 0xc0, 0x01, 0xc0, 0x00, 0x03,
    0x00, 0x07, 0x00, 0x0b, 0x00, 0x0f, 0x00, 0x13, 0x00, 0x17, 0x00, 0x1b, 0x00, 0x00, 0x25, 0x35,
    0x33, 0x15, 0x23, 0x35, 0x33, 0x15, 0x07, 0x11, 0x21, 0x11, 0x27, 0x11, 0x21, 0x11, 0x37, 0x35,
    0x33, 0x15, 0x3d, 0x01, 0x33, 0x15, 0x2b, 0x01, 0x35, 0x33, 0x01, 0x00, 0x40, 0xc0, 0x40, 0xc0,
    0x01, 0xc0, 0x40, 0xfe, 0xc0, 0x80, 0x40, 0x40, 0x80, 0x40, 0x40, 0x80, 0x40, 0x40, 0x40, 0x40,
    0x80, 0x01, 0xc0, 0xfe, 0x40, 0x40, 0x01, 0x40, 0xfe, 0xc0, 0x80, 0x40, 0x40, 0x40, 0x40, 0x40,
    0x40, 0x00, 0x00, 0x00, 0x00, 0x08, 0x00, 0x00, 0x00, 0x00, 0x01, 0xc0, 0x02, 0x00, 0x00, 0x03,
    0x00, 0x0d, 0x00, 0x11, 0x00, 0x15, 0x00, 0x19, 0x00, 0x1d, 0x00, 0x21, 0x00, 0x25, 0x00, 0x00,
    0x25, 0x35, 0x23, 0x15, 0x33, 0x15, 0x23, 0x15, 0x23, 0x35, 0x23, 0x35, 0x21, 0x15, 0x27, 0x35,
    0x33, 0x15, 0x21, 0x35, 0x33, 0x15, 0x37, 0x35, 0x33, 0x15, 0x21, 0x35, 0x33, 0x15, 0x37, 0x23,
    0x35, 0x33, 0x07, 0x23, 0x35, 0x33, 0x01, 0x80, 0x40, 0x40, 0x80, 0xc0, 0x40, 0x01, 0xc0, 0xc0,
    0x40, 0xff, 0x00, 0x40, 0xc0, 0x40, 0xff, 0x00, 0x40, 0x80, 0x40, 0x40, 0xc0, 0x40, 0x40, 0x80,
    0x40, 0x40, 0x40, 0x40, 0x40, 0xc0, 0x80, 0xc0, 0x40, 0x40, 0x40, 0x40, 0x40, 0x40, 0x40, 0x40,
    0x40, 0x40, 0x40, 0x40, 0x40, 0x00, 0x00, 0x00, 0x00, 0x06, 0x00, 0x00, 0x00, 0x00, 0x01, 0xc0,
    0x01, 0xc0, 0x00, 0x07, 0x00, 0x0b, 0x00, 0x0f, 0x00, 0x13, 0x00, 0x17, 0x00, 0x1b, 0x00, 0x00,
    0x31, 0x35, 0x33, 0x15, 0x21, 0x35, 0x33, 0x15, 0x27, 0x23, 0x35, 0x33, 0x05, 0x35, 0x33, 0x15,
    0x37, 0x23, 0x35, 0x33, 0x07, 0x35, 0x33, 0x15, 0x3d, 0x01, 0x33, 0x15, 0x40, 0x01, 0x40, 0x40,
    0x40, 0x40, 0x40, 0xfe, 0xc0, 0x40, 0xc0, 0x40, 0x40, 0xc0, 0x40, 0x40, 0xc0, 0x80, 0x80, 0xc0,
    0xc0, 0x80, 0x80, 0x80, 0x80, 0x80, 0x40, 0x40, 0x40, 0x40, 0x40, 0x40, 0x40, 0x00, 0x00, 0x00,
    0x00, 0x01, 0x00, 0x00, 0x00, 0x00, 0x01, 0xc0, 0x01, 0xc0, 0x00, 0x0f, 0x00, 0x00, 0x31, 0x35,
    0x33, 0x35, 0x33, 0x35, 0x33, 0x35, 0x33, 0x15, 0x33, 0x15, 0x33, 0x15, 0x33, 0x15, 0x40, 0x40,
    0x40, 0x40, 0x40, 0x40, 0x40, 0xc0, 0x80, 0x40, 0x40, 0x40, 0x40, 0x80, 0xc0, 0x00, 0x00, 0x00,
    0x00, 0x03, 0x00, 0x00, 0x00, 0x00, 0x01, 0xc0, 0x01, 0xc0, 0x00, 0x03, 0x00, 0x0d, 0x00, 0x15,
    0x00, 0x00, 0x37, 0x35, 0x33, 0x15, 0x3d, 0x01, 0x33, 0x11, 0x33, 0x35, 0x33, 0x15, 0x23, 0x11,
    0x07, 0x15, 0x33, 0x15, 0x23, 0x35, 0x33, 0x35, 0x80, 0x40, 0x80, 0x40, 0x40, 0xc0, 0x80, 0x40,
    0xc0, 0x40, 0xc0, 0xc0, 0xc0, 0xc0, 0x40, 0xfe, 0x80, 0x40, 0x80, 0x01, 0x80, 0xc0, 0x80, 0x40,
    0x40, 0x80, 0x00, 0x00, 0x00, 0x06, 0x00, 0x00, 0x00, 0x00, 0x01, 0xc0, 0x01, 0xc0, 0x00, 0x03,
    0x00, 0x15, 0x00, 0x19, 0x00, 0x1d, 0x00, 0x21, 0x00, 0x25, 0x00, 0x00, 0x01, 0x35, 0x23, 0x15,
    0x33, 0x23, 0x15, 0x23, 0x15, 0x23, 0x15, 0x23, 0x35, 0x23, 0x35, 0x33, 0x35, 0x33, 0x35, 0x33,
    0x15, 0x33, 0x03, 0x35, 0x33, 0x15, 0x17, 0x15, 0x23, 0x35, 0x33, 0x35, 0x33, 0x15, 0x11, 0x33,
    0x15, 0x23, 0x01, 0x00, 0x40, 0xc0, 0x40, 0x80, 0x40, 0x40, 0x40, 0x40, 0x40, 0xc0, 0x40, 0xc0,
    0x40, 0x40, 0xc0, 0xc0, 0x40, 0x40, 0x40, 0x01, 0x40, 0x40, 0x40, 0x40, 0x40, 0x80, 0x40, 0xc0,
    0x40, 0x40, 0x40, 0xff, 0x00, 0x40, 0x40, 0x40, 0x40, 0x40, 0x40, 0x40, 0x01, 0x00, 0xc0, 0x00,
    0x00, 0x06, 0x00, 0x00, 0x00, 0x00, 0x01, 0xc0, 0x01, 0xc0, 0x00, 0x03, 0x00, 0x07, 0x00, 0x0b,
    0x00, 0x0f, 0x00, 0x13, 0x00, 0x1b, 0x00, 0x00, 0x33, 0x35, 0x33, 0x15, 0x3d, 0x01, 0x33, 0x15,
    0x2b, 0x01, 0x35, 0x3b, 0x01, 0x35, 0x33, 0x15, 0x21, 0x23, 0x35, 0x33, 0x21, 0x35, 0x21, 0x15,
    0x23, 0x35, 0x21, 0x15, 0xc0, 0x40, 0x40, 0x80, 0x40, 0x40, 0x80, 0x40, 0xff, 0x00, 0x40, 0x40,
    0x01, 0x00, 0xfe, 0xc0, 0x40, 0x01, 0xc0, 0x40, 0x40, 0x40, 0x40, 0x40, 0x40, 0x80, 0x80, 0x80,
    0x80, 0x80, 0xc0, 0xc0, 0x00, 0x01, 0x00, 0x00, 0x00, 0x00, 0x01, 0xc0, 0x01, 0xc0, 0x00, 0x0f,
    0x00, 0x00, 0x33, 0x35, 0x23, 0x35, 0x23, 0x35, 0x23, 0x35, 0x21, 0x15, 0x23, 0x15, 0x23, 0x15,
    0x23, 0x15, 0xc0, 0x40, 0x40, 0x40, 0x01, 0xc0, 0x40, 0x40, 0x40, 0x40, 0x40, 0x80, 0xc0, 0xc0,
    0x80, 0x40, 0x40, 0x00, 0x00, 0x02, 0x00, 0x00, 0x00, 0x00, 0x01, 0xc0, 0x01, 0xc0, 0x00, 0x13,
    0x00, 0x17, 0x00, 0x00, 0x33, 0x35, 0x23, 0x35, 0x23, 0x35, 0x33, 0x35, 0x33, 0x35, 0x33, 0x15,
    0x33, 0x15, 0x33, 0x15, 0x23, 0x15, 0x23, 0x15, 0x37, 0x35, 0x21, 0x15, 0x80, 0x40, 0x40, 0x40,
    0x40, 0xc0, 0x40, 0x40, 0x40, 0x40, 0x40, 0xfe, 0xc0, 0x40, 0x40, 0xc0, 0x40, 0x40, 0x40, 0x40,
    0xc0, 0x40, 0x40, 0xc0, 0x40, 0x40, 0x00, 0x00, 0x00, 0x04, 0x00, 0x00, 0x00, 0x00, 0x01, 0xc0,
    0x01, 0xc0, 0x00, 0x05, 0x00, 0x0b, 0x00, 0x11, 0x00, 0x17, 0x00, 0x00, 0x01, 0x35, 0x23, 0x35,
    0x33, 0x15, 0x21, 0x35, 0x33, 0x15, 0x23, 0x15, 0x01, 0x35, 0x33, 0x35, 0x33, 0x15, 0x21, 0x35,
    0x33, 0x15, 0x33, 0x15, 0x01, 0x80, 0x40, 0x80, 0xfe, 0x40, 0x80, 0x40, 0x01, 0x00, 0x40, 0x40,
    0xfe, 0x40, 0x40, 0x40, 0x01, 0x40, 0x40, 0x40, 0x80, 0x80, 0x40, 0x40, 0xfe, 0xc0, 0x40, 0x40,
    0x80, 0x80, 0x40, 0x40, 0x00, 0x06, 0x00, 0x00, 0x00, 0x00, 0x01, 0x40, 0x01, 0xc0, 0x00, 0x03,
    0x00, 0x07, 0x00, 0x0b, 0x00, 0x0f, 0x00, 0x13, 0x00, 0x17, 0x00, 0x00, 0x33, 0x35, 0x33, 0x15,
    0x27, 0x35, 0x33, 0x15, 0x37, 0x35, 0x33, 0x15, 0x07, 0x23, 0x35, 0x33, 0x2b, 0x01, 0x35, 0x3b,
    0x01, 0x23, 0x35, 0x33, 0x80, 0x40, 0x40, 0x40, 0x40, 0x40, 0xc0, 0x40, 0x40, 0x40, 0x40, 0x40,
    0xc0, 0xc0, 0xc0, 0x40, 0x40, 0x80, 0x40, 0x40, 0x80, 0x80, 0x80, 0x40, 0x40, 0x80, 0x40, 0x00,
    0x00, 0x01, 0x00, 0x00, 0xff, 0xc0, 0x01, 0x40, 0x01, 0xc0, 0x00, 0x0b, 0x00, 0x00, 0x17, 0x35,
    0x23, 0x35, 0x33, 0x11, 0x33, 0x11, 0x33, 0x15, 0x23, 0x15, 0x80, 0x80, 0x80, 0x40, 0x80, 0x80,
    0x40, 0x80, 0x40, 0x01, 0x40, 0xfe, 0xc0, 0x40, 0x80, 0x00, 0x00, 0x00, 0x00, 0x01, 0x00, 0x00,
    0xff, 0xc0, 0x01, 0x40, 0x01, 0xc0, 0x00, 0x1b, 0x00, 0x00, 0x17, 0x35, 0x23, 0x35, 0x33, 0x35,
    0x23, 0x35, 0x33, 0x35, 0x23, 0x35, 0x33, 0x35, 0x33, 0x15, 0x33, 0x15, 0x23, 0x15, 0x33, 0x15,
    0x23, 0x15, 0x33, 0x15, 0x23, 0x15, 0x80, 0x80, 0x80, 0x80, 0x80, 0x80, 0x80, 0x40, 0x80, 0x80,
    0x80, 0x80, 0x80, 0x80, 0x40, 0x80, 0x40, 0x40, 0x40, 0x40, 0x40, 0x40, 0x40, 0x40, 0x40, 0x40,
    0x40, 0x40, 0x80, 0x00, 0x00, 0x02, 0x00, 0x00, 0x00, 0x00, 0x01, 0xc0, 0x01, 0xc0, 0x00, 0x0f,
    0x00, 0x13, 0x00, 0x00, 0x25, 0x35, 0x23, 0x15, 0x33, 0x15, 0x23, 0x35, 0x33, 0x35, 0x23, 0x15,
    0x23, 0x35, 0x21, 0x15, 0x11, 0x15, 0x21, 0x35, 0x01, 0x80, 0x80, 0x40, 0xc0, 0x40, 0x80, 0x40,
    0x01, 0xc0, 0xfe, 0x40, 0xc0, 0x40, 0xc0, 0x40, 0x40, 0xc0, 0x40, 0x80, 0x80, 0x01, 0x00, 0x40,
    0x40, 0x00, 0x00, 0x00, 0x00, 0x04, 0x00, 0x00, 0x00, 0x00, 0x01, 0xc0, 0x01, 0xc0, 0x00, 0x0f,
    0x00, 0x13, 0x00, 0x17, 0x00, 0x1b, 0x00, 0x00, 0x37, 0x35, 0x23, 0x35, 0x21, 0x15, 0x23, 0x15,
    0x33, 0x35, 0x33, 0x15, 0x23, 0x11, 0x23, 0x15, 0x07, 0x35, 0x33, 0x15, 0x01, 0x15, 0x21, 0x35,
    0x13, 0x15, 0x23, 0x35, 0x80, 0x80, 0x01, 0xc0, 0x80, 0x40, 0x40, 0xc0, 0x40, 0xc0, 0x40, 0x01,
    0x40, 0xfe, 0xc0, 0x40, 0x40, 0x80, 0x80, 0x40, 0x40, 0xc0, 0x40, 0x80, 0x01, 0x00, 0x80, 0x80,
    0x40, 0x40, 0x01, 0xc0, 0x40, 0x40, 0xfe, 0xc0, 0x40, 0x40, 0x00, 0x00, 0x00, 0x03, 0x00, 0x00,
    0x00, 0x00, 0x01, 0xc0, 0x01, 0xc0, 0x00, 0x09, 0x00, 0x0d, 0x00, 0x11, 0x00, 0x00, 0x31, 0x11,
    0x21, 0x11, 0x23, 0x35, 0x33, 0x35, 0x21, 0x15, 0x25, 0x35, 0x23, 0x15, 0x23, 0x35, 0x23, 0x15,
    0x01, 0xc0, 0x80, 0x40, 0xfe, 0xc0, 0x01, 0x40, 0x80, 0x40, 0x80, 0x01, 0xc0, 0xfe, 0x40, 0x40,
    0x40, 0x80, 0xc0, 0xc0, 0xc0, 0xc0, 0xc0, 0x00, 0x00, 0x08, 0x00, 0x00, 0x00, 0x00, 0x01, 0xc0,
    0x02, 0x00, 0x00, 0x03, 0x00, 0x07, 0x00, 0x1b, 0x00, 0x1f, 0x00, 0x2b, 0x00, 0x2f, 0x00, 0x33,
    0x00, 0x37, 0x00, 0x00, 0x13, 0x35, 0x23, 0x15, 0x33, 0x35, 0x23, 0x15, 0x23, 0x15, 0x23, 0x35,
    0x23, 0x35, 0x33, 0x35, 0x33, 0x15, 0x33, 0x35, 0x33, 0x15, 0x33, 0x15, 0x23, 0x15, 0x23, 0x35,
    0x13, 0x35, 0x33, 0x15, 0x23, 0x35, 0x23, 0x35, 0x33, 0x35, 0x33, 0x15, 0x33, 0x15, 0x23, 0x15,
    0x23, 0x35, 0x33, 0x15, 0x25, 0x35, 0x33, 0x15, 0x21, 0x23, 0x35, 0x33, 0xc0, 0x40, 0xc0, 0x40,
    0x40, 0x80, 0x40, 0x40, 0x40, 0xc0, 0x40, 0x40, 0x40, 0x80, 0x40, 0x40, 0xc0, 0x80, 0x80, 0x40,
    0x80, 0x80, 0xc0, 0x40, 0x01, 0x00, 0x40, 0xfe, 0x80, 0x40, 0x40, 0x01, 0x40, 0x40, 0x40, 0x40,
    0x40, 0x40, 0x80, 0x40, 0x40, 0x40, 0x40, 0x40, 0x40, 0x80, 0x40, 0xfe, 0xc0, 0x40, 0x40, 0x80,
    0x40, 0x40, 0x40, 0x40, 0x80, 0x40, 0x40, 0xc0, 0x40, 0x40, 0x40, 0x00, 0x00, 0x03, 0x00, 0x00,
    0x00, 0x00, 0x01, 0xc0, 0x01, 0xc0, 0x00, 0x0d, 0x00, 0x11, 0x00, 0x17, 0x00, 0x00, 0x21, 0x35,
    0x33, 0x35, 0x21, 0x35, 0x33, 0x15, 0x33, 0x35, 0x33, 0x15, 0x33, 0x11, 0x27, 0x15, 0x21, 0x35,
    0x25, 0x35, 0x21, 0x35, 0x21, 0x15, 0x01, 0x40, 0x40, 0xfe, 0xc0, 0x40, 0x80, 0x40, 0x80, 0xc0,
    0xff, 0x00, 0x01, 0x40, 0xfe, 0xc0, 0x01, 0x80, 0x40, 0x80, 0x80, 0x40, 0x40, 0x40, 0xff, 0x00,
    0x80, 0x40, 0x40, 0xc0, 0x40, 0x40, 0x80, 0x00, 0x00, 0x06, 0x00, 0x00, 0x00, 0x00, 0x01, 0xc0,
    0x02, 0x00, 0x00, 0x03, 0x00, 0x19, 0x00, 0x1d, 0x00, 0x21, 0x00, 0x25, 0x00, 0x29, 0x00, 0x00,
    0x25, 0x35, 0x23, 0x15, 0x23, 0x35, 0x23, 0x35, 0x33, 0x35, 0x33, 0x15, 0x33, 0x15, 0x23, 0x15,
    0x33, 0x15, 0x23, 0x15, 0x33, 0x15, 0x23, 0x35, 0x23, 0x35, 0x07, 0x35, 0x33, 0x15, 0x01, 0x35,
    0x33, 0x15, 0x27, 0x23, 0x35, 0x33, 0x01, 0x15, 0x23, 0x35, 0x01, 0x00, 0x40, 0x40, 0x80, 0xc0,
    0x40, 0xc0, 0x80, 0x40, 0x40, 0x80, 0xc0, 0x40, 0xc0, 0x40, 0x01, 0x40, 0x40, 0x40, 0x40, 0x40,
    0xff, 0x00, 0x40, 0x80, 0x80, 0x80, 0x80, 0x40, 0x80, 0x80, 0x40, 0x40, 0x40, 0x40, 0x40, 0x40,
    0x40, 0x80, 0x40, 0x40, 0x01, 0x80, 0x40, 0x40, 0x40, 0x40, 0xfe, 0x80, 0x40, 0x40, 0x00, 0x00,
    0x00, 0x08, 0x00, 0x00, 0x00, 0x00, 0x01, 0xc0, 0x01, 0xc0, 0x00, 0x03, 0x00, 0x07, 0x00, 0x0b,
    0x00, 0x0f, 0x00, 0x13, 0x00, 0x17, 0x00, 0x1b, 0x00, 0x2f, 0x00, 0x00, 0x25, 0x35, 0x23, 0x15,
    0x23, 0x35, 0x23, 0x15, 0x25, 0x35, 0x23, 0x15, 0x23, 0x35, 0x23, 0x15, 0x23, 0x35, 0x23, 0x15,
    0x37, 0x35, 0x23, 0x15, 0x37, 0x23, 0x15, 0x33, 0x11, 0x15, 0x23, 0x35, 0x23, 0x35, 0x23, 0x35,
    0x33, 0x35, 0x33, 0x35, 0x33, 0x15, 0x33, 0x15, 0x33, 0x15, 0x23, 0x15, 0x01, 0x40, 0x40, 0x40,
    0x40, 0x01, 0x00, 0x40, 0x40, 0x40, 0x40, 0x40, 0x80, 0x40, 0xc0, 0x40, 0x40, 0xc0, 0x40, 0x40,
    0x40, 0x40, 0xc0, 0x40, 0x40, 0x40, 0x40, 0x40, 0x40, 0x40, 0x40, 0x80, 0x40, 0x40, 0x40, 0x40,
    0x40, 0x40, 0x80, 0x40, 0x40, 0x40, 0x40, 0xff, 0x00, 0x40, 0x40, 0x40, 0xc0, 0x40, 0x40, 0x40,
    0x40, 0xc0, 0x40, 0x00, 0x00, 0x01, 0x00, 0x00, 0x00, 0xc0, 0x00, 0x40, 0x01, 0xc0, 0x00, 0x03,
    0x00, 0x00, 0x35, 0x11, 0x33, 0x11, 0x40, 0xc0, 0x01, 0x00, 0xff, 0x00, 0x00, 0x01, 0x00, 0x00,
    0x01, 0x00, 0x00, 0x40, 0x01, 0xc0, 0x00, 0x03, 0x00, 0x00, 0x11, 0x35, 0x33, 0x15, 0x40, 0x01,
    0x00, 0xc0, 0xc0, 0x00, 0x00, 0x05, 0x00, 0x00, 0xff, 0x80, 0x02, 0xc0, 0x02, 0x40, 0x00, 0x03,
    0x00, 0x07, 0x00, 0x0b, 0x00, 0x0f, 0x00, 0x3b, 0x00, 0x00, 0x01, 0x15, 0x33, 0x35, 0x03, 0x35,
    0x23, 0x15, 0x37, 0x35, 0x23, 0x15, 0x37, 0x35, 0x23, 0x15, 0x13, 0x35, 0x23, 0x35, 0x23, 0x35,
    0x23, 0x35, 0x23, 0x35, 0x23, 0x35, 0x33, 0x35, 0x33, 0x35, 0x33, 0x35, 0x33, 0x35, 0x33, 0x35,
    0x33, 0x15, 0x33, 0x15, 0x33, 0x15, 0x33, 0x15, 0x33, 0x15, 0x33, 0x15, 0x23, 0x15, 0x23, 0x15,
    0x23, 0x15, 0x23, 0x15, 0x23, 0x15, 0x01, 0x80, 0x40, 0x40, 0x40, 0x40, 0x40, 0x40, 0x80, 0x40,
    0x40, 0x40, 0x40, 0x40, 0x40, 0x40, 0x40, 0x40, 0x40, 0x40, 0x40, 0x40, 0x40, 0x40, 0x40, 0x40,
    0x40, 0x40, 0x40, 0x40, 0x40, 0x01, 0x40, 0x40, 0x40, 0xff, 0x00, 0x40, 0x40, 0x80, 0x40, 0x40,
    0x80, 0x40, 0x40, 0xfe, 0x40, 0x40, 0x40, 0x40, 0x40, 0x40, 0x40, 0x40, 0x40, 0x40, 0x40, 0x40,
    0x40, 0x40, 0x40, 0x40, 0x40, 0x40, 0x40, 0x40, 0x40, 0x40, 0x40, 0x00, 0x00, 0x08, 0x00, 0x00,
    0x00, 0x00, 0x01, 0xc0, 0x01, 0xc0, 0x00, 0x07, 0x00, 0x0f, 0x00, 0x13, 0x00, 0x19, 0x00, 0x1f,
    0x00, 0x23, 0x00, 0x2b, 0x00, 0x33, 0x00, 0x00, 0x21, 0x35, 0x33, 0x15, 0x33, 0x35, 0x33, 0x15,
    0x21, 0x35, 0x33, 0x35, 0x33, 0x15, 0x33, 0x15, 0x37, 0x35, 0x33, 0x15, 0x2b, 0x01, 0x35, 0x33,
    0x15, 0x33, 0x31, 0x35, 0x23, 0x35, 0x33, 0x15, 0x27, 0x23, 0x35, 0x3b, 0x01, 0x35, 0x23, 0x35,
    0x33, 0x15, 0x23, 0x15, 0x21, 0x35, 0x23, 0x15, 0x23, 0x35, 0x33, 0x15, 0x01, 0x00, 0x40, 0x40,
    0x40, 0xfe, 0x40, 0x40, 0x40, 0x40, 0x80, 0x40, 0x80, 0x80, 0x40, 0x40, 0x40, 0x80, 0xc0, 0x40,
    0x40, 0xc0, 0x40, 0xc0, 0x40, 0xff, 0x00, 0x40, 0x40, 0xc0, 0x80, 0x40, 0x40, 0x80, 0x40, 0x40,
    0x40, 0x40, 0x80, 0x40, 0x40, 0x80, 0x40, 0x40, 0x40, 0x80, 0x40, 0x40, 0x40, 0x40, 0x40, 0x40,
    0x40, 0x40, 0x80, 0x80, 0x00, 0x07, 0x00, 0x00, 0x00, 0x00, 0x01, 0x80, 0x02, 0x00, 0x00, 0x03,
    0x00, 0x07, 0x00, 0x0f, 0x00, 0x13, 0x00, 0x17, 0x00, 0x1b, 0x00, 0x1f, 0x00, 0x00, 0x01, 0x35,
    0x33, 0x15, 0x21, 0x35, 0x33, 0x15, 0x03, 0x35, 0x23, 0x35, 0x21, 0x15, 0x23, 0x15, 0x11, 0x35,
    0x33, 0x15, 0x21, 0x35, 0x33, 0x15, 0x37, 0x23, 0x35, 0x33, 0x07, 0x23, 0x35, 0x33, 0x01, 0x00,
    0x40, 0xff, 0x00, 0x40, 0x40, 0x40, 0x01, 0x80, 0x40, 0x40, 0xff, 0x00, 0x40, 0x80, 0x40, 0x40,
    0xc0, 0x40, 0x40, 0x01, 0x40, 0x40, 0x40, 0x40, 0x40, 0xfe, 0xc0, 0x40, 0xc0, 0xc0, 0x40, 0x01,
    0x80, 0x40, 0x40, 0x40, 0x40, 0x40, 0x40, 0x40, 0x40, 0x00, 0x00, 0x00, 0x00, 0x03, 0x00, 0x00,
    0x00, 0x00, 0x01, 0x80, 0x01, 0xc0, 0x00, 0x0f, 0x00, 0x13, 0x00, 0x17, 0x00, 0x00, 0x33, 0x35,
    0x23, 0x35, 0x23, 0x11, 0x33, 0x35, 0x21, 0x15, 0x33, 0x11, 0x23, 0x15, 0x23, 0x15, 0x37, 0x35,
    0x23, 0x15, 0x23, 0x35, 0x23, 0x15, 0x80, 0x40, 0x40, 0x40, 0x01, 0x00, 0x40, 0x40, 0x40, 0x40,
    0x40, 0x80, 0x40, 0x40, 0x40, 0x01, 0x00, 0x40, 0x40, 0xff, 0x00, 0x40, 0x40, 0xc0, 0x80, 0x80,
    0x80, 0x80, 0x00, 0x00, 0x00, 0x03, 0x00, 0x00, 0x00, 0x00, 0x01, 0x80, 0x01, 0xc0, 0x00, 0x05,
    0x00, 0x0f, 0x00, 0x13, 0x00, 0x00, 0x25, 0x35, 0x23, 0x35, 0x23, 0x11, 0x13, 0x23, 0x15, 0x33,
    0x35, 0x33, 0x11, 0x21, 0x11, 0x21, 0x15, 0x33, 0x15, 0x23, 0x01, 0x40, 0xc0, 0x40, 0xc0, 0x40,
    0x80, 0x40, 0xfe, 0x80, 0x01, 0x00, 0x40, 0x40, 0x40, 0x80, 0xc0, 0xfe, 0xc0, 0x01, 0x40, 0x80,
    0x40, 0xfe, 0xc0, 0x01, 0xc0, 0x40, 0x40, 0x00, 0x00, 0x04, 0x00, 0x00, 0x00, 0x00, 0x01, 0xc0,
    0x01, 0xc0, 0x00, 0x0b, 0x00, 0x13, 0x00, 0x17, 0x00, 0x1b, 0x00, 0x00, 0x01, 0x23, 0x15, 0x23,
    0x35, 0x23, 0x35, 0x33, 0x35, 0x33, 0x15, 0x33, 0x01, 0x35, 0x33, 0x15, 0x21, 0x35, 0x33, 0x15,
    0x01, 0x15, 0x23, 0x35, 0x21, 0x33, 0x15, 0x23, 0x01, 0x40, 0x40, 0x40, 0x40, 0x40, 0x40, 0x40,
    0xfe, 0xc0, 0x40, 0x01, 0x40, 0x40, 0xfe, 0xc0, 0x40, 0x01, 0x00, 0x40, 0x40, 0x01, 0x40, 0xc0,
    0xc0, 0x40, 0x40, 0x40, 0xfe, 0x80, 0x80, 0x40, 0x40, 0x80, 0x01, 0x40, 0x40, 0x40, 0x40, 0x00,
    0x00, 0x04, 0x00, 0x00, 0x00, 0x00, 0x01, 0xc0, 0x01, 0xc0, 0x00, 0x0b, 0x00, 0x13, 0x00, 0x17,
    0x00, 0x1b, 0x00, 0x00, 0x37, 0x35, 0x23, 0x35, 0x33, 0x35, 0x33, 0x15, 0x33, 0x15, 0x23, 0x15,
    0x05, 0x35, 0x33, 0x15, 0x21, 0x35, 0x33, 0x15, 0x03, 0x35, 0x33, 0x15, 0x21, 0x23, 0x35, 0x33,
    0xc0, 0x40, 0x40, 0x40, 0x40, 0x40, 0xff, 0x00, 0x40, 0x01, 0x40, 0x40, 0x80, 0x40, 0xff, 0x00,
    0x40, 0x40, 0x80, 0x40, 0x40, 0xc0, 0xc0, 0x40, 0x40, 0x80, 0x80, 0x40, 0x40, 0x80, 0x01, 0x00,
    0x40, 0x40, 0x40, 0x00, 0x00, 0x03, 0x00, 0x00, 0x00, 0x00, 0x01, 0x80, 0x01, 0xc0, 0x00, 0x03,
    0x00, 0x11, 0x00, 0x15, 0x00, 0x00, 0x31, 0x35, 0x33, 0x15, 0x27, 0x35, 0x33, 0x35, 0x33, 0x35,
    0x33, 0x15, 0x23, 0x15, 0x23, 0x15, 0x23, 0x15, 0x17, 0x35, 0x21, 0x15, 0x40, 0x40, 0x40, 0x80,
    0x80, 0x40, 0x80, 0x40, 0x40, 0x01, 0x00, 0x80, 0x80, 0xc0, 0x80, 0x40, 0x40, 0x40, 0x40, 0x40,
    0x40, 0xc0, 0x80, 0x80, 0x00, 0x08, 0x00, 0x00, 0x00, 0x00, 0x02, 0x40, 0x02, 0x00, 0x00, 0x03,
    0x00, 0x07, 0x00, 0x0b, 0x00, 0x13, 0x00, 0x1b, 0x00, 0x23, 0x00, 0x27, 0x00, 0x2b, 0x00, 0x00,
    0x25, 0x35, 0x33, 0x15, 0x23, 0x35, 0x33, 0x15, 0x17, 0x15, 0x21, 0x35, 0x21, 0x11, 0x33, 0x15,
    0x33, 0x15, 0x23, 0x15, 0x21, 0x23, 0x35, 0x23, 0x35, 0x33, 0x35, 0x33, 0x29, 0x01, 0x35, 0x33,
    0x35, 0x33, 0x15, 0x33, 0x27, 0x35, 0x33, 0x15, 0x2b, 0x01, 0x35, 0x33, 0x01, 0x40, 0x40, 0xc0,
    0x40, 0xc0, 0xfe, 0xc0, 0x01, 0x40, 0x40, 0x40, 0x40, 0xfe, 0x80, 0x40, 0x40, 0x40, 0x40, 0x01,
    0x40, 0xfe, 0xc0, 0x80, 0x40, 0x80, 0x80, 0x40, 0x80, 0x40, 0x40, 0x80, 0x80, 0x80, 0x80, 0x80,
    0x40, 0x40, 0x40, 0x01, 0x00, 0x40, 0x80, 0x40, 0x40, 0x80, 0x40, 0x40, 0x40, 0x40, 0x40, 0x40,
    0x40, 0x40, 0x00, 0x00, 0x00, 0x04, 0x00, 0x00, 0x00, 0x00, 0x01, 0xc0, 0x01, 0xc0, 0x00, 0x03,
    0x00, 0x07, 0x00, 0x0b, 0x00, 0x1f, 0x00, 0x00, 0x01, 0x23, 0x15, 0x33, 0x07, 0x35, 0x23, 0x15,
    0x3d, 0x01, 0x23, 0x15, 0x37, 0x33, 0x15, 0x23, 0x15, 0x23, 0x15, 0x23, 0x35, 0x23, 0x35, 0x23,
    0x35, 0x33, 0x35, 0x33, 0x35, 0x33, 0x15, 0x33, 0x01, 0x80, 0x40, 0x40, 0x40, 0x40, 0x40, 0xc0,
    0x40, 0x40, 0x40, 0xc0, 0x40, 0x40, 0x40, 0x40, 0xc0, 0x40, 0x01, 0x40, 0x40, 0x80, 0x40, 0x40,
    0x80, 0x40, 0x40, 0x40, 0xc0, 0x40, 0x40, 0x40, 0x40, 0xc0, 0x40, 0x40, 0x40, 0x00, 0x00, 0x00,
    0x00, 0x01, 0x00, 0x00, 0x00, 0xc0, 0x00, 0xc0, 0x01, 0x00, 0x00, 0x03, 0x00, 0x00, 0x13, 0x15,
    0x23, 0x35, 0xc0, 0xc0, 0x01, 0x00, 0x40, 0x40, 0x00, 0x01, 0x00, 0x00, 0x00, 0xc0, 0x00, 0x40,
    0x01, 0x00, 0x00, 0x03, 0x00, 0x00, 0x3d, 0x01, 0x33, 0x15, 0x40, 0xc0, 0x40, 0x40, 0x00, 0x00,
    0x00, 0x03, 0x00, 0x00, 0x00, 0x00, 0x00, 0xc0, 0x01, 0xc0, 0x00, 0x03, 0x00, 0x07, 0x00, 0x0b,
    0x00, 0x00, 0x31, 0x35, 0x33, 0x15, 0x3d, 0x01, 0x33, 0x15, 0x3d, 0x01, 0x33, 0x15, 0x40, 0x40,
    0x40, 0x80, 0x80, 0x80, 0xc0, 0xc0, 0xc0, 0x80, 0x80, 0x00, 0x00, 0x00, 0x00, 0x01, 0x00, 0x00,
    0x01, 0x80, 0x00, 0x40, 0x02, 0x00, 0x00, 0x03, 0x00, 0x00, 0x11, 0x35, 0x33, 0x15, 0x40, 0x01,
    0x80, 0x80, 0x80, 0x00, 0x00, 0x03, 0x00, 0x00, 0x01, 0x80, 0x00, 0xc0, 0x02, 0x80, 0x00, 0x03,
    0x00, 0x07, 0x00, 0x0b, 0x00, 0x00, 0x13, 0x35, 0x33, 0x15, 0x23, 0x35, 0x33, 0x15, 0x3d, 0x01,
    0x33, 0x15, 0x80, 0x40, 0xc0, 0x40, 0x40, 0x01, 0x80, 0x40, 0x40, 0x40, 0x40, 0x80, 0x80, 0x80,
    0x00, 0x07, 0x00, 0x00, 0x00, 0x00, 0x01, 0xc0, 0x01, 0xc0, 0x00, 0x07, 0x00, 0x0b, 0x00, 0x0f,
    0x00, 0x13, 0x00, 0x17, 0x00, 0x1b, 0x00, 0x1f, 0x00, 0x00, 0x13, 0x23, 0x35, 0x33, 0x15, 0x33,
    0x15, 0x23, 0x11, 0x21, 0x15, 0x21, 0x35, 0x23, 0x35, 0x33, 0x05, 0x35, 0x33, 0x15, 0x3d, 0x01,
    0x33, 0x15, 0x27, 0x23, 0x35, 0x33, 0x21, 0x35, 0x33, 0x15, 0x40, 0x40, 0x40, 0x40, 0x40, 0x01,
    0x00, 0xff, 0x00, 0x40, 0x40, 0x01, 0x00, 0x40, 0x40, 0x40, 0x40, 0x40, 0xff, 0x00, 0xc0, 0x01,
    0x00, 0xc0, 0x40, 0x40, 0xff, 0x00, 0x40, 0x40, 0x40, 0x40, 0x40, 0x40, 0x40, 0xc0, 0xc0, 0xc0,
    0x40, 0x40, 0x40, 0x00, 0x00, 0x04, 0x00, 0x00, 0x00, 0x00, 0x01, 0x40, 0x01, 0x40, 0x00, 0x03,
    0x00, 0x07, 0x00, 0x0b, 0x00, 0x0f, 0x00, 0x00, 0x37, 0x23, 0x35, 0x33, 0x15, 0x33, 0x15, 0x23,
    0x37, 0x35, 0x33, 0x15, 0x25, 0x35, 0x33, 0x15, 0x40, 0x40, 0x40, 0xc0, 0xc0, 0xc0, 0x40, 0xff,
    0x00, 0xc0, 0xc0, 0x40, 0xc0, 0x40, 0x40, 0xc0, 0xc0, 0xc0, 0x40, 0x40, 0x00, 0x08, 0x00, 0x00,
    0x00, 0x00, 0x01, 0xc0, 0x01, 0xc0, 0x00, 0x07, 0x00, 0x0b, 0x00, 0x0f, 0x00, 0x13, 0x00, 0x17,
    0x00, 0x1b, 0x00, 0x1f, 0x00, 0x23, 0x00, 0x00, 0x01, 0x35, 0x23, 0x35, 0x33, 0x35, 0x33, 0x15,
    0x07, 0x15, 0x21, 0x35, 0x21, 0x35, 0x33, 0x15, 0x21, 0x23, 0x35, 0x33, 0x2b, 0x01, 0x35, 0x33,
    0x31, 0x35, 0x33, 0x15, 0x37, 0x23, 0x35, 0x33, 0x03, 0x35, 0x33, 0x15, 0x01, 0x80, 0x40, 0x40,
    0x40, 0x40, 0xff, 0x00, 0x01, 0x00, 0x40, 0xfe, 0xc0, 0x40, 0x40, 0x40, 0x40, 0x40, 0x40, 0xc0,
    0xc0, 0xc0, 0x80, 0x40, 0x01, 0x00, 0x40, 0x40, 0x40, 0xc0, 0xc0, 0x40, 0x40, 0x40, 0x40, 0x40,
    0xc0, 0x40, 0x40, 0x40, 0x40, 0xff, 0x00, 0x40, 0x40, 0x00, 0x00, 0x00, 0x00, 0x05, 0x00, 0x00,
    0x00, 0x00, 0x01, 0x40, 0x01, 0x40, 0x00, 0x03, 0x00, 0x07, 0x00, 0x0b, 0x00, 0x0f, 0x00, 0x13,
    0x00, 0x00, 0x25, 0x35, 0x33, 0x15, 0x07, 0x15, 0x23, 0x35, 0x31, 0x23, 0x35, 0x3b, 0x01, 0x23,
    0x35, 0x33, 0x07, 0x35, 0x33, 0x15, 0x01, 0x00, 0x40, 0x40, 0xc0, 0x40, 0x40, 0xc0, 0xc0, 0xc0,
    0x80, 0x40, 0xc0, 0x40, 0x40, 0x80, 0x40, 0x40, 0xc0, 0x40, 0xc0, 0x40, 0x40, 0x00, 0x00, 0x00,
    0x00, 0x08, 0x00, 0x00, 0x00, 0x00, 0x01, 0xc0, 0x01, 0xc0, 0x00, 0x07, 0x00, 0x0b, 0x00, 0x0f,
    0x00, 0x13, 0x00, 0x17, 0x00, 0x1b, 0x00, 0x1f, 0x00, 0x23, 0x00, 0x00, 0x13, 0x23, 0x35, 0x33,
    0x15, 0x33, 0x15, 0x23, 0x11, 0x21, 0x15, 0x21, 0x35, 0x23, 0x35, 0x33, 0x05, 0x35, 0x33, 0x15,
    0x3d, 0x01, 0x33, 0x15, 0x27, 0x23, 0x35, 0x33, 0x21, 0x35, 0x33, 0x15, 0x07, 0x23, 0x35, 0x33,
    0x40, 0x40, 0x40, 0x40, 0x40, 0x01, 0x00, 0xff, 0x00, 0x40, 0x40, 0x01, 0x00, 0x40, 0x40, 0x40,
    0x40, 0x40, 0xff, 0x00, 0xc0, 0x40, 0x40, 0x40, 0x01, 0x00, 0xc0, 0x40, 0x40, 0xff, 0x00, 0x40,
    0x40, 0x40, 0x40, 0x40, 0x40, 0x40, 0xc0, 0xc0, 0xc0, 0x40, 0x40, 0x40, 0xc0, 0x40, 0x00, 0x00,
    0x00, 0x05, 0x00, 0x00, 0x00, 0x00, 0x01, 0x40, 0x01, 0x40, 0x00, 0x03, 0x00, 0x07, 0x00, 0x0b,
    0x00, 0x0f, 0x00, 0x13, 0x00, 0x00, 0x37, 0x23, 0x35, 0x33, 0x15, 0x33, 0x15, 0x23, 0x37, 0x35,
    0x33, 0x15, 0x25, 0x35, 0x33, 0x15, 0x07, 0x23, 0x35, 0x33, 0x40, 0x40, 0x40, 0xc0, 0xc0, 0xc0,
    0x40, 0xff, 0x00, 0xc0, 0x40, 0x40, 0x40, 0xc0, 0x40, 0xc0, 0x40, 0x40, 0xc0, 0xc0, 0xc0, 0x40,
    0x40, 0x80, 0x40, 0x00, 0x00, 0x03, 0x00, 0x00, 0x00, 0x00, 0x01, 0x80, 0x01, 0xc0, 0x00, 0x03,
    0x00, 0x0b, 0x00, 0x0f, 0x00, 0x00, 0x25, 0x15, 0x23, 0x35, 0x33, 0x11, 0x23, 0x35, 0x33, 0x15,
    0x23, 0x11, 0x21, 0x23, 0x35, 0x33, 0x01, 0x00, 0xc0, 0xc0, 0x40, 0xc0, 0x40, 0xff, 0x00, 0x40,
    0x40, 0x40, 0x40, 0x40, 0x01, 0x40, 0x40, 0x40, 0xfe, 0xc0, 0x40, 0x00, 0x00, 0x03, 0x00, 0x00,
    0xff, 0x80, 0x00, 0x80, 0x01, 0xc0, 0x00, 0x03, 0x00, 0x07, 0x00, 0x0d, 0x00, 0x00, 0x15, 0x35,
    0x33, 0x15, 0x11, 0x35, 0x33, 0x15, 0x03, 0x11, 0x23, 0x35, 0x33, 0x11, 0x40, 0x40, 0x40, 0x40,
    0x80, 0x80, 0x40, 0x40, 0x02, 0x00, 0x40, 0x40, 0xfe, 0x40, 0x01, 0x40, 0x40, 0xfe, 0x80, 0x00,
    0x00, 0x08, 0x00, 0x00, 0xff, 0x80, 0x01, 0xc0, 0x01, 0xc0, 0x00, 0x03, 0x00, 0x0b, 0x00, 0x0f,
    0x00, 0x13, 0x00, 0x17, 0x00, 0x1b, 0x00, 0x1f, 0x00, 0x23, 0x00, 0x00, 0x25, 0x35, 0x33, 0x15,
    0x07, 0x23, 0x35, 0x33, 0x15, 0x23, 0x15, 0x23, 0x13, 0x23, 0x35, 0x33, 0x05, 0x35, 0x33, 0x15,
    0x21, 0x23, 0x35, 0x33, 0x01, 0x23, 0x35, 0x33, 0x05, 0x35, 0x33, 0x15, 0x05, 0x23, 0x35, 0x33,
    0x01, 0x40, 0x40, 0xc0, 0x40, 0xc0, 0x40, 0x40, 0x80, 0xc0, 0xc0, 0xff, 0x00, 0x40, 0x01, 0x00,
    0x40, 0x40, 0xfe, 0xc0, 0x40, 0x40, 0x01, 0x40, 0x40, 0xfe, 0xc0, 0x40, 0x40, 0x40, 0x40, 0x40,
    0x40, 0x40, 0x40, 0x80, 0x02, 0x00, 0x40, 0x80, 0x40, 0x40, 0x40, 0xff, 0x00, 0xc0, 0xc0, 0xc0,
    0xc0, 0x40, 0x40, 0x00, 0x00, 0x04, 0x00, 0x00, 0xff, 0x80, 0x01, 0x40, 0x01, 0x40, 0x00, 0x03,
    0x00, 0x0b, 0x00, 0x0f, 0x00, 0x13, 0x00, 0x00, 0x25, 0x35, 0x33, 0x15, 0x07, 0x23, 0x35, 0x33,
    0x15, 0x23, 0x15, 0x23, 0x13, 0x23, 0x35, 0x33, 0x03, 0x23, 0x35, 0x33, 0x01, 0x00, 0x40, 0xc0,
    0x40, 0xc0, 0x40, 0x40, 0x80, 0xc0, 0xc0, 0xc0, 0x40, 0x40, 0x40, 0xc0, 0xc0, 0x40, 0x40, 0x40,
    0x80, 0x01, 0x80, 0x40, 0xff, 0x00, 0xc0, 0x00, 0x00, 0x03, 0x00, 0x00, 0x00, 0x00, 0x01, 0xc0,
    0x01, 0xc0, 0x00, 0x03, 0x00, 0x11, 0x00, 0x1f, 0x00, 0x00, 0x37, 0x35, 0x33, 0x15, 0x23, 0x15,
    0x23, 0x15, 0x23, 0x35, 0x33, 0x11, 0x23, 0x35, 0x33, 0x15, 0x23, 0x15, 0x37, 0x35, 0x33, 0x35,
    0x33, 0x15, 0x23, 0x11, 0x33, 0x15, 0x23, 0x35, 0x33, 0x35, 0xc0, 0x40, 0x40, 0x40, 0x80, 0x40,
    0x40, 0xc0, 0x40, 0x80, 0x40, 0x80, 0x40, 0x40, 0xc0, 0x40, 0xc0, 0x40, 0x40, 0x40, 0x80, 0x40,
    0x01, 0x40, 0x40, 0x40, 0xc0, 0x40, 0x40, 0x80, 0x40, 0xfe, 0xc0, 0x40, 0x40, 0xc0, 0x00, 0x00,
    0x00, 0x03, 0x00, 0x00, 0x00, 0x00, 0x01, 0xc0, 0x01, 0x40, 0x00, 0x03, 0x00, 0x11, 0x00, 0x1f,
    0x00, 0x00, 0x37, 0x35, 0x33, 0x15, 0x3d, 0x01, 0x33, 0x35, 0x33, 0x15, 0x23, 0x15, 0x33, 0x15,
    0x23, 0x35, 0x33, 0x35, 0x07, 0x15, 0x23, 0x15, 0x23, 0x35, 0x33, 0x35, 0x23, 0x35, 0x33, 0x15,
    0x23, 0x15, 0xc0, 0x40, 0x40, 0x80, 0x40, 0x40, 0xc0, 0x40, 0x80, 0x40, 0x80, 0x40, 0x40, 0xc0,
    0x40, 0x80, 0x40, 0x40, 0x40, 0x40, 0x40, 0x40, 0xc0, 0x40, 0x40, 0x80, 0x40, 0x40, 0x40, 0x40,
    0xc0, 0x40, 0x40, 0x80, 0x00, 0x01, 0x00, 0x00, 0x00, 0x00, 0x01, 0x80, 0x01, 0xc0, 0x00, 0x13,
    0x00, 0x00, 0x25, 0x35, 0x23, 0x15, 0x33, 0x15, 0x23, 0x35, 0x33, 0x11, 0x23, 0x35, 0x33, 0x15,
    0x23, 0x15, 0x33, 0x35, 0x33, 0x15, 0x01, 0x40, 0xc0, 0x40, 0xc0, 0x40, 0x40, 0xc0, 0x40, 0xc0,
    0x40, 0x80, 0x40, 0x80, 0x40, 0x40, 0x01, 0x40, 0x40, 0x40, 0x80, 0x40, 0xc0, 0x00, 0x00, 0x00,
    0x00, 0x01, 0x00, 0x00, 0x00, 0x00, 0x01, 0x40, 0x01, 0x40, 0x00, 0x0b, 0x00, 0x00, 0x25, 0x15,
    0x23, 0x15, 0x23, 0x11, 0x23, 0x35, 0x33, 0x15, 0x23, 0x15, 0x01, 0x40, 0xc0, 0x40, 0x40, 0xc0,
    0x40, 0xc0, 0x40, 0x80, 0x01, 0x00, 0x40, 0x40, 0x40, 0x00, 0x00, 0x00, 0x00, 0x00, 0x00, 0x0e,
    0x00, 0xae, 0x00, 0x03, 0x00, 0x01, 0x04, 0x09, 0x00, 0x00, 0x00, 0x4a, 0x00, 0x00, 0x00, 0x03,
    0x00, 0x01, 0x04, 0x09, 0x00, 0x01, 0x00, 0x14, 0x00, 0x4a, 0x00, 0x03, 0x00, 0x01, 0x04, 0x09,
    0x00, 0x02, 0x00, 0x0c, 0x00, 0x5e, 0x00, 0x03, 0x00, 0x01, 0x04, 0x09, 0x00, 0x03, 0x00, 0x2e,
    0x00, 0x6a, 0x00, 0x03, 0x00, 0x01, 0x04, 0x09, 0x00, 0x04, 0x00, 0x14, 0x00, 0x4a, 0x00, 0x03,
    0x00, 0x01, 0x04, 0x09, 0x00, 0x05, 0x00, 0x08, 0x00, 0x6a, 0x00, 0x03, 0x00, 0x01, 0x04, 0x09,
    0x00, 0x06, 0x00, 0x14, 0x00, 0x4a, 0x00, 0x03, 0x00, 0x01, 0x04, 0x09, 0x00, 0x08, 0x00, 0x10,
    0x00, 0x0e, 0x00, 0x03, 0x00, 0x01, 0x04, 0x09, 0x00, 0x09, 0x00, 0x10, 0x00, 0x0e, 0x00, 0x03,
    0x00, 0x01, 0x04, 0x09, 0x00, 0x0a, 0x00, 0x3c, 0x00, 0x98, 0x00, 0x03, 0x00, 0x01, 0x04, 0x09,
    0x00, 0x0b, 0x00, 0x22, 0x00, 0xd4, 0x00, 0x03, 0x00, 0x01, 0x04, 0x09, 0x00, 0x0c, 0x00, 0x22,
    0x00, 0xd4, 0x00, 0x03, 0x00, 0x01, 0x04, 0x09, 0x00, 0x0d, 0x01, 0x22, 0x00, 0xf6, 0x00, 0x03,
    0x00, 0x01, 0x04, 0x09, 0x00, 0x0e, 0x00, 0x36, 0x01, 0xe2, 0x00, 0xa9, 0x00, 0x20, 0x00, 0x32,
    0x00, 0x30, 0x00, 0x32, 0x00, 0x35, 0x00, 0x20, 0x00, 0x47, 0x00, 0x47, 0x00, 0x42, 0x00, 0x6f,
    0x00, 0x74, 0x00, 0x4e, 0x00, 0x65, 0x00, 0x74, 0x00, 0x2e, 0x00, 0x20, 0x00, 0x41, 0x00, 0x6c,
    0x00, 0x6c, 0x00, 0x20, 0x00, 0x52, 0x00, 0x69, 0x00, 0x67, 0x00, 0x68, 0x00, 0x74, 0x00, 0x73,
    0x00, 0x20, 0x00, 0x52, 0x00, 0x65, 0x00, 0x73, 0x00, 0x65, 0x00, 0x72, 0x00, 0x76, 0x00, 0x65,
    0x00, 0x64, 0x00, 0x2e, 0x00, 0x43, 0x00, 0x61, 0x00, 0x69, 0x00, 0x72, 0x00, 0x6f, 0x00, 0x70,
    0x00, 0x69, 0x00, 0x78, 0x00, 0x65, 0x00, 0x6c, 0x00, 0x4d, 0x00, 0x65, 0x00, 0x64, 0x00, 0x69,
    0x00, 0x75, 0x00, 0x6d, 0x00, 0x31, 0x00, 0x2e, 0x00, 0x30, 0x00, 0x30, 0x00, 0x3b, 0x00, 0x47,
    0x00, 0x47, 0x00, 0x42, 0x00, 0x6f, 0x00, 0x74, 0x00, 0x4e, 0x00, 0x65, 0x00, 0x74, 0x00, 0x3b,
    0x00, 0x43, 0x00, 0x61, 0x00, 0x69, 0x00, 0x72, 0x00, 0x6f, 0x00, 0x70, 0x00, 0x69, 0x00, 0x78,
    0x00, 0x65, 0x00, 0x45, 0x00, 0x6d, 0x00, 0x61, 0x00, 0x69, 0x00, 0x6c, 0x00, 0x3a, 0x00, 0x20,
    0x00, 0x67, 0x00, 0x67, 0x00, 0x62, 0x00, 0x6f, 0x00, 0x74, 0x00, 0x6e, 0x00, 0x65, 0x00, 0x74,
    0x00, 0x40, 0x00, 0x70, 0x00, 0x72, 0x00, 0x6f, 0x00, 0x74, 0x00, 0x6f, 0x00, 0x6e, 0x00, 0x6d,
    0x00, 0x61, 0x00, 0x69, 0x00, 0x6c, 0x00, 0x2e, 0x00, 0x63, 0x00, 0x6f, 0x00, 0x6d, 0x00, 0x68,
    0x00, 0x74, 0x00, 0x74, 0x00, 0x70, 0x00, 0x73, 0x00, 0x3a, 0x00, 0x2f, 0x00, 0x2f, 0x00, 0x67,
    0x00, 0x67, 0x00, 0x62, 0x00, 0x6f, 0x00, 0x74, 0x00, 0x2e, 0x00, 0x6e, 0x00, 0x65, 0x00, 0x74,
    0x00, 0x54, 0x00, 0x68, 0x00, 0x69, 0x00, 0x73, 0x00, 0x20, 0x00, 0x46, 0x00, 0x6f, 0x00, 0x6e,
    0x00, 0x74, 0x00, 0x20, 0x00, 0x53, 0x00, 0x6f, 0x00, 0x66, 0x00, 0x74, 0x00, 0x77, 0x00, 0x61,
    0x00, 0x72, 0x00, 0x65, 0x00, 0x20, 0x00, 0x69, 0x00, 0x73, 0x00, 0x20, 0x00, 0x6c, 0x00, 0x69,
    0x00, 0x63, 0x00, 0x65, 0x00, 0x6e, 0x00, 0x73, 0x00, 0x65, 0x00, 0x64, 0x00, 0x20, 0x00, 0x75,
    0x00, 0x6e, 0x00, 0x64, 0x00, 0x65, 0x00, 0x72, 0x00, 0x20, 0x00, 0x74, 0x00, 0x68, 0x00, 0x65,
    0x00, 0x20, 0x00, 0x53, 0x00, 0x49, 0x00, 0x4c, 0x00, 0x20, 0x00, 0x4f, 0x00, 0x70, 0x00, 0x65,
    0x00, 0x6e, 0x00, 0x20, 0x00, 0x46, 0x00, 0x6f, 0x00, 0x6e, 0x00, 0x74, 0x00, 0x20, 0x00, 0x4c,
    0x00, 0x69, 0x00, 0x63, 0x00, 0x65, 0x00, 0x6e, 0x00, 0x73, 0x00, 0x65, 0x00, 0x2c, 0x00, 0x20,
    0x00, 0x56, 0x00, 0x65, 0x00, 0x72, 0x00, 0x73, 0x00, 0x69, 0x00, 0x6f, 0x00, 0x6e, 0x00, 0x20,
    0x00, 0x31, 0x00, 0x2e, 0x00, 0x31, 0x00, 0x2e, 0x00, 0x20, 0x00, 0x54, 0x00, 0x68, 0x00, 0x69,
    0x00, 0x73, 0x00, 0x20, 0x00, 0x6c, 0x00, 0x69, 0x00, 0x63, 0x00, 0x65, 0x00, 0x6e, 0x00, 0x73,
    0x00, 0x65, 0x00, 0x20, 0x00, 0x69, 0x00, 0x73, 0x00, 0x20, 0x00, 0x61, 0x00, 0x76, 0x00, 0x61,
    0x00, 0x69, 0x00, 0x6c, 0x00, 0x61, 0x00, 0x62, 0x00, 0x6c, 0x00, 0x65, 0x00, 0x20, 0x00, 0x77,
    0x00, 0x69, 0x00, 0x74, 0x00, 0x68, 0x00, 0x20, 0x00, 0x61, 0x00, 0x20, 0x00, 0x46, 0x00, 0x41,
    0x00, 0x51, 0x00, 0x20, 0x00, 0x61, 0x00, 0x74, 0x00, 0x3a, 0x00, 0x20, 0x00, 0x68, 0x00, 0x74,
    0x00, 0x74, 0x00, 0x70, 0x00, 0x73, 0x00, 0x3a, 0x00, 0x2f, 0x00, 0x2f, 0x00, 0x73, 0x00, 0x63,
    0x00, 0x72, 0x00, 0x69, 0x00, 0x70, 0x00, 0x74, 0x00, 0x73, 0x00, 0x2e, 0x00, 0x73, 0x00, 0x69,
    0x00, 0x6c, 0x00, 0x2e, 0x00, 0x6f, 0x00, 0x72, 0x00, 0x67, 0x00, 0x2f, 0x00, 0x4f, 0x00, 0x46,
    0x00, 0x4c, 0x00, 0x00, 0x00, 0x02, 0x00, 0x00, 0x00, 0x00, 0x00, 0x00, 0xff, 0x80, 0x00, 0x33,
    0x00, 0x00, 0x00, 0x00, 0x00, 0x00, 0x00, 0x00, 0x00, 0x00, 0x00, 0x00, 0x00, 0x00, 0x00, 0x00,
    0x00, 0x00, 0x00, 0x00, 0x03, 0x84, 0x00, 0x00, 0x01, 0x02, 0x01, 0x03, 0x00, 0x03, 0x00, 0x04,
    0x00, 0x05, 0x00, 0x06, 0x00, 0x07, 0x00, 0x08, 0x00, 0x09, 0x00, 0x0a, 0x00, 0x0b, 0x00, 0x0c,
    0x00, 0x0d, 0x00, 0x0e, 0x00, 0x0f, 0x00, 0x10, 0x00, 0x11, 0x00, 0x12, 0x00, 0x13, 0x00, 0x14,
    0x00, 0x15, 0x00, 0x16, 0x00, 0x17, 0x00, 0x18, 0x00, 0x19, 0x00, 0x1a, 0x00, 0x1b, 0x00, 0x1c,
    0x00, 0x1d, 0x00, 0x1e, 0x00, 0x1f, 0x00, 0x20, 0x00, 0x21, 0x00, 0x22, 0x00, 0x23, 0x00, 0x24,
    0x00, 0x25, 0x00, 0x26, 0x00, 0x27, 0x00, 0x28, 0x00, 0x29, 0x00, 0x2a, 0x00, 0x2b, 0x00, 0x2c,
    0x00, 0x2d, 0x00, 0x2e, 0x00, 0x2f, 0x00, 0x30, 0x00, 0x31, 0x00, 0x32, 0x00, 0x33, 0x00, 0x34,
    0x00, 0x35, 0x00, 0x36, 0x00, 0x37, 0x00, 0x38, 0x00, 0x39, 0x00, 0x3a, 0x00, 0x3b, 0x00, 0x3c,
    0x00, 0x3d, 0x00, 0x3e, 0x00, 0x3f, 0x00, 0x40, 0x00, 0x41, 0x00, 0x42, 0x00, 0x43, 0x00, 0x44,
    0x00, 0x45, 0x00, 0x46, 0x00, 0x47, 0x00, 0x48, 0x00, 0x49, 0x00, 0x4a, 0x00, 0x4b, 0x00, 0x4c,
    0x00, 0x4d, 0x00, 0x4e, 0x00, 0x4f, 0x00, 0x50, 0x00, 0x51, 0x00, 0x52, 0x00, 0x53, 0x00, 0x54,
    0x00, 0x55, 0x00, 0x56, 0x00, 0x57, 0x00, 0x58, 0x00, 0x59, 0x00, 0x5a, 0x00, 0x5b, 0x00, 0x5c,
    0x00, 0x5d, 0x00, 0x5e, 0x00, 0x5f, 0x00, 0x60, 0x00, 0x61, 0x01, 0x04, 0x00, 0xa3, 0x00, 0x84,
    0x00, 0x85, 0x00, 0xbd, 0x00, 0x96, 0x00, 0xe8, 0x00, 0x86, 0x00, 0x8e, 0x00, 0x8b, 0x00, 0x9d,
    0x00, 0xa9, 0x00, 0xa4, 0x00, 0x8a, 0x00, 0xda, 0x00, 0x83, 0x00, 0x93, 0x01, 0x05, 0x01, 0x06,
    0x00, 0x8d, 0x00, 0x97, 0x00, 0x88, 0x00, 0xc3, 0x00, 0xde, 0x01, 0x07, 0x00, 0x9e, 0x00, 0xaa,
    0x00, 0xf5, 0x00, 0xf4, 0x00, 0xf6, 0x00, 0xa2, 0x00, 0xad, 0x00, 0xc9, 0x00, 0xc7, 0x00, 0xae,
    0x00, 0x62, 0x00, 0x63, 0x00, 0x90, 0x00, 0x64, 0x00, 0xcb, 0x00, 0x65, 0x00, 0xc8, 0x00, 0xca,
    0x00, 0xcf, 0x00, 0xcc, 0x00, 0xcd, 0x00, 0xce, 0x00, 0xe9, 0x00, 0x66, 0x00, 0xd3, 0x00, 0xd0,
    0x00, 0xd1, 0x00, 0xaf, 0x00, 0x67, 0x00, 0xf0, 0x00, 0x91, 0x00, 0xd6, 0x00, 0xd4, 0x00, 0xd5,
    0x00, 0x68, 0x00, 0xeb, 0x00, 0xed, 0x00, 0x89, 0x00, 0x6a, 0x00, 0x69, 0x00, 0x6b, 0x00, 0x6d,
    0x00, 0x6c, 0x00, 0x6e, 0x00, 0xa0, 0x00, 0x6f, 0x00, 0x71, 0x00, 0x70, 0x00, 0x72, 0x00, 0x73,
    0x00, 0x75, 0x00, 0x74, 0x00, 0x76, 0x00, 0x77, 0x00, 0xea, 0x00, 0x78, 0x00, 0x7a, 0x00, 0x79,
    0x00, 0x7b, 0x00, 0x7d, 0x00, 0x7c, 0x00, 0xb8, 0x00, 0xa1, 0x00, 0x7f, 0x00, 0x7e, 0x00, 0x80,
    0x00, 0x81, 0x00, 0xec, 0x00, 0xee, 0x00, 0xba, 0x01, 0x08, 0x01, 0x09, 0x01, 0x0a, 0x01, 0x0b,
    0x01, 0x0c, 0x01, 0x0d, 0x00, 0xfd, 0x00, 0xfe, 0x01, 0x0e, 0x01, 0x0f, 0x01, 0x10, 0x01, 0x11,
    0x00, 0xff, 0x01, 0x00, 0x01, 0x12, 0x01, 0x13, 0x01, 0x14, 0x01, 0x01, 0x01, 0x15, 0x01, 0x16,
    0x01, 0x17, 0x01, 0x18, 0x01, 0x19, 0x01, 0x1a, 0x01, 0x1b, 0x01, 0x1c, 0x01, 0x1d, 0x01, 0x1e,
    0x01, 0x1f, 0x01, 0x20, 0x00, 0xf8, 0x00, 0xf9, 0x01, 0x21, 0x01, 0x22, 0x01, 0x23, 0x01, 0x24,
    0x01, 0x25, 0x01, 0x26, 0x01, 0x27, 0x01, 0x28, 0x01, 0x29, 0x01, 0x2a, 0x01, 0x2b, 0x01, 0x2c,
    0x01, 0x2d, 0x01, 0x2e, 0x01, 0x2f, 0x01, 0x30, 0x01, 0x31, 0x00, 0xd7, 0x01, 0x32, 0x01, 0x33,
    0x01, 0x34, 0x01, 0x35, 0x01, 0x36, 0x01, 0x37, 0x01, 0x38, 0x01, 0x39, 0x01, 0x3a, 0x01, 0x3b,
    0x01, 0x3c, 0x01, 0x3d, 0x01, 0x3e, 0x01, 0x3f, 0x01, 0x40, 0x00, 0xe2, 0x00, 0xe3, 0x01, 0x41,
    0x01, 0x42, 0x01, 0x43, 0x01, 0x44, 0x01, 0x45, 0x01, 0x46, 0x01, 0x47, 0x01, 0x48, 0x01, 0x49,
    0x01, 0x4a, 0x01, 0x4b, 0x01, 0x4c, 0x01, 0x4d, 0x01, 0x4e, 0x01, 0x4f, 0x00, 0xb0, 0x00, 0xb1,
    0x01, 0x50, 0x01, 0x51, 0x01, 0x52, 0x01, 0x53, 0x01, 0x54, 0x01, 0x55, 0x01, 0x56, 0x01, 0x57,
    0x01, 0x58, 0x01, 0x59, 0x00, 0xfb, 0x00, 0xfc, 0x00, 0xe4, 0x00, 0xe5, 0x01, 0x5a, 0x01, 0x5b,
    0x01, 0x5c, 0x01, 0x5d, 0x01, 0x5e, 0x01, 0x5f, 0x01, 0x60, 0x01, 0x61, 0x01, 0x62, 0x01, 0x63,
    0x01, 0x64, 0x01, 0x65, 0x01, 0x66, 0x01, 0x67, 0x01, 0x68, 0x01, 0x69, 0x01, 0x6a, 0x01, 0x6b,
    0x01, 0x6c, 0x01, 0x6d, 0x01, 0x6e, 0x01, 0x6f, 0x00, 0xbb, 0x01, 0x70, 0x01, 0x71, 0x01, 0x72,
    0x01, 0x73, 0x00, 0xe6, 0x00, 0xe7, 0x01, 0x74, 0x01, 0x75, 0x01, 0x76, 0x01, 0x77, 0x01, 0x78,
    0x01, 0x79, 0x01, 0x7a, 0x01, 0x7b, 0x00, 0xa6, 0x01, 0x7c, 0x01, 0x7d, 0x01, 0x7e, 0x01, 0x7f,
    0x01, 0x80, 0x01, 0x81, 0x01, 0x82, 0x01, 0x83, 0x01, 0x84, 0x01, 0x85, 0x01, 0x86, 0x01, 0x87,
    0x01, 0x88, 0x01, 0x89, 0x01, 0x8a, 0x01, 0x8b, 0x01, 0x8c, 0x01, 0x8d, 0x01, 0x8e, 0x01, 0x8f,
    0x01, 0x90, 0x01, 0x91, 0x01, 0x92, 0x01, 0x93, 0x01, 0x94, 0x01, 0x95, 0x01, 0x96, 0x01, 0x97,
    0x01, 0x98, 0x01, 0x99, 0x01, 0x9a, 0x01, 0x9b, 0x01, 0x9c, 0x01, 0x9d, 0x01, 0x9e, 0x01, 0x9f,
    0x01, 0xa0, 0x01, 0xa1, 0x01, 0xa2, 0x01, 0xa3, 0x01, 0xa4, 0x01, 0xa5, 0x01, 0xa6, 0x01, 0xa7,
    0x01, 0xa8, 0x01, 0xa9, 0x01, 0xaa, 0x01, 0xab, 0x01, 0xac, 0x01, 0xad, 0x01, 0xae, 0x01, 0xaf,
    0x01, 0xb0, 0x01, 0xb1, 0x01, 0xb2, 0x01, 0xb3, 0x01, 0xb4, 0x01, 0xb5, 0x01, 0xb6, 0x01, 0xb7,
    0x01, 0xb8, 0x01, 0xb9, 0x01, 0xba, 0x01, 0xbb, 0x01, 0xbc, 0x01, 0xbd, 0x01, 0xbe, 0x01, 0xbf,
    0x01, 0xc0, 0x01, 0xc1, 0x01, 0xc2, 0x01, 0xc3, 0x01, 0xc4, 0x01, 0xc5, 0x01, 0xc6, 0x01, 0xc7,
    0x01, 0xc8, 0x01, 0xc9, 0x01, 0xca, 0x01, 0xcb, 0x01, 0xcc, 0x01, 0xcd, 0x01, 0xce, 0x01, 0xcf,
    0x01, 0xd0, 0x01, 0xd1, 0x01, 0xd2, 0x01, 0xd3, 0x01, 0xd4, 0x01, 0xd5, 0x01, 0xd6, 0x01, 0xd7,
    0x01, 0xd8, 0x01, 0xd9, 0x01, 0xda, 0x01, 0xdb, 0x01, 0xdc, 0x01, 0xdd, 0x01, 0xde, 0x01, 0xdf,
    0x01, 0xe0, 0x01, 0xe1, 0x01, 0xe2, 0x01, 0xe3, 0x01, 0xe4, 0x01, 0xe5, 0x01, 0xe6, 0x01, 0xe7,
    0x01, 0xe8, 0x01, 0xe9, 0x01, 0xea, 0x01, 0xeb, 0x01, 0xec, 0x01, 0xed, 0x01, 0xee, 0x01, 0xef,
    0x01, 0xf0, 0x01, 0xf1, 0x01, 0xf2, 0x01, 0xf3, 0x01, 0xf4, 0x01, 0xf5, 0x01, 0xf6, 0x01, 0xf7,
    0x01, 0xf8, 0x01, 0xf9, 0x01, 0xfa, 0x01, 0xfb, 0x01, 0xfc, 0x01, 0xfd, 0x01, 0xfe, 0x01, 0xff,
    0x02, 0x00, 0x02, 0x01, 0x02, 0x02, 0x02, 0x03, 0x02, 0x04, 0x02, 0x05, 0x02, 0x06, 0x02, 0x07,
    0x02, 0x08, 0x02, 0x09, 0x02, 0x0a, 0x02, 0x0b, 0x02, 0x0c, 0x02, 0x0d, 0x02, 0x0e, 0x02, 0x0f,
    0x00, 0x9b, 0x02, 0x10, 0x02, 0x11, 0x02, 0x12, 0x02, 0x13, 0x02, 0x14, 0x02, 0x15, 0x02, 0x16,
    0x02, 0x17, 0x02, 0x18, 0x02, 0x19, 0x02, 0x1a, 0x02, 0x1b, 0x02, 0x1c, 0x02, 0x1d, 0x02, 0x1e,
    0x02, 0x1f, 0x02, 0x20, 0x02, 0x21, 0x02, 0x22, 0x02, 0x23, 0x02, 0x24, 0x02, 0x25, 0x02, 0x26,
    0x02, 0x27, 0x02, 0x28, 0x02, 0x29, 0x02, 0x2a, 0x02, 0x2b, 0x02, 0x2c, 0x02, 0x2d, 0x02, 0x2e,
    0x02, 0x2f, 0x02, 0x30, 0x02, 0x31, 0x02, 0x32, 0x02, 0x33, 0x02, 0x34, 0x02, 0x35, 0x02, 0x36,
    0x02, 0x37, 0x02, 0x38, 0x02, 0x39, 0x02, 0x3a, 0x02, 0x3b, 0x02, 0x3c, 0x02, 0x3d, 0x02, 0x3e,
    0x02, 0x3f, 0x02, 0x40, 0x02, 0x41, 0x02, 0x42, 0x02, 0x43, 0x02, 0x44, 0x02, 0x45, 0x02, 0x46,
    0x02, 0x47, 0x02, 0x48, 0x02, 0x49, 0x02, 0x4a, 0x02, 0x4b, 0x02, 0x4c, 0x02, 0x4d, 0x02, 0x4e,
    0x02, 0x4f, 0x02, 0x50, 0x02, 0x51, 0x02, 0x52, 0x02, 0x53, 0x02, 0x54, 0x02, 0x55, 0x02, 0x56,
    0x02, 0x57, 0x02, 0x58, 0x02, 0x59, 0x02, 0x5a, 0x02, 0x5b, 0x02, 0x5c, 0x02, 0x5d, 0x02, 0x5e,
    0x02, 0x5f, 0x02, 0x60, 0x02, 0x61, 0x02, 0x62, 0x02, 0x63, 0x02, 0x64, 0x02, 0x65, 0x02, 0x66,
    0x02, 0x67, 0x02, 0x68, 0x02, 0x69, 0x02, 0x6a, 0x02, 0x6b, 0x02, 0x6c, 0x02, 0x6d, 0x02, 0x6e,
    0x02, 0x6f, 0x02, 0x70, 0x02, 0x71, 0x02, 0x72, 0x02, 0x73, 0x02, 0x74, 0x02, 0x75, 0x02, 0x76,
    0x02, 0x77, 0x02, 0x78, 0x02, 0x79, 0x02, 0x7a, 0x02, 0x7b, 0x02, 0x7c, 0x02, 0x7d, 0x02, 0x7e,
    0x02, 0x7f, 0x02, 0x80, 0x02, 0x81, 0x02, 0x82, 0x02, 0x83, 0x02, 0x84, 0x02, 0x85, 0x02, 0x86,
    0x02, 0x87, 0x02, 0x88, 0x02, 0x89, 0x02, 0x8a, 0x02, 0x8b, 0x02, 0x8c, 0x02, 0x8d, 0x02, 0x8e,
    0x02, 0x8f, 0x02, 0x90, 0x02, 0x91, 0x02, 0x92, 0x02, 0x93, 0x02, 0x94, 0x02, 0x95, 0x02, 0x96,
    0x02, 0x97, 0x02, 0x98, 0x02, 0x99, 0x02, 0x9a, 0x02, 0x9b, 0x02, 0x9c, 0x02, 0x9d, 0x02, 0x9e,
    0x02, 0x9f, 0x02, 0xa0, 0x02, 0xa1, 0x02, 0xa2, 0x02, 0xa3, 0x02, 0xa4, 0x02, 0xa5, 0x02, 0xa6,
    0x02, 0xa7, 0x02, 0xa8, 0x02, 0xa9, 0x02, 0xaa, 0x02, 0xab, 0x02, 0xac, 0x02, 0xad, 0x02, 0xae,
    0x02, 0xaf, 0x02, 0xb0, 0x02, 0xb1, 0x02, 0xb2, 0x02, 0xb3, 0x02, 0xb4, 0x02, 0xb5, 0x02, 0xb6,
    0x02, 0xb7, 0x02, 0xb8, 0x02, 0xb9, 0x02, 0xba, 0x02, 0xbb, 0x02, 0xbc, 0x02, 0xbd, 0x02, 0xbe,
    0x02, 0xbf, 0x02, 0xc0, 0x02, 0xc1, 0x02, 0xc2, 0x02, 0xc3, 0x02, 0xc4, 0x02, 0xc5, 0x02, 0xc6,
    0x02, 0xc7, 0x02, 0xc8, 0x02, 0xc9, 0x02, 0xca, 0x02, 0xcb, 0x02, 0xcc, 0x02, 0xcd, 0x02, 0xce,
    0x02, 0xcf, 0x02, 0xd0, 0x02, 0xd1, 0x02, 0xd2, 0x02, 0xd3, 0x02, 0xd4, 0x02, 0xd5, 0x02, 0xd6,
    0x02, 0xd7, 0x02, 0xd8, 0x02, 0xd9, 0x02, 0xda, 0x02, 0xdb, 0x02, 0xdc, 0x02, 0xdd, 0x02, 0xde,
    0x02, 0xdf, 0x02, 0xe0, 0x02, 0xe1, 0x02, 0xe2, 0x02, 0xe3, 0x02, 0xe4, 0x02, 0xe5, 0x02, 0xe6,
    0x02, 0xe7, 0x02, 0xe8, 0x02, 0xe9, 0x02, 0xea, 0x02, 0xeb, 0x02, 0xec, 0x02, 0xed, 0x02, 0xee,
    0x02, 0xef, 0x02, 0xf0, 0x02, 0xf1, 0x02, 0xf2, 0x02, 0xf3, 0x02, 0xf4, 0x02, 0xf5, 0x02, 0xf6,
    0x02, 0xf7, 0x02, 0xf8, 0x02, 0xf9, 0x02, 0xfa, 0x02, 0xfb, 0x02, 0xfc, 0x02, 0xfd, 0x02, 0xfe,
    0x02, 0xff, 0x03, 0x00, 0x03, 0x01, 0x03, 0x02, 0x03, 0x03, 0x03, 0x04, 0x03, 0x05, 0x03, 0x06,
    0x03, 0x07, 0x03, 0x08, 0x03, 0x09, 0x03, 0x0a, 0x03, 0x0b, 0x03, 0x0c, 0x03, 0x0d, 0x03, 0x0e,
    0x03, 0x0f, 0x03, 0x10, 0x03, 0x11, 0x03, 0x12, 0x03, 0x13, 0x03, 0x14, 0x03, 0x15, 0x03, 0x16,
    0x03, 0x17, 0x03, 0x18, 0x03, 0x19, 0x03, 0x1a, 0x03, 0x1b, 0x03, 0x1c, 0x03, 0x1d, 0x03, 0x1e,
    0x03, 0x1f, 0x03, 0x20, 0x03, 0x21, 0x03, 0x22, 0x03, 0x23, 0x03, 0x24, 0x03, 0x25, 0x03, 0x26,
    0x03, 0x27, 0x03, 0x28, 0x03, 0x29, 0x03, 0x2a, 0x03, 0x2b, 0x03, 0x2c, 0x03, 0x2d, 0x03, 0x2e,
    0x03, 0x2f, 0x03, 0x30, 0x03, 0x31, 0x03, 0x32, 0x03, 0x33, 0x03, 0x34, 0x03, 0x35, 0x03, 0x36,
    0x03, 0x37, 0x03, 0x38, 0x03, 0x39, 0x03, 0x3a, 0x03, 0x3b, 0x03, 0x3c, 0x03, 0x3d, 0x03, 0x3e,
    0x03, 0x3f, 0x03, 0x40, 0x03, 0x41, 0x03, 0x42, 0x00, 0xb2, 0x00, 0xb3, 0x03, 0x43, 0x03, 0x44,
    0x03, 0x45, 0x00, 0xb6, 0x00, 0xb7, 0x00, 0xc4, 0x03, 0x46, 0x00, 0xb4, 0x00, 0xb5, 0x00, 0xc5,
    0x03, 0x47, 0x00, 0x82, 0x00, 0xc2, 0x00, 0x87, 0x03, 0x48, 0x00, 0xab, 0x00, 0xc6, 0x03, 0x49,
    0x03, 0x4a, 0x03, 0x4b, 0x03, 0x4c, 0x03, 0x4d, 0x03, 0x4e, 0x03, 0x4f, 0x03, 0x50, 0x03, 0x51,
    0x03, 0x52, 0x03, 0x53, 0x03, 0x54, 0x03, 0x55, 0x03, 0x56, 0x03, 0x57, 0x03, 0x58, 0x03, 0x59,
    0x03, 0x5a, 0x03, 0x5b, 0x03, 0x5c, 0x03, 0x5d, 0x03, 0x5e, 0x03, 0x5f, 0x03, 0x60, 0x03, 0x61,
    0x03, 0x62, 0x00, 0x8c, 0x03, 0x63, 0x03, 0x64, 0x00, 0xef, 0x00, 0x8f, 0x03, 0x65, 0x03, 0x66,
    0x03, 0x67, 0x03, 0x68, 0x03, 0x69, 0x03, 0x6a, 0x03, 0x6b, 0x03, 0x6c, 0x03, 0x6d, 0x03, 0x6e,
    0x03, 0x6f, 0x03, 0x70, 0x03, 0x71, 0x03, 0x72, 0x03, 0x73, 0x03, 0x74, 0x03, 0x75, 0x03, 0x76,
    0x03, 0x77, 0x03, 0x78, 0x03, 0x79, 0x03, 0x7a, 0x03, 0x7b, 0x03, 0x7c, 0x03, 0x7d, 0x03, 0x7e,
    0x03, 0x7f, 0x03, 0x80, 0x03, 0x81, 0x03, 0x82, 0x03, 0x83, 0x03, 0x84, 0x03, 0x85, 0x03, 0x86,
    0x03, 0x87, 0x03, 0x88, 0x03, 0x89, 0x03, 0x8a, 0x03, 0x8b, 0x03, 0x8c, 0x03, 0x8d, 0x03, 0x8e,
    0x03, 0x8f, 0x03, 0x90, 0x03, 0x91, 0x03, 0x92, 0x03, 0x93, 0x03, 0x94, 0x03, 0x95, 0x03, 0x96,
    0x03, 0x97, 0x03, 0x98, 0x03, 0x99, 0x03, 0x9a, 0x03, 0x9b, 0x03, 0x9c, 0x03, 0x9d, 0x03, 0x9e,
    0x03, 0x9f, 0x03, 0xa0, 0x03, 0xa1, 0x03, 0xa2, 0x03, 0xa3, 0x03, 0xa4, 0x03, 0xa5, 0x07, 0x75,
    0x6e, 0x69, 0x30, 0x30, 0x30, 0x30, 0x07, 0x75, 0x6e, 0x69, 0x30, 0x30, 0x30, 0x39, 0x07, 0x75,
    0x6e, 0x69, 0x30, 0x30, 0x41, 0x30, 0x07, 0x75, 0x6e, 0x69, 0x30, 0x30, 0x42, 0x32, 0x07, 0x75,
    0x6e, 0x69, 0x30, 0x30, 0x42, 0x33, 0x07, 0x75, 0x6e, 0x69, 0x30, 0x30, 0x42, 0x39, 0x07, 0x41,
    0x6d, 0x61, 0x63, 0x72, 0x6f, 0x6e, 0x07, 0x61, 0x6d, 0x61, 0x63, 0x72, 0x6f, 0x6e, 0x06, 0x41,
    0x62, 0x72, 0x65, 0x76, 0x65, 0x06, 0x61, 0x62, 0x72, 0x65, 0x76, 0x65, 0x07, 0x41, 0x6f, 0x67,
    0x6f, 0x6e, 0x65, 0x6b, 0x07, 0x61, 0x6f, 0x67, 0x6f, 0x6e, 0x65, 0x6b, 0x0b, 0x43, 0x63, 0x69,
    0x72, 0x63, 0x75, 0x6d, 0x66, 0x6c, 0x65, 0x78, 0x0b, 0x63, 0x63, 0x69, 0x72, 0x63, 0x75, 0x6d,
    0x66, 0x6c, 0x65, 0x78, 0x0a, 0x43, 0x64, 0x6f, 0x74, 0x61, 0x63, 0x63, 0x65, 0x6e, 0x74, 0x0a,
    0x63, 0x64, 0x6f, 0x74, 0x61, 0x63, 0x63, 0x65, 0x6e, 0x74, 0x06, 0x44, 0x63, 0x61, 0x72, 0x6f,
    0x6e, 0x06, 0x64, 0x63, 0x61, 0x72, 0x6f, 0x6e, 0x06, 0x44, 0x63, 0x72, 0x6f, 0x61, 0x74, 0x07,
    0x45, 0x6d, 0x61, 0x63, 0x72, 0x6f, 0x6e, 0x07, 0x65, 0x6d, 0x61, 0x63, 0x72, 0x6f, 0x6e, 0x06,
    0x45, 0x62, 0x72, 0x65, 0x76, 0x65, 0x06, 0x65, 0x62, 0x72, 0x65, 0x76, 0x65, 0x0a, 0x45, 0x64,
    0x6f, 0x74, 0x61, 0x63, 0x63, 0x65, 0x6e, 0x74, 0x0a, 0x65, 0x64, 0x6f, 0x74, 0x61, 0x63, 0x63,
    0x65, 0x6e, 0x74, 0x07, 0x45, 0x6f, 0x67, 0x6f, 0x6e, 0x65, 0x6b, 0x07, 0x65, 0x6f, 0x67, 0x6f,
    0x6e, 0x65, 0x6b, 0x06, 0x45, 0x63, 0x61, 0x72, 0x6f, 0x6e, 0x06, 0x65, 0x63, 0x61, 0x72, 0x6f,
    0x6e, 0x0b, 0x47, 0x63, 0x69, 0x72, 0x63, 0x75, 0x6d, 0x66, 0x6c, 0x65, 0x78, 0x0b, 0x67, 0x63,
    0x69, 0x72, 0x63, 0x75, 0x6d, 0x66, 0x6c, 0x65, 0x78, 0x0a, 0x47, 0x64, 0x6f, 0x74, 0x61, 0x63,
    0x63, 0x65, 0x6e, 0x74, 0x0a, 0x67, 0x64, 0x6f, 0x74, 0x61, 0x63, 0x63, 0x65, 0x6e, 0x74, 0x07,
    0x75, 0x6e, 0x69, 0x30, 0x31, 0x32, 0x32, 0x07, 0x75, 0x6e, 0x69, 0x30, 0x31, 0x32, 0x33, 0x0b,
    0x48, 0x63, 0x69, 0x72, 0x63, 0x75, 0x6d, 0x66, 0x6c, 0x65, 0x78, 0x0b, 0x68, 0x63, 0x69, 0x72,
    0x63, 0x75, 0x6d, 0x66, 0x6c, 0x65, 0x78, 0x04, 0x48, 0x62, 0x61, 0x72, 0x04, 0x68, 0x62, 0x61,
    0x72, 0x06, 0x49, 0x74, 0x69, 0x6c, 0x64, 0x65, 0x06, 0x69, 0x74, 0x69, 0x6c, 0x64, 0x65, 0x07,
    0x49, 0x6d, 0x61, 0x63, 0x72, 0x6f, 0x6e, 0x07, 0x69, 0x6d, 0x61, 0x63, 0x72, 0x6f, 0x6e, 0x06,
    0x49, 0x62, 0x72, 0x65, 0x76, 0x65, 0x06, 0x69, 0x62, 0x72, 0x65, 0x76, 0x65, 0x07, 0x49, 0x6f,
    0x67, 0x6f, 0x6e, 0x65, 0x6b, 0x07, 0x69, 0x6f, 0x67, 0x6f, 0x6e, 0x65, 0x6b, 0x0a, 0x49, 0x64,
    0x6f, 0x74, 0x61, 0x63, 0x63, 0x65, 0x6e, 0x74, 0x02, 0x49, 0x4a, 0x02, 0x69, 0x6a, 0x0b, 0x4a,
    0x63, 0x69, 0x72, 0x63, 0x75, 0x6d, 0x66, 0x6c, 0x65, 0x78, 0x0b, 0x6a, 0x63, 0x69, 0x72, 0x63,
    0x75, 0x6d, 0x66, 0x6c, 0x65, 0x78, 0x07, 0x75, 0x6e, 0x69, 0x30, 0x31, 0x33, 0x36, 0x07, 0x75,
    0x6e, 0x69, 0x30, 0x31, 0x33, 0x37, 0x0c, 0x6b, 0x67, 0x72, 0x65, 0x65, 0x6e, 0x6c, 0x61, 0x6e,
    0x64, 0x69, 0x63, 0x06, 0x4c, 0x61, 0x63, 0x75, 0x74, 0x65, 0x06, 0x6c, 0x61, 0x63, 0x75, 0x74,
    0x65, 0x07, 0x75, 0x6e, 0x69, 0x30, 0x31, 0x33, 0x42, 0x07, 0x75, 0x6e, 0x69, 0x30, 0x31, 0x33,
    0x43, 0x06, 0x4c, 0x63, 0x61, 0x72, 0x6f, 0x6e, 0x06, 0x6c, 0x63, 0x61, 0x72, 0x6f, 0x6e, 0x04,
    0x4c, 0x64, 0x6f, 0x74, 0x04, 0x6c, 0x64, 0x6f, 0x74, 0x06, 0x4e, 0x61, 0x63, 0x75, 0x74, 0x65,
    0x06, 0x6e, 0x61, 0x63, 0x75, 0x74, 0x65, 0x07, 0x75, 0x6e, 0x69, 0x30, 0x31, 0x34, 0x35, 0x07,
    0x75, 0x6e, 0x69, 0x30, 0x31, 0x34, 0x36, 0x06, 0x4e, 0x63, 0x61, 0x72, 0x6f, 0x6e, 0x06, 0x6e,
    0x63, 0x61, 0x72, 0x6f, 0x6e, 0x0b, 0x6e, 0x61, 0x70, 0x6f, 0x73, 0x74, 0x72, 0x6f, 0x70, 0x68,
    0x65, 0x03, 0x45, 0x6e, 0x67, 0x03, 0x65, 0x6e, 0x67, 0x07, 0x4f, 0x6d, 0x61, 0x63, 0x72, 0x6f,
    0x6e, 0x07, 0x6f, 0x6d, 0x61, 0x63, 0x72, 0x6f, 0x6e, 0x06, 0x4f, 0x62, 0x72, 0x65, 0x76, 0x65,
    0x06, 0x6f, 0x62, 0x72, 0x65, 0x76, 0x65, 0x0d, 0x4f, 0x68, 0x75, 0x6e, 0x67, 0x61, 0x72, 0x75,
    0x6d, 0x6c, 0x61, 0x75, 0x74, 0x0d, 0x6f, 0x68, 0x75, 0x6e, 0x67, 0x61, 0x72, 0x75, 0x6d, 0x6c,
    0x61, 0x75, 0x74, 0x06, 0x52, 0x61, 0x63, 0x75, 0x74, 0x65, 0x06, 0x72, 0x61, 0x63, 0x75, 0x74,
    0x65, 0x07, 0x75, 0x6e, 0x69, 0x30, 0x31, 0x35, 0x36, 0x07, 0x75, 0x6e, 0x69, 0x30, 0x31, 0x35,
    0x37, 0x06, 0x52, 0x63, 0x61, 0x72, 0x6f, 0x6e, 0x06, 0x72, 0x63, 0x61, 0x72, 0x6f, 0x6e, 0x06,
    0x53, 0x61, 0x63, 0x75, 0x74, 0x65, 0x06, 0x73, 0x61, 0x63, 0x75, 0x74, 0x65, 0x0b, 0x53, 0x63,
    0x69, 0x72, 0x63, 0x75, 0x6d, 0x66, 0x6c, 0x65, 0x78, 0x0b, 0x73, 0x63, 0x69, 0x72, 0x63, 0x75,
    0x6d, 0x66, 0x6c, 0x65, 0x78, 0x07, 0x75, 0x6e, 0x69, 0x30, 0x31, 0x36, 0x32, 0x07, 0x75, 0x6e,
    0x69, 0x30, 0x31, 0x36, 0x33, 0x06, 0x54, 0x63, 0x61, 0x72, 0x6f, 0x6e, 0x06, 0x74, 0x63, 0x61,
    0x72, 0x6f, 0x6e, 0x04, 0x54, 0x62, 0x61, 0x72, 0x04, 0x74, 0x62, 0x61, 0x72, 0x06, 0x55, 0x74,
    0x69, 0x6c, 0x64, 0x65, 0x06, 0x75, 0x74, 0x69, 0x6c, 0x64, 0x65, 0x07, 0x55, 0x6d, 0x61, 0x63,
    0x72, 0x6f, 0x6e, 0x07, 0x75, 0x6d, 0x61, 0x63, 0x72, 0x6f, 0x6e, 0x06, 0x55, 0x62, 0x72, 0x65,
    0x76, 0x65, 0x06, 0x75, 0x62, 0x72, 0x65, 0x76, 0x65, 0x05, 0x55, 0x72, 0x69, 0x6e, 0x67, 0x05,
    0x75, 0x72, 0x69, 0x6e, 0x67, 0x0d, 0x55, 0x68, 0x75, 0x6e, 0x67, 0x61, 0x72, 0x75, 0x6d, 0x6c,
    0x61, 0x75, 0x74, 0x0d, 0x75, 0x68, 0x75, 0x6e, 0x67, 0x61, 0x72, 0x75, 0x6d, 0x6c, 0x61, 0x75,
    0x74, 0x07, 0x55, 0x6f, 0x67, 0x6f, 0x6e, 0x65, 0x6b, 0x07, 0x75, 0x6f, 0x67, 0x6f, 0x6e, 0x65,
    0x6b, 0x0b, 0x57, 0x63, 0x69, 0x72, 0x63, 0x75, 0x6d, 0x66, 0x6c, 0x65, 0x78, 0x0b, 0x77, 0x63,
    0x69, 0x72, 0x63, 0x75, 0x6d, 0x66, 0x6c, 0x65, 0x78, 0x0b, 0x59, 0x63, 0x69, 0x72, 0x63, 0x75,
    0x6d, 0x66, 0x6c, 0x65, 0x78, 0x0b, 0x79, 0x63, 0x69, 0x72, 0x63, 0x75, 0x6d, 0x66, 0x6c, 0x65,
    0x78, 0x06, 0x5a, 0x61, 0x63, 0x75, 0x74, 0x65, 0x06, 0x7a, 0x61, 0x63, 0x75, 0x74, 0x65, 0x0a,
    0x5a, 0x64, 0x6f, 0x74, 0x61, 0x63, 0x63, 0x65, 0x6e, 0x74, 0x0a, 0x7a, 0x64, 0x6f, 0x74, 0x61,
    0x63, 0x63, 0x65, 0x6e, 0x74, 0x05, 0x6c, 0x6f, 0x6e, 0x67, 0x73, 0x07, 0x75, 0x6e, 0x69, 0x30,
    0x31, 0x38, 0x31, 0x07, 0x75, 0x6e, 0x69, 0x30, 0x31, 0x38, 0x36, 0x07, 0x75, 0x6e, 0x69, 0x30,
    0x31, 0x38, 0x39, 0x07, 0x75, 0x6e, 0x69, 0x30, 0x31, 0x38, 0x41, 0x07, 0x75, 0x6e, 0x69, 0x30,
    0x31, 0x38, 0x46, 0x07, 0x75, 0x6e, 0x69, 0x30, 0x31, 0x39, 0x30, 0x07, 0x75, 0x6e, 0x69, 0x30,
    0x31, 0x39, 0x31, 0x07, 0x75, 0x6e, 0x69, 0x30, 0x31, 0x39, 0x33, 0x07, 0x75, 0x6e, 0x69, 0x30,
    0x31, 0x39, 0x34, 0x07, 0x75, 0x6e, 0x69, 0x30, 0x31, 0x39, 0x37, 0x07, 0x75, 0x6e, 0x69, 0x30,
    0x31, 0x39, 0x38, 0x07, 0x75, 0x6e, 0x69, 0x30, 0x31, 0x39, 0x39, 0x07, 0x75, 0x6e, 0x69, 0x30,
    0x31, 0x39, 0x44, 0x05, 0x4f, 0x68, 0x6f, 0x72, 0x6e, 0x05, 0x6f, 0x68, 0x6f, 0x72, 0x6e, 0x07,
    0x75, 0x6e, 0x69, 0x30, 0x31, 0x41, 0x32, 0x07, 0x75, 0x6e, 0x69, 0x30, 0x31, 0x41, 0x33, 0x05,
    0x55, 0x68, 0x6f, 0x72, 0x6e, 0x05, 0x75, 0x68, 0x6f, 0x72, 0x6e, 0x07, 0x75, 0x6e, 0x69, 0x30,
    0x31, 0x42, 0x32, 0x07, 0x75, 0x6e, 0x69, 0x30, 0x31, 0x42, 0x33, 0x07, 0x75, 0x6e, 0x69, 0x30,
    0x31, 0x42, 0x34, 0x07, 0x75, 0x6e, 0x69, 0x30, 0x31, 0x42, 0x37, 0x07, 0x75, 0x6e, 0x69, 0x30,
    0x31, 0x43, 0x30, 0x07, 0x75, 0x6e, 0x69, 0x30, 0x31, 0x43, 0x31, 0x07, 0x75, 0x6e, 0x69, 0x30,
    0x31, 0x43, 0x32, 0x07, 0x75, 0x6e, 0x69, 0x30, 0x31, 0x43, 0x33, 0x07, 0x75, 0x6e, 0x69, 0x30,
    0x31, 0x43, 0x41, 0x07, 0x75, 0x6e, 0x69, 0x30, 0x31, 0x43, 0x42, 0x07, 0x75, 0x6e, 0x69, 0x30,
    0x31, 0x43, 0x43, 0x07, 0x75, 0x6e, 0x69, 0x30, 0x31, 0x43, 0x44, 0x07, 0x75, 0x6e, 0x69, 0x30,
    0x31, 0x43, 0x45, 0x07, 0x75, 0x6e, 0x69, 0x30, 0x31, 0x43, 0x46, 0x07, 0x75, 0x6e, 0x69, 0x30,
    0x31, 0x44, 0x30, 0x07, 0x75, 0x6e, 0x69, 0x30, 0x31, 0x44, 0x31, 0x07, 0x75, 0x6e, 0x69, 0x30,
    0x31, 0x44, 0x32, 0x07, 0x75, 0x6e, 0x69, 0x30, 0x31, 0x44, 0x33, 0x07, 0x75, 0x6e, 0x69, 0x30,
    0x31, 0x44, 0x34, 0x07, 0x75, 0x6e, 0x69, 0x30, 0x31, 0x44, 0x35, 0x07, 0x75, 0x6e, 0x69, 0x30,
    0x31, 0x44, 0x36, 0x07, 0x75, 0x6e, 0x69, 0x30, 0x31, 0x44, 0x37, 0x07, 0x75, 0x6e, 0x69, 0x30,
    0x31, 0x44, 0x38, 0x07, 0x75, 0x6e, 0x69, 0x30, 0x31, 0x44, 0x39, 0x07, 0x75, 0x6e, 0x69, 0x30,
    0x31, 0x44, 0x41, 0x07, 0x75, 0x6e, 0x69, 0x30, 0x31, 0x44, 0x42, 0x07, 0x75, 0x6e, 0x69, 0x30,
    0x31, 0x44, 0x43, 0x07, 0x75, 0x6e, 0x69, 0x30, 0x31, 0x44, 0x45, 0x07, 0x75, 0x6e, 0x69, 0x30,
    0x31, 0x44, 0x46, 0x07, 0x75, 0x6e, 0x69, 0x30, 0x31, 0x45, 0x34, 0x07, 0x75, 0x6e, 0x69, 0x30,
    0x31, 0x45, 0x35, 0x06, 0x47, 0x63, 0x61, 0x72, 0x6f, 0x6e, 0x06, 0x67, 0x63, 0x61, 0x72, 0x6f,
    0x6e, 0x07, 0x75, 0x6e, 0x69, 0x30, 0x31, 0x45, 0x38, 0x07, 0x75, 0x6e, 0x69, 0x30, 0x31, 0x45,
    0x39, 0x07, 0x75, 0x6e, 0x69, 0x30, 0x31, 0x45, 0x41, 0x07, 0x75, 0x6e, 0x69, 0x30, 0x31, 0x45,
    0x42, 0x07, 0x75, 0x6e, 0x69, 0x30, 0x31, 0x45, 0x45, 0x07, 0x75, 0x6e, 0x69, 0x30, 0x31, 0x45,
    0x46, 0x07, 0x75, 0x6e, 0x69, 0x30, 0x31, 0x46, 0x34, 0x07, 0x75, 0x6e, 0x69, 0x30, 0x31, 0x46,
    0x35, 0x07, 0x75, 0x6e, 0x69, 0x30, 0x31, 0x46, 0x38, 0x07, 0x75, 0x6e, 0x69, 0x30, 0x31, 0x46,
    0x39, 0x07, 0x75, 0x6e, 0x69, 0x30, 0x32, 0x31, 0x38, 0x07, 0x75, 0x6e, 0x69, 0x30, 0x32, 0x31,
    0x39, 0x07, 0x75, 0x6e, 0x69, 0x30, 0x32, 0x31, 0x41, 0x07, 0x75, 0x6e, 0x69, 0x30, 0x32, 0x31,
    0x42, 0x07, 0x75, 0x6e, 0x69, 0x30, 0x32, 0x31, 0x45, 0x07, 0x75, 0x6e, 0x69, 0x30, 0x32, 0x31,
    0x46, 0x07, 0x75, 0x6e, 0x69, 0x30, 0x32, 0x32, 0x43, 0x07, 0x75, 0x6e, 0x69, 0x30, 0x32, 0x32,
    0x44, 0x07, 0x75, 0x6e, 0x69, 0x30, 0x32, 0x32, 0x45, 0x07, 0x75, 0x6e, 0x69, 0x30, 0x32, 0x32,
    0x46, 0x07, 0x75, 0x6e, 0x69, 0x30, 0x32, 0x33, 0x30, 0x07, 0x75, 0x6e, 0x69, 0x30, 0x32, 0x33,
    0x31, 0x07, 0x75, 0x6e, 0x69, 0x30, 0x32, 0x33, 0x32, 0x07, 0x75, 0x6e, 0x69, 0x30, 0x32, 0x33,
    0x33, 0x07, 0x75, 0x6e, 0x69, 0x30, 0x32, 0x34, 0x34, 0x07, 0x75, 0x6e, 0x69, 0x30, 0x32, 0x35,
    0x33, 0x07, 0x75, 0x6e, 0x69, 0x30, 0x32, 0x35, 0x34, 0x07, 0x75, 0x6e, 0x69, 0x30, 0x32, 0x35,
    0x36, 0x07, 0x75, 0x6e, 0x69, 0x30, 0x32, 0x35, 0x37, 0x07, 0x75, 0x6e, 0x69, 0x30, 0x32, 0x35,
    0x39, 0x07, 0x75, 0x6e, 0x69, 0x30, 0x32, 0x35, 0x42, 0x07, 0x75, 0x6e, 0x69, 0x30, 0x32, 0x36,
    0x30, 0x07, 0x75, 0x6e, 0x69, 0x30, 0x32, 0x36, 0x33, 0x07, 0x75, 0x6e, 0x69, 0x30, 0x32, 0x36,
    0x38, 0x07, 0x75, 0x6e, 0x69, 0x30, 0x32, 0x37, 0x32, 0x07, 0x75, 0x6e, 0x69, 0x30, 0x32, 0x37,
    0x38, 0x07, 0x75, 0x6e, 0x69, 0x30, 0x32, 0x38, 0x39, 0x07, 0x75, 0x6e, 0x69, 0x30, 0x32, 0x38,
    0x42, 0x07, 0x75, 0x6e, 0x69, 0x30, 0x32, 0x39, 0x32, 0x07, 0x75, 0x6e, 0x69, 0x30, 0x32, 0x39,
    0x34, 0x07, 0x75, 0x6e, 0x69, 0x30, 0x32, 0x42, 0x39, 0x07, 0x75, 0x6e, 0x69, 0x30, 0x32, 0x42,
    0x41, 0x07, 0x75, 0x6e, 0x69, 0x30, 0x32, 0x42, 0x42, 0x07, 0x75, 0x6e, 0x69, 0x30, 0x32, 0x42,
    0x43, 0x07, 0x75, 0x6e, 0x69, 0x30, 0x32, 0x42, 0x44, 0x07, 0x75, 0x6e, 0x69, 0x30, 0x32, 0x44,
    0x30, 0x07, 0x75, 0x6e, 0x69, 0x30, 0x32, 0x44, 0x31, 0x07, 0x75, 0x6e, 0x69, 0x30, 0x33, 0x37,
    0x45, 0x0a, 0x41, 0x6c, 0x70, 0x68, 0x61, 0x74, 0x6f, 0x6e, 0x6f, 0x73, 0x09, 0x61, 0x6e, 0x6f,
    0x74, 0x65, 0x6c, 0x65, 0x69, 0x61, 0x0c, 0x45, 0x70, 0x73, 0x69, 0x6c, 0x6f, 0x6e, 0x74, 0x6f,
    0x6e, 0x6f, 0x73, 0x08, 0x45, 0x74, 0x61, 0x74, 0x6f, 0x6e, 0x6f, 0x73, 0x09, 0x49, 0x6f, 0x74,
    0x61, 0x74, 0x6f, 0x6e, 0x6f, 0x73, 0x0c, 0x4f, 0x6d, 0x69, 0x63, 0x72, 0x6f, 0x6e, 0x74, 0x6f,
    0x6e, 0x6f, 0x73, 0x0c, 0x55, 0x70, 0x73, 0x69, 0x6c, 0x6f, 0x6e, 0x74, 0x6f, 0x6e, 0x6f, 0x73,
    0x0a, 0x4f, 0x6d, 0x65, 0x67, 0x61, 0x74, 0x6f, 0x6e, 0x6f, 0x73, 0x11, 0x69, 0x6f, 0x74, 0x61,
    0x64, 0x69, 0x65, 0x72, 0x65, 0x73, 0x69, 0x73, 0x74, 0x6f, 0x6e, 0x6f, 0x73, 0x05, 0x41, 0x6c,
    0x70, 0x68, 0x61, 0x04, 0x42, 0x65, 0x74, 0x61, 0x05, 0x47, 0x61, 0x6d, 0x6d, 0x61, 0x07, 0x75,
    0x6e, 0x69, 0x30, 0x33, 0x39, 0x34, 0x07, 0x45, 0x70, 0x73, 0x69, 0x6c, 0x6f, 0x6e, 0x04, 0x5a,
    0x65, 0x74, 0x61, 0x03, 0x45, 0x74, 0x61, 0x05, 0x54, 0x68, 0x65, 0x74, 0x61, 0x04, 0x49, 0x6f,
    0x74, 0x61, 0x05, 0x4b, 0x61, 0x70, 0x70, 0x61, 0x06, 0x4c, 0x61, 0x6d, 0x62, 0x64, 0x61, 0x02,
    0x4d, 0x75, 0x02, 0x4e, 0x75, 0x02, 0x58, 0x69, 0x07, 0x4f, 0x6d, 0x69, 0x63, 0x72, 0x6f, 0x6e,
    0x02, 0x50, 0x69, 0x03, 0x52, 0x68, 0x6f, 0x05, 0x53, 0x69, 0x67, 0x6d, 0x61, 0x03, 0x54, 0x61,
    0x75, 0x07, 0x55, 0x70, 0x73, 0x69, 0x6c, 0x6f, 0x6e, 0x03, 0x50, 0x68, 0x69, 0x03, 0x43, 0x68,
    0x69, 0x03, 0x50, 0x73, 0x69, 0x07, 0x75, 0x6e, 0x69, 0x30, 0x33, 0x41, 0x39, 0x0c, 0x49, 0x6f,
    0x74, 0x61, 0x64, 0x69, 0x65, 0x72, 0x65, 0x73, 0x69, 0x73, 0x0f, 0x55, 0x70, 0x73, 0x69, 0x6c,
    0x6f, 0x6e, 0x64, 0x69, 0x65, 0x72, 0x65, 0x73, 0x69, 0x73, 0x0a, 0x61, 0x6c, 0x70, 0x68, 0x61,
    0x74, 0x6f, 0x6e, 0x6f, 0x73, 0x0c, 0x65, 0x70, 0x73, 0x69, 0x6c, 0x6f, 0x6e, 0x74, 0x6f, 0x6e,
    0x6f, 0x73, 0x08, 0x65, 0x74, 0x61, 0x74, 0x6f, 0x6e, 0x6f, 0x73, 0x09, 0x69, 0x6f, 0x74, 0x61,
    0x74, 0x6f, 0x6e, 0x6f, 0x73, 0x14, 0x75, 0x70, 0x73, 0x69, 0x6c, 0x6f, 0x6e, 0x64, 0x69, 0x65,
    0x72, 0x65, 0x73, 0x69, 0x73, 0x74, 0x6f, 0x6e, 0x6f, 0x73, 0x05, 0x61, 0x6c, 0x70, 0x68, 0x61,
    0x04, 0x62, 0x65, 0x74, 0x61, 0x05, 0x67, 0x61, 0x6d, 0x6d, 0x61, 0x05, 0x64, 0x65, 0x6c, 0x74,
    0x61, 0x07, 0x65, 0x70, 0x73, 0x69, 0x6c, 0x6f, 0x6e, 0x04, 0x7a, 0x65, 0x74, 0x61, 0x03, 0x65,
    0x74, 0x61, 0x05, 0x74, 0x68, 0x65, 0x74, 0x61, 0x04, 0x69, 0x6f, 0x74, 0x61, 0x05, 0x6b, 0x61,
    0x70, 0x70, 0x61, 0x06, 0x6c, 0x61, 0x6d, 0x62, 0x64, 0x61, 0x07, 0x75, 0x6e, 0x69, 0x30, 0x33,
    0x42, 0x43, 0x02, 0x6e, 0x75, 0x02, 0x78, 0x69, 0x07, 0x6f, 0x6d, 0x69, 0x63, 0x72, 0x6f, 0x6e,
    0x03, 0x72, 0x68, 0x6f, 0x06, 0x73, 0x69, 0x67, 0x6d, 0x61, 0x31, 0x05, 0x73, 0x69, 0x67, 0x6d,
    0x61, 0x03, 0x74, 0x61, 0x75, 0x07, 0x75, 0x70, 0x73, 0x69, 0x6c, 0x6f, 0x6e, 0x03, 0x70, 0x68,
    0x69, 0x03, 0x63, 0x68, 0x69, 0x03, 0x70, 0x73, 0x69, 0x05, 0x6f, 0x6d, 0x65, 0x67, 0x61, 0x0c,
    0x69, 0x6f, 0x74, 0x61, 0x64, 0x69, 0x65, 0x72, 0x65, 0x73, 0x69, 0x73, 0x0f, 0x75, 0x70, 0x73,
    0x69, 0x6c, 0x6f, 0x6e, 0x64, 0x69, 0x65, 0x72, 0x65, 0x73, 0x69, 0x73, 0x0c, 0x6f, 0x6d, 0x69,
    0x63, 0x72, 0x6f, 0x6e, 0x74, 0x6f, 0x6e, 0x6f, 0x73, 0x0c, 0x75, 0x70, 0x73, 0x69, 0x6c, 0x6f,
    0x6e, 0x74, 0x6f, 0x6e, 0x6f, 0x73, 0x0a, 0x6f, 0x6d, 0x65, 0x67, 0x61, 0x74, 0x6f, 0x6e, 0x6f,
    0x73, 0x07, 0x75, 0x6e, 0x69, 0x30, 0x33, 0x44, 0x30, 0x06, 0x74, 0x68, 0x65, 0x74, 0x61, 0x31,
    0x04, 0x70, 0x68, 0x69, 0x31, 0x07, 0x75, 0x6e, 0x69, 0x30, 0x33, 0x44, 0x41, 0x07, 0x75, 0x6e,
    0x69, 0x30, 0x33, 0x44, 0x42, 0x07, 0x75, 0x6e, 0x69, 0x30, 0x33, 0x46, 0x32, 0x07, 0x75, 0x6e,
    0x69, 0x30, 0x33, 0x46, 0x34, 0x07, 0x75, 0x6e, 0x69, 0x30, 0x33, 0x46, 0x39, 0x07, 0x75, 0x6e,
    0x69, 0x30, 0x34, 0x30, 0x30, 0x07, 0x75, 0x6e, 0x69, 0x30, 0x34, 0x30, 0x31, 0x07, 0x75, 0x6e,
    0x69, 0x30, 0x34, 0x30, 0x32, 0x07, 0x75, 0x6e, 0x69, 0x30, 0x34, 0x30, 0x33, 0x07, 0x75, 0x6e,
    0x69, 0x30, 0x34, 0x30, 0x34, 0x07, 0x75, 0x6e, 0x69, 0x30, 0x34, 0x30, 0x35, 0x07, 0x75, 0x6e,
    0x69, 0x30, 0x34, 0x30, 0x36, 0x07, 0x75, 0x6e, 0x69, 0x30, 0x34, 0x30, 0x37, 0x07, 0x75, 0x6e,
    0x69, 0x30, 0x34, 0x30, 0x38, 0x07, 0x75, 0x6e, 0x69, 0x30, 0x34, 0x30, 0x39, 0x07, 0x75, 0x6e,
    0x69, 0x30, 0x34, 0x30, 0x41, 0x07, 0x75, 0x6e, 0x69, 0x30, 0x34, 0x30, 0x42, 0x07, 0x75, 0x6e,
    0x69, 0x30, 0x34, 0x30, 0x43, 0x07, 0x75, 0x6e, 0x69, 0x30, 0x34, 0x30, 0x44, 0x07, 0x75, 0x6e,
    0x69, 0x30, 0x34, 0x30, 0x45, 0x07, 0x75, 0x6e, 0x69, 0x30, 0x34, 0x30, 0x46, 0x07, 0x75, 0x6e,
    0x69, 0x30, 0x34, 0x31, 0x30, 0x07, 0x75, 0x6e, 0x69, 0x30, 0x34, 0x31, 0x31, 0x07, 0x75, 0x6e,
    0x69, 0x30, 0x34, 0x31, 0x32, 0x07, 0x75, 0x6e, 0x69, 0x30, 0x34, 0x31, 0x33, 0x07, 0x75, 0x6e,
    0x69, 0x30, 0x34, 0x31, 0x34, 0x07, 0x75, 0x6e, 0x69, 0x30, 0x34, 0x31, 0x35, 0x07, 0x75, 0x6e,
    0x69, 0x30, 0x34, 0x31, 0x36, 0x07, 0x75, 0x6e, 0x69, 0x30, 0x34, 0x31, 0x37, 0x07, 0x75, 0x6e,
    0x69, 0x30, 0x34, 0x31, 0x38, 0x07, 0x75, 0x6e, 0x69, 0x30, 0x34, 0x31, 0x39, 0x07, 0x75, 0x6e,
    0x69, 0x30, 0x34, 0x31, 0x41, 0x07, 0x75, 0x6e, 0x69, 0x30, 0x34, 0x31, 0x42, 0x07, 0x75, 0x6e,
    0x69, 0x30, 0x34, 0x31, 0x43, 0x07, 0x75, 0x6e, 0x69, 0x30, 0x34, 0x31, 0x44, 0x07, 0x75, 0x6e,
    0x69, 0x30, 0x34, 0x31, 0x45, 0x07, 0x75, 0x6e, 0x69, 0x30, 0x34, 0x31, 0x46, 0x07, 0x75, 0x6e,
    0x69, 0x30, 0x34, 0x32, 0x30, 0x07, 0x75, 0x6e, 0x69, 0x30, 0x34, 0x32, 0x31, 0x07, 0x75, 0x6e,
    0x69, 0x30, 0x34, 0x32, 0x32, 0x07, 0x75, 0x6e, 0x69, 0x30, 0x34, 0x32, 0x33, 0x07, 0x75, 0x6e,
    0x69, 0x30, 0x34, 0x32, 0x34, 0x07, 0x75, 0x6e, 0x69, 0x30, 0x34, 0x32, 0x35, 0x07, 0x75, 0x6e,
    0x69, 0x30, 0x34, 0x32, 0x36, 0x07, 0x75, 0x6e, 0x69, 0x30, 0x34, 0x32, 0x37, 0x07, 0x75, 0x6e,
    0x69, 0x30, 0x34, 0x32, 0x38, 0x07, 0x75, 0x6e, 0x69, 0x30, 0x34, 0x32, 0x39, 0x07, 0x75, 0x6e,
    0x69, 0x30, 0x34, 0x32, 0x41, 0x07, 0x75, 0x6e, 0x69, 0x30, 0x34, 0x32, 0x42, 0x07, 0x75, 0x6e,
    0x69, 0x30, 0x34, 0x32, 0x43, 0x07, 0x75, 0x6e, 0x69, 0x30, 0x34, 0x32, 0x44, 0x07, 0x75, 0x6e,
    0x69, 0x30, 0x34, 0x32, 0x45, 0x07, 0x75, 0x6e, 0x69, 0x30, 0x34, 0x32, 0x46, 0x07, 0x75, 0x6e,
    0x69, 0x30, 0x34, 0x33, 0x30, 0x07, 0x75, 0x6e, 0x69, 0x30, 0x34, 0x33, 0x31, 0x07, 0x75, 0x6e,
    0x69, 0x30, 0x34, 0x33, 0x32, 0x07, 0x75, 0x6e, 0x69, 0x30, 0x34, 0x33, 0x33, 0x07, 0x75, 0x6e,
    0x69, 0x30, 0x34, 0x33, 0x34, 0x07, 0x75, 0x6e, 0x69, 0x30, 0x34, 0x33, 0x35, 0x07, 0x75, 0x6e,
    0x69, 0x30, 0x34, 0x33, 0x36, 0x07, 0x75, 0x6e, 0x69, 0x30, 0x34, 0x33, 0x37, 0x07, 0x75, 0x6e,
    0x69, 0x30, 0x34, 0x33, 0x38, 0x07, 0x75, 0x6e, 0x69, 0x30, 0x34, 0x33, 0x39, 0x07, 0x75, 0x6e,
    0x69, 0x30, 0x34, 0x33, 0x41, 0x07, 0x75, 0x6e, 0x69, 0x30, 0x34, 0x33, 0x42, 0x07, 0x75, 0x6e,
    0x69, 0x30, 0x34, 0x33, 0x43, 0x07, 0x75, 0x6e, 0x69, 0x30, 0x34, 0x33, 0x44, 0x07, 0x75, 0x6e,
    0x69, 0x30, 0x34, 0x33, 0x45, 0x07, 0x75, 0x6e, 0x69, 0x30, 0x34, 0x33, 0x46, 0x07, 0x75, 0x6e,
    0x69, 0x30, 0x34, 0x34, 0x30, 0x07, 0x75, 0x6e, 0x69, 0x30, 0x34, 0x34, 0x31, 0x07, 0x75, 0x6e,
    0x69, 0x30, 0x34, 0x34, 0x32, 0x07, 0x75, 0x6e, 0x69, 0x30, 0x34, 0x34, 0x33, 0x07, 0x75, 0x6e,
    0x69, 0x30, 0x34, 0x34, 0x34, 0x07, 0x75, 0x6e, 0x69, 0x30, 0x34, 0x34, 0x35, 0x07, 0x75, 0x6e,
    0x69, 0x30, 0x34, 0x34, 0x36, 0x07, 0x75, 0x6e, 0x69, 0x30, 0x34, 0x34, 0x37, 0x07, 0x75, 0x6e,
    0x69, 0x30, 0x34, 0x34, 0x38, 0x07, 0x75, 0x6e, 0x69, 0x30, 0x34, 0x34, 0x39, 0x07, 0x75, 0x6e,
    0x69, 0x30, 0x34, 0x34, 0x41, 0x07, 0x75, 0x6e, 0x69, 0x30, 0x34, 0x34, 0x42, 0x07, 0x75, 0x6e,
    0x69, 0x30, 0x34, 0x34, 0x43, 0x07, 0x75, 0x6e, 0x69, 0x30, 0x34, 0x34, 0x44, 0x07, 0x75, 0x6e,
    0x69, 0x30, 0x34, 0x34, 0x45, 0x07, 0x75, 0x6e, 0x69, 0x30, 0x34, 0x34, 0x46, 0x07, 0x75, 0x6e,
    0x69, 0x30, 0x34, 0x35, 0x30, 0x07, 0x75, 0x6e, 0x69, 0x30, 0x34, 0x35, 0x31, 0x07, 0x75, 0x6e,
    0x69, 0x30, 0x34, 0x35, 0x32, 0x07, 0x75, 0x6e, 0x69, 0x30, 0x34, 0x35, 0x33, 0x07, 0x75, 0x6e,
    0x69, 0x30, 0x34, 0x35, 0x34, 0x07, 0x75, 0x6e, 0x69, 0x30, 0x34, 0x35, 0x35, 0x07, 0x75, 0x6e,
    0x69, 0x30, 0x34, 0x35, 0x36, 0x07, 0x75, 0x6e, 0x69, 0x30, 0x34, 0x35, 0x37, 0x07, 0x75, 0x6e,
    0x69, 0x30, 0x34, 0x35, 0x38, 0x07, 0x75, 0x6e, 0x69, 0x30, 0x34, 0x35, 0x39, 0x07, 0x75, 0x6e,
    0x69, 0x30, 0x34, 0x35, 0x41, 0x07, 0x75, 0x6e, 0x69, 0x30, 0x34, 0x35, 0x42, 0x07, 0x75, 0x6e,
    0x69, 0x30, 0x34, 0x35, 0x43, 0x07, 0x75, 0x6e, 0x69, 0x30, 0x34, 0x35, 0x44, 0x07, 0x75, 0x6e,
    0x69, 0x30, 0x34, 0x35, 0x45, 0x07, 0x75, 0x6e, 0x69, 0x30, 0x34, 0x35, 0x46, 0x07, 0x75, 0x6e,
    0x69, 0x30, 0x34, 0x39, 0x30, 0x07, 0x75, 0x6e, 0x69, 0x30, 0x34, 0x39, 0x31, 0x07, 0x75, 0x6e,
    0x69, 0x30, 0x34, 0x39, 0x32, 0x07, 0x75, 0x6e, 0x69, 0x30, 0x34, 0x39, 0x33, 0x07, 0x75, 0x6e,
    0x69, 0x30, 0x34, 0x39, 0x36, 0x07, 0x75, 0x6e, 0x69, 0x30, 0x34, 0x39, 0x37, 0x07, 0x75, 0x6e,
    0x69, 0x30, 0x34, 0x39, 0x38, 0x07, 0x75, 0x6e, 0x69, 0x30, 0x34, 0x39, 0x39, 0x07, 0x75, 0x6e,
    0x69, 0x30, 0x34, 0x39, 0x41, 0x07, 0x75, 0x6e, 0x69, 0x30, 0x34, 0x39, 0x42, 0x07, 0x75, 0x6e,
    0x69, 0x30, 0x34, 0x41, 0x30, 0x07, 0x75, 0x6e, 0x69, 0x30, 0x34, 0x41, 0x31, 0x07, 0x75, 0x6e,
    0x69, 0x30, 0x34, 0x41, 0x32, 0x07, 0x75, 0x6e, 0x69, 0x30, 0x34, 0x41, 0x33, 0x07, 0x75, 0x6e,
    0x69, 0x30, 0x34, 0x41, 0x38, 0x07, 0x75, 0x6e, 0x69, 0x30, 0x34, 0x41, 0x39, 0x07, 0x75, 0x6e,
    0x69, 0x30, 0x34, 0x41, 0x41, 0x07, 0x75, 0x6e, 0x69, 0x30, 0x34, 0x41, 0x42, 0x07, 0x75, 0x6e,
    0x69, 0x30, 0x34, 0x41, 0x45, 0x07, 0x75, 0x6e, 0x69, 0x30, 0x34, 0x41, 0x46, 0x07, 0x75, 0x6e,
    0x69, 0x30, 0x34, 0x42, 0x30, 0x07, 0x75, 0x6e, 0x69, 0x30, 0x34, 0x42, 0x31, 0x07, 0x75, 0x6e,
    0x69, 0x30, 0x34, 0x42, 0x32, 0x07, 0x75, 0x6e, 0x69, 0x30, 0x34, 0x42, 0x33, 0x07, 0x75, 0x6e,
    0x69, 0x30, 0x34, 0x42, 0x41, 0x07, 0x75, 0x6e, 0x69, 0x30, 0x34, 0x42, 0x42, 0x07, 0x75, 0x6e,
    0x69, 0x30, 0x34, 0x44, 0x30, 0x07, 0x75, 0x6e, 0x69, 0x30, 0x34, 0x44, 0x31, 0x07, 0x75, 0x6e,
    0x69, 0x30, 0x34, 0x44, 0x36, 0x07, 0x75, 0x6e, 0x69, 0x30, 0x34, 0x44, 0x37, 0x07, 0x75, 0x6e,
    0x69, 0x30, 0x34, 0x44, 0x38, 0x07, 0x75, 0x6e, 0x69, 0x30, 0x34, 0x44, 0x39, 0x07, 0x75, 0x6e,
    0x69, 0x30, 0x34, 0x45, 0x30, 0x07, 0x75, 0x6e, 0x69, 0x30, 0x34, 0x45, 0x31, 0x07, 0x75, 0x6e,
    0x69, 0x30, 0x34, 0x45, 0x38, 0x07, 0x75, 0x6e, 0x69, 0x30, 0x34, 0x45, 0x39, 0x07, 0x75, 0x6e,
    0x69, 0x30, 0x34, 0x46, 0x32, 0x07, 0x75, 0x6e, 0x69, 0x30, 0x34, 0x46, 0x33, 0x07, 0x75, 0x6e,
    0x69, 0x30, 0x39, 0x46, 0x33, 0x07, 0x75, 0x6e, 0x69, 0x30, 0x45, 0x33, 0x46, 0x07, 0x75, 0x6e,
    0x69, 0x31, 0x37, 0x44, 0x42, 0x07, 0x75, 0x6e, 0x69, 0x31, 0x45, 0x30, 0x32, 0x07, 0x75, 0x6e,
    0x69, 0x31, 0x45, 0x30, 0x33, 0x07, 0x75, 0x6e, 0x69, 0x31, 0x45, 0x30, 0x41, 0x07, 0x75, 0x6e,
    0x69, 0x31, 0x45, 0x30, 0x42, 0x07, 0x75, 0x6e, 0x69, 0x31, 0x45, 0x30, 0x43, 0x07, 0x75, 0x6e,
    0x69, 0x31, 0x45, 0x30, 0x44, 0x07, 0x75, 0x6e, 0x69, 0x31, 0x45, 0x31, 0x30, 0x07, 0x75, 0x6e,
    0x69, 0x31, 0x45, 0x31, 0x31, 0x07, 0x75, 0x6e, 0x69, 0x31, 0x45, 0x31, 0x45, 0x07, 0x75, 0x6e,
    0x69, 0x31, 0x45, 0x31, 0x46, 0x07, 0x75, 0x6e, 0x69, 0x31, 0x45, 0x32, 0x34, 0x07, 0x75, 0x6e,
    0x69, 0x31, 0x45, 0x32, 0x35, 0x07, 0x75, 0x6e, 0x69, 0x31, 0x45, 0x33, 0x36, 0x07, 0x75, 0x6e,
    0x69, 0x31, 0x45, 0x33, 0x37, 0x07, 0x75, 0x6e, 0x69, 0x31, 0x45, 0x33, 0x41, 0x07, 0x75, 0x6e,
    0x69, 0x31, 0x45, 0x33, 0x42, 0x07, 0x75, 0x6e, 0x69, 0x31, 0x45, 0x33, 0x45, 0x07, 0x75, 0x6e,
    0x69, 0x31, 0x45, 0x33, 0x46, 0x07, 0x75, 0x6e, 0x69, 0x31, 0x45, 0x34, 0x30, 0x07, 0x75, 0x6e,
    0x69, 0x31, 0x45, 0x34, 0x31, 0x07, 0x75, 0x6e, 0x69, 0x31, 0x45, 0x34, 0x34, 0x07, 0x75, 0x6e,
    0x69, 0x31, 0x45, 0x34, 0x35, 0x07, 0x75, 0x6e, 0x69, 0x31, 0x45, 0x34, 0x38, 0x07, 0x75, 0x6e,
    0x69, 0x31, 0x45, 0x34, 0x39, 0x07, 0x75, 0x6e, 0x69, 0x31, 0x45, 0x35, 0x36, 0x07, 0x75, 0x6e,
    0x69, 0x31, 0x45, 0x35, 0x37, 0x07, 0x75, 0x6e, 0x69, 0x31, 0x45, 0x35, 0x41, 0x07, 0x75, 0x6e,
    0x69, 0x31, 0x45, 0x35, 0x42, 0x07, 0x75, 0x6e, 0x69, 0x31, 0x45, 0x36, 0x30, 0x07, 0x75, 0x6e,
    0x69, 0x31, 0x45, 0x36, 0x31, 0x07, 0x75, 0x6e, 0x69, 0x31, 0x45, 0x36, 0x32, 0x07, 0x75, 0x6e,
    0x69, 0x31, 0x45, 0x36, 0x33, 0x07, 0x75, 0x6e, 0x69, 0x31, 0x45, 0x36, 0x41, 0x07, 0x75, 0x6e,
    0x69, 0x31, 0x45, 0x36, 0x42, 0x07, 0x75, 0x6e, 0x69, 0x31, 0x45, 0x36, 0x43, 0x07, 0x75, 0x6e,
    0x69, 0x31, 0x45, 0x36, 0x44, 0x07, 0x75, 0x6e, 0x69, 0x31, 0x45, 0x37, 0x43, 0x07, 0x75, 0x6e,
    0x69, 0x31, 0x45, 0x37, 0x44, 0x06, 0x57, 0x67, 0x72, 0x61, 0x76, 0x65, 0x06, 0x77, 0x67, 0x72,
    0x61, 0x76, 0x65, 0x06, 0x57, 0x61, 0x63, 0x75, 0x74, 0x65, 0x06, 0x77, 0x61, 0x63, 0x75, 0x74,
    0x65, 0x09, 0x57, 0x64, 0x69, 0x65, 0x72, 0x65, 0x73, 0x69, 0x73, 0x09, 0x77, 0x64, 0x69, 0x65,
    0x72, 0x65, 0x73, 0x69, 0x73, 0x07, 0x75, 0x6e, 0x69, 0x31, 0x45, 0x39, 0x32, 0x07, 0x75, 0x6e,
    0x69, 0x31, 0x45, 0x39, 0x33, 0x07, 0x75, 0x6e, 0x69, 0x31, 0x45, 0x39, 0x42, 0x07, 0x75, 0x6e,
    0x69, 0x31, 0x45, 0x39, 0x43, 0x07, 0x75, 0x6e, 0x69, 0x31, 0x45, 0x39, 0x45, 0x07, 0x75, 0x6e,
    0x69, 0x31, 0x45, 0x41, 0x30, 0x07, 0x75, 0x6e, 0x69, 0x31, 0x45, 0x41, 0x31, 0x07, 0x75, 0x6e,
    0x69, 0x31, 0x45, 0x41, 0x32, 0x07, 0x75, 0x6e, 0x69, 0x31, 0x45, 0x41, 0x33, 0x07, 0x75, 0x6e,
    0x69, 0x31, 0x45, 0x41, 0x34, 0x07, 0x75, 0x6e, 0x69, 0x31, 0x45, 0x41, 0x35, 0x07, 0x75, 0x6e,
    0x69, 0x31, 0x45, 0x41, 0x36, 0x07, 0x75, 0x6e, 0x69, 0x31, 0x45, 0x41, 0x37, 0x07, 0x75, 0x6e,
    0x69, 0x31, 0x45, 0x41, 0x38, 0x07, 0x75, 0x6e, 0x69, 0x31, 0x45, 0x41, 0x39, 0x07, 0x75, 0x6e,
    0x69, 0x31, 0x45, 0x41, 0x41, 0x07, 0x75, 0x6e, 0x69, 0x31, 0x45, 0x41, 0x42, 0x07, 0x75, 0x6e,
    0x69, 0x31, 0x45, 0x41, 0x43, 0x07, 0x75, 0x6e, 0x69, 0x31, 0x45, 0x41, 0x44, 0x07, 0x75, 0x6e,
    0x69, 0x31, 0x45, 0x41, 0x45, 0x07, 0x75, 0x6e, 0x69, 0x31, 0x45, 0x41, 0x46, 0x07, 0x75, 0x6e,
    0x69, 0x31, 0x45, 0x42, 0x30, 0x07, 0x75, 0x6e, 0x69, 0x31, 0x45, 0x42, 0x31, 0x07, 0x75, 0x6e,
    0x69, 0x31, 0x45, 0x42, 0x32, 0x07, 0x75, 0x6e, 0x69, 0x31, 0x45, 0x42, 0x33, 0x07, 0x75, 0x6e,
    0x69, 0x31, 0x45, 0x42, 0x34, 0x07, 0x75, 0x6e, 0x69, 0x31, 0x45, 0x42, 0x35, 0x07, 0x75, 0x6e,
    0x69, 0x31, 0x45, 0x42, 0x36, 0x07, 0x75, 0x6e, 0x69, 0x31, 0x45, 0x42, 0x37, 0x07, 0x75, 0x6e,
    0x69, 0x31, 0x45, 0x42, 0x38, 0x07, 0x75, 0x6e, 0x69, 0x31, 0x45, 0x42, 0x39, 0x07, 0x75, 0x6e,
    0x69, 0x31, 0x45, 0x42, 0x41, 0x07, 0x75, 0x6e, 0x69, 0x31, 0x45, 0x42, 0x42, 0x07, 0x75, 0x6e,
    0x69, 0x31, 0x45, 0x42, 0x43, 0x07, 0x75, 0x6e, 0x69, 0x31, 0x45, 0x42, 0x44, 0x07, 0x75, 0x6e,
    0x69, 0x31, 0x45, 0x42, 0x45, 0x07, 0x75, 0x6e, 0x69, 0x31, 0x45, 0x42, 0x46, 0x07, 0x75, 0x6e,
    0x69, 0x31, 0x45, 0x43, 0x30, 0x07, 0x75, 0x6e, 0x69, 0x31, 0x45, 0x43, 0x31, 0x07, 0x75, 0x6e,
    0x69, 0x31, 0x45, 0x43, 0x32, 0x07, 0x75, 0x6e, 0x69, 0x31, 0x45, 0x43, 0x33, 0x07, 0x75, 0x6e,
    0x69, 0x31, 0x45, 0x43, 0x34, 0x07, 0x75, 0x6e, 0x69, 0x31, 0x45, 0x43, 0x35, 0x07, 0x75, 0x6e,
    0x69, 0x31, 0x45, 0x43, 0x36, 0x07, 0x75, 0x6e, 0x69, 0x31, 0x45, 0x43, 0x37, 0x07, 0x75, 0x6e,
    0x69, 0x31, 0x45, 0x43, 0x38, 0x07, 0x75, 0x6e, 0x69, 0x31, 0x45, 0x43, 0x39, 0x07, 0x75, 0x6e,
    0x69, 0x31, 0x45, 0x43, 0x41, 0x07, 0x75, 0x6e, 0x69, 0x31, 0x45, 0x43, 0x42, 0x07, 0x75, 0x6e,
    0x69, 0x31, 0x45, 0x43, 0x43, 0x07, 0x75, 0x6e, 0x69, 0x31, 0x45, 0x43, 0x44, 0x07, 0x75, 0x6e,
    0x69, 0x31, 0x45, 0x43, 0x45, 0x07, 0x75, 0x6e, 0x69, 0x31, 0x45, 0x43, 0x46, 0x07, 0x75, 0x6e,
    0x69, 0x31, 0x45, 0x44, 0x30, 0x07, 0x75, 0x6e, 0x69, 0x31, 0x45, 0x44, 0x31, 0x07, 0x75, 0x6e,
    0x69, 0x31, 0x45, 0x44, 0x32, 0x07, 0x75, 0x6e, 0x69, 0x31, 0x45, 0x44, 0x33, 0x07, 0x75, 0x6e,
    0x69, 0x31, 0x45, 0x44, 0x34, 0x07, 0x75, 0x6e, 0x69, 0x31, 0x45, 0x44, 0x35, 0x07, 0x75, 0x6e,
    0x69, 0x31, 0x45, 0x44, 0x36, 0x07, 0x75, 0x6e, 0x69, 0x31, 0x45, 0x44, 0x37, 0x07, 0x75, 0x6e,
    0x69, 0x31, 0x45, 0x44, 0x38, 0x07, 0x75, 0x6e, 0x69, 0x31, 0x45, 0x44, 0x39, 0x07, 0x75, 0x6e,
    0x69, 0x31, 0x45, 0x44, 0x41, 0x07, 0x75, 0x6e, 0x69, 0x31, 0x45, 0x44, 0x42, 0x07, 0x75, 0x6e,
    0x69, 0x31, 0x45, 0x44, 0x43, 0x07, 0x75, 0x6e, 0x69, 0x31, 0x45, 0x44, 0x44, 0x07, 0x75, 0x6e,
    0x69, 0x31, 0x45, 0x44, 0x45, 0x07, 0x75, 0x6e, 0x69, 0x31, 0x45, 0x44, 0x46, 0x07, 0x75, 0x6e,
    0x69, 0x31, 0x45, 0x45, 0x30, 0x07, 0x75, 0x6e, 0x69, 0x31, 0x45, 0x45, 0x31, 0x07, 0x75, 0x6e,
    0x69, 0x31, 0x45, 0x45, 0x32, 0x07, 0x75, 0x6e, 0x69, 0x31, 0x45, 0x45, 0x33, 0x07, 0x75, 0x6e,
    0x69, 0x31, 0x45, 0x45, 0x34, 0x07, 0x75, 0x6e, 0x69, 0x31, 0x45, 0x45, 0x35, 0x07, 0x75, 0x6e,
    0x69, 0x31, 0x45, 0x45, 0x36, 0x07, 0x75, 0x6e, 0x69, 0x31, 0x45, 0x45, 0x37, 0x07, 0x75, 0x6e,
    0x69, 0x31, 0x45, 0x45, 0x38, 0x07, 0x75, 0x6e, 0x69, 0x31, 0x45, 0x45, 0x39, 0x07, 0x75, 0x6e,
    0x69, 0x31, 0x45, 0x45, 0x41, 0x07, 0x75, 0x6e, 0x69, 0x31, 0x45, 0x45, 0x42, 0x07, 0x75, 0x6e,
    0x69, 0x31, 0x45, 0x45, 0x43, 0x07, 0x75, 0x6e, 0x69, 0x31, 0x45, 0x45, 0x44, 0x07, 0x75, 0x6e,
    0x69, 0x31, 0x45, 0x45, 0x45, 0x07, 0x75, 0x6e, 0x69, 0x31, 0x45, 0x45, 0x46, 0x07, 0x75, 0x6e,
    0x69, 0x31, 0x45, 0x46, 0x30, 0x07, 0x75, 0x6e, 0x69, 0x31, 0x45, 0x46, 0x31, 0x06, 0x59, 0x67,
    0x72, 0x61, 0x76, 0x65, 0x06, 0x79, 0x67, 0x72, 0x61, 0x76, 0x65, 0x07, 0x75, 0x6e, 0x69, 0x31,
    0x45, 0x46, 0x34, 0x07, 0x75, 0x6e, 0x69, 0x31, 0x45, 0x46, 0x35, 0x07, 0x75, 0x6e, 0x69, 0x31,
    0x45, 0x46, 0x36, 0x07, 0x75, 0x6e, 0x69, 0x31, 0x45, 0x46, 0x37, 0x07, 0x75, 0x6e, 0x69, 0x31,
    0x45, 0x46, 0x38, 0x07, 0x75, 0x6e, 0x69, 0x31, 0x45, 0x46, 0x39, 0x07, 0x75, 0x6e, 0x69, 0x31,
    0x46, 0x37, 0x34, 0x07, 0x75, 0x6e, 0x69, 0x31, 0x46, 0x37, 0x38, 0x07, 0x75, 0x6e, 0x69, 0x31,
    0x46, 0x43, 0x36, 0x07, 0x75, 0x6e, 0x69, 0x31, 0x46, 0x43, 0x41, 0x07, 0x75, 0x6e, 0x69, 0x31,
    0x46, 0x46, 0x36, 0x07, 0x75, 0x6e, 0x69, 0x31, 0x46, 0x46, 0x38, 0x07, 0x75, 0x6e, 0x69, 0x32,
    0x30, 0x31, 0x30, 0x07, 0x75, 0x6e, 0x69, 0x32, 0x30, 0x31, 0x31, 0x0a, 0x66, 0x69, 0x67, 0x75,
    0x72, 0x65, 0x64, 0x61, 0x73, 0x68, 0x07, 0x75, 0x6e, 0x69, 0x32, 0x30, 0x31, 0x35, 0x07, 0x75,
    0x6e, 0x69, 0x32, 0x30, 0x31, 0x36, 0x0d, 0x75, 0x6e, 0x64, 0x65, 0x72, 0x73, 0x63, 0x6f, 0x72,
    0x65, 0x64, 0x62, 0x6c, 0x0d, 0x71, 0x75, 0x6f, 0x74, 0x65, 0x72, 0x65, 0x76, 0x65, 0x72, 0x73,
    0x65, 0x64, 0x07, 0x75, 0x6e, 0x69, 0x32, 0x30, 0x31, 0x46, 0x07, 0x75, 0x6e, 0x69, 0x32, 0x30,
    0x32, 0x33, 0x06, 0x6d, 0x69, 0x6e, 0x75, 0x74, 0x65, 0x06, 0x73, 0x65, 0x63, 0x6f, 0x6e, 0x64,
    0x07, 0x75, 0x6e, 0x69, 0x32, 0x30, 0x33, 0x45, 0x0d, 0x63, 0x6f, 0x6c, 0x6f, 0x6e, 0x6d, 0x6f,
    0x6e, 0x65, 0x74, 0x61, 0x72, 0x79, 0x07, 0x75, 0x6e, 0x69, 0x32, 0x30, 0x41, 0x36, 0x07, 0x75,
    0x6e, 0x69, 0x32, 0x30, 0x41, 0x39, 0x07, 0x75, 0x6e, 0x69, 0x32, 0x30, 0x41, 0x41, 0x04, 0x64,
    0x6f, 0x6e, 0x67, 0x04, 0x45, 0x75, 0x72, 0x6f, 0x07, 0x75, 0x6e, 0x69, 0x32, 0x30, 0x41, 0x44,
    0x07, 0x75, 0x6e, 0x69, 0x32, 0x30, 0x41, 0x45, 0x07, 0x75, 0x6e, 0x69, 0x32, 0x30, 0x42, 0x31,
    0x07, 0x75, 0x6e, 0x69, 0x32, 0x30, 0x42, 0x32, 0x07, 0x75, 0x6e, 0x69, 0x32, 0x30, 0x42, 0x34,
    0x07, 0x75, 0x6e, 0x69, 0x32, 0x30, 0x42, 0x35, 0x07, 0x75, 0x6e, 0x69, 0x32, 0x30, 0x42, 0x38,
    0x07, 0x75, 0x6e, 0x69, 0x32, 0x30, 0x42, 0x39, 0x07, 0x75, 0x6e, 0x69, 0x32, 0x30, 0x42, 0x41,
    0x07, 0x75, 0x6e, 0x69, 0x32, 0x30, 0x42, 0x43, 0x07, 0x75, 0x6e, 0x69, 0x32, 0x30, 0x42, 0x44,
    0x07, 0x75, 0x6e, 0x69, 0x32, 0x30, 0x42, 0x46, 0x07, 0x75, 0x6e, 0x69, 0x32, 0x30, 0x43, 0x30,
    0x07, 0x75, 0x6e, 0x69, 0x32, 0x30, 0x43, 0x31, 0x07, 0x75, 0x6e, 0x69, 0x32, 0x31, 0x31, 0x33,
    0x07, 0x75, 0x6e, 0x69, 0x32, 0x31, 0x31, 0x36, 0x07, 0x75, 0x6e, 0x69, 0x32, 0x31, 0x31, 0x37,
    0x09, 0x65, 0x73, 0x74, 0x69, 0x6d, 0x61, 0x74, 0x65, 0x64, 0x08, 0x65, 0x6d, 0x70, 0x74, 0x79,
    0x73, 0x65, 0x74, 0x0b, 0x65, 0x71, 0x75, 0x69, 0x76, 0x61, 0x6c, 0x65, 0x6e, 0x63, 0x65, 0x07,
    0x75, 0x6e, 0x69, 0x32, 0x32, 0x42, 0x39, 0x07, 0x75, 0x6e, 0x69, 0x32, 0x33, 0x31, 0x38, 0x07,
    0x74, 0x72, 0x69, 0x61, 0x67, 0x75, 0x70, 0x07, 0x75, 0x6e, 0x69, 0x32, 0x35, 0x42, 0x33, 0x07,
    0x75, 0x6e, 0x69, 0x32, 0x35, 0x42, 0x36, 0x07, 0x75, 0x6e, 0x69, 0x32, 0x35, 0x42, 0x37, 0x07,
    0x74, 0x72, 0x69, 0x61, 0x67, 0x64, 0x6e, 0x07, 0x75, 0x6e, 0x69, 0x32, 0x35, 0x42, 0x44, 0x07,
    0x75, 0x6e, 0x69, 0x32, 0x35, 0x43, 0x30, 0x07, 0x75, 0x6e, 0x69, 0x32, 0x35, 0x43, 0x31, 0x07,
    0x75, 0x6e, 0x69, 0x32, 0x36, 0x31, 0x30, 0x07, 0x75, 0x6e, 0x69, 0x32, 0x36, 0x31, 0x31, 0x07,
    0x75, 0x6e, 0x69, 0x32, 0x36, 0x31, 0x32, 0x07, 0x75, 0x6e, 0x69, 0x32, 0x36, 0x31, 0x35, 0x07,
    0x75, 0x6e, 0x69, 0x32, 0x36, 0x31, 0x36, 0x07, 0x75, 0x6e, 0x69, 0x32, 0x36, 0x31, 0x37, 0x07,
    0x75, 0x6e, 0x69, 0x32, 0x36, 0x32, 0x31, 0x07, 0x75, 0x6e, 0x69, 0x32, 0x36, 0x32, 0x46, 0x07,
    0x75, 0x6e, 0x69, 0x32, 0x36, 0x43, 0x39, 0x07, 0x75, 0x6e, 0x69, 0x32, 0x36, 0x43, 0x41, 0x07,
    0x75, 0x6e, 0x69, 0x32, 0x36, 0x44, 0x34, 0x07, 0x75, 0x6e, 0x69, 0x32, 0x36, 0x46, 0x36, 0x07,
    0x75, 0x6e, 0x69, 0x32, 0x45, 0x32, 0x45, 0x07, 0x75, 0x6e, 0x69, 0x32, 0x45, 0x33, 0x38, 0x07,
    0x75, 0x6e, 0x69, 0x32, 0x45, 0x34, 0x42, 0x07, 0x75, 0x6e, 0x69, 0x33, 0x30, 0x30, 0x30, 0x07,
    0x75, 0x6e, 0x69, 0x33, 0x30, 0x31, 0x32, 0x07, 0x75, 0x6e, 0x69, 0x35, 0x31, 0x34, 0x33, 0x07,
    0x75, 0x6e, 0x69, 0x35, 0x31, 0x38, 0x36, 0x07, 0x75, 0x6e, 0x69, 0x38, 0x33, 0x33, 0x36, 0x07,
    0x75, 0x6e, 0x69, 0x39, 0x41, 0x36, 0x43, 0x07, 0x75, 0x6e, 0x69, 0x39, 0x46, 0x39, 0x39, 0x07,
    0x75, 0x6e, 0x69, 0x41, 0x36, 0x36, 0x45, 0x07, 0x75, 0x6e, 0x69, 0x41, 0x37, 0x38, 0x42, 0x07,
    0x75, 0x6e, 0x69, 0x41, 0x37, 0x38, 0x43, 0x07, 0x75, 0x6e, 0x69, 0x46, 0x46, 0x46, 0x44, 0x06,
    0x75, 0x31, 0x44, 0x35, 0x34, 0x46, 0x06, 0x75, 0x31, 0x46, 0x33, 0x37, 0x35, 0x06, 0x75, 0x31,
    0x46, 0x34, 0x37, 0x44, 0x06, 0x75, 0x31, 0x46, 0x34, 0x43, 0x34, 0x06, 0x75, 0x31, 0x46, 0x34,
    0x45, 0x34, 0x06, 0x75, 0x31, 0x46, 0x34, 0x45, 0x35, 0x06, 0x75, 0x31, 0x46, 0x36, 0x41, 0x43,
    0x06, 0x75, 0x31, 0x46, 0x39, 0x31, 0x36, 0x06, 0x75, 0x31, 0x46, 0x39, 0x36, 0x35, 0x07, 0x75,
    0x6e, 0x69, 0x30, 0x30, 0x41, 0x44, 0x0e, 0x6f, 0x6e, 0x65, 0x64, 0x6f, 0x74, 0x65, 0x6e, 0x6c,
    0x65, 0x61, 0x64, 0x65, 0x72, 0x07, 0x75, 0x6e, 0x69, 0x32, 0x32, 0x31, 0x35, 0x05, 0x74, 0x6f,
    0x6e, 0x6f, 0x73, 0x0d, 0x64, 0x69, 0x65, 0x72, 0x65, 0x73, 0x69, 0x73, 0x74, 0x6f, 0x6e, 0x6f,
    0x73, 0x07, 0x75, 0x6e, 0x69, 0x30, 0x33, 0x46, 0x44, 0x07, 0x75, 0x6e, 0x69, 0x30, 0x33, 0x37,
    0x42, 0x07, 0x75, 0x6e, 0x69, 0x30, 0x33, 0x46, 0x45, 0x07, 0x75, 0x6e, 0x69, 0x30, 0x33, 0x37,
    0x43, 0x07, 0x75, 0x6e, 0x69, 0x30, 0x33, 0x46, 0x46, 0x07, 0x75, 0x6e, 0x69, 0x30, 0x33, 0x37,
    0x44, 0x07, 0x75, 0x6e, 0x69, 0x30, 0x33, 0x37, 0x46, 0x07, 0x75, 0x6e, 0x69, 0x30, 0x33, 0x46,
    0x33, 0x07, 0x75, 0x6e, 0x69, 0x30, 0x33, 0x44, 0x38, 0x07, 0x75, 0x6e, 0x69, 0x30, 0x33, 0x44,
    0x39, 0x07, 0x75, 0x6e, 0x69, 0x30, 0x33, 0x37, 0x36, 0x07, 0x75, 0x6e, 0x69, 0x30, 0x33, 0x37,
    0x37, 0x07, 0x75, 0x6e, 0x69, 0x30, 0x33, 0x37, 0x30, 0x07, 0x75, 0x6e, 0x69, 0x30, 0x33, 0x37,
    0x31, 0x00, 0x00, 0x00, 0x00, 0x00, 0x00, 0x01, 0xff, 0xff, 0x00, 0x00, 0x00, 0x00, 0x00, 0x00,
    0x00, 0x0a, 0x00, 0x00, 0x00, 0x00, 0x00, 0x00,
};

} // namespace RetroUI
